national_inv,forecast_3_month,in_transit_qty,went_on_backorder
-0.5954130541524439,1.4430929635357743,-0.4325710959001453,1
0.1867984696490057,1.6750397764520846,0.9598667734222364,0
0.1039144540514755,-0.5681218302071726,-0.4325710959001453,0
0.0467448735305326,-0.5681218302071726,-0.4325710959001453,0
0.5873139771947735,-0.5681218302071726,1.7228559768763452,0
-0.765149220882594,0.3839003938708738,-0.4325710959001453,1
-0.5954130541524439,-0.5681218302071726,-0.4325710959001453,0
-1.022839377182731,0.2192838275796948,-0.4325710959001453,1
-0.5954130541524439,0.7883468038054837,-0.4325710959001453,1
-0.5280520529898413,-0.5681218302071726,-0.4325710959001453,0
-1.022839377182731,-0.5681218302071726,-0.4325710959001453,0
-0.877715807091801,0.7883468038054837,-0.4325710959001453,1
-1.5770433152957206,0.8724232776792274,-0.4325710959001453,1
-1.5770433152957206,0.3839003938708738,-0.4325710959001453,1
-0.2457493000504842,-0.5681218302071726,-0.4325710959001453,0
-1.022839377182731,0.686760772221084,-0.4325710959001453,1
0.7040098483758988,-0.5681218302071726,-0.4325710959001453,0
-0.1783882988878814,2.224039878771318,-0.4325710959001453,1
-1.5770433152957206,0.6476004663777833,-0.4325710959001453,1
-1.5770433152957206,0.2192838275796948,-0.4325710959001453,1
-1.2273795611937608,0.2192838275796948,-0.4325710959001453,1
-0.6731756230807712,-0.5681218302071726,-0.4325710959001453,0
-0.765149220882594,-0.5681218302071726,-0.4325710959001453,0
-1.5770433152957206,0.9441479488442734,-0.4325710959001453,1
-1.5770433152957206,-0.5681218302071726,-0.4325710959001453,0
-1.5770433152957206,-0.0306338506285448,-0.4325710959001453,1
-1.022839377182731,-0.2290046717040085,-0.4325710959001453,0
-1.022839377182731,0.9213883734495016,-0.4325710959001453,1
-1.5770433152957206,0.7567718071583226,-0.4325710959001453,1
-1.2273795611937608,-0.0306338506285448,-0.4325710959001453,1
0.4352322531452082,-0.5681218302071726,-0.4325710959001453,0
-0.4686354390697412,0.4492296453023196,-0.4325710959001453,0
0.6581183921644651,-0.5681218302071726,-0.4325710959001453,0
-0.6731756230807712,-0.5681218302071726,-0.4325710959001453,0
-1.5770433152957206,0.8724232776792274,-0.4325710959001453,1
-0.5954130541524439,-0.5681218302071726,-0.4325710959001453,0
-0.5280520529898413,-0.2290046717040085,-0.4325710959001453,1
0.1216165568165608,1.718025298364073,1.3807963763081137,0
-0.2109452827696042,-0.5681218302071726,-0.4325710959001453,0
-1.022839377182731,-0.5681218302071726,-0.4325710959001453,1
-0.4686354390697412,2.026481078866254,-0.4325710959001453,1
1.098252141870052,-0.5681218302071726,-0.4325710959001453,0
-1.5770433152957206,1.315534557827101,1.1092883969288942,1
1.348356318164092,2.637644445759914,2.49330324865558,0
-1.5770433152957206,0.3084833078746191,-0.4325710959001453,1
-0.765149220882594,-0.5681218302071726,-0.4325710959001453,0
-0.765149220882594,-0.5681218302071726,-0.4325710959001453,0
2.361928994791429,-0.5681218302071726,-0.4325710959001453,0
-0.5280520529898413,-0.5681218302071726,-0.4325710959001453,0
-0.6731756230807712,-0.5681218302071726,-0.4325710959001453,0
-0.5280520529898413,-0.5681218302071726,-0.4325710959001453,0
-1.5770433152957206,1.53095388583332,-0.4325710959001453,1
0.9085500323869288,1.392436448127977,0.0315748605406486,0
-1.5770433152957206,1.315534557827101,0.7672287963606622,1
-0.2109452827696042,-0.5681218302071726,-0.4325710959001453,0
-1.022839377182731,-0.5681218302071726,-0.4325710959001453,1
0.5803558232361381,-0.5681218302071726,-0.4325710959001453,0
-1.5770433152957206,0.8975181445860231,-0.4325710959001453,1
1.1415179153077633,2.1029402156139687,-0.4325710959001453,0
-0.1189716849677815,-0.5681218302071726,-0.4325710959001453,0
0.803241962255395,-0.5681218302071726,0.4957208169814426,0
-1.5770433152957206,0.6050307903411093,-0.4325710959001453,1
-0.877715807091801,1.2720176546932715,-0.4325710959001453,1
0.1867984696490057,3.3823408233879304,4.4441192348709375,0
-1.5770433152957206,3.0456546892300573,-0.4325710959001453,0
-0.0412091160394543,-0.5681218302071726,-0.4325710959001453,1
-0.3674054684639838,-0.5681218302071726,-0.4325710959001453,0
-0.765149220882594,1.0066894853665624,0.4957208169814426,1
-0.2457493000504842,0.9441479488442734,-0.4325710959001453,1
0.0665300824794515,-0.5681218302071726,-0.4325710959001453,0
-1.5770433152957206,0.9658956466438964,-0.4325710959001453,1
-0.2109452827696042,-0.5681218302071726,-0.4325710959001453,0
0.7094635032652221,2.026481078866254,1.173110101473787,0
-1.5770433152957206,-0.0306338506285448,-0.4325710959001453,0
-0.2109452827696042,-0.5681218302071726,-0.4325710959001453,0
-0.765149220882594,-0.0306338506285448,-0.4325710959001453,1
0.1387184713323555,-0.5681218302071726,-0.4325710959001453,0
-1.5770433152957206,0.6476004663777833,-0.4325710959001453,1
-1.5770433152957206,-0.2290046717040085,-0.4325710959001453,1
-0.2831336716225083,-0.5681218302071726,-0.4325710959001453,0
-1.022839377182731,0.4492296453023196,-0.4325710959001453,1
3.115798423706708,3.3507252071514846,5.127796478351158,0
-0.2109452827696042,0.686760772221084,-0.4325710959001453,1
-0.0658217126786743,-0.5681218302071726,1.173110101473787,0
-1.2273795611937608,0.3839003938708738,-0.4325710959001453,1
-0.5280520529898413,-0.5681218302071726,0.3030828399198684,0
0.4535782081534356,1.7041122477305763,2.6025530247998376,0
0.3758156392251084,-0.5681218302071726,-0.4325710959001453,0
-0.4686354390697412,1.3359226179489203,-0.4325710959001453,1
-1.5770433152957206,0.3839003938708738,-0.4325710959001453,1
-1.5770433152957206,0.8180069540049123,-0.4325710959001453,1
-1.5770433152957206,0.1101124867991555,-0.4325710959001453,1
-1.022839377182731,0.6050307903411093,-0.4325710959001453,1
-0.1783882988878814,-0.5681218302071726,-0.4325710959001453,0
0.6640883809412628,1.1984931924996616,0.8704513394670519,0
2.696402718609895,-0.5681218302071726,-0.4325710959001453,0
-0.765149220882594,0.3839003938708738,-0.4325710959001453,1
-1.5770433152957206,0.1101124867991555,-0.4325710959001453,1
-1.022839377182731,0.5068541289500829,-0.4325710959001453,1
-1.5770433152957206,0.6050307903411093,-0.4325710959001453,1
-0.3674054684639838,-0.5681218302071726,-0.4325710959001453,0
-1.022839377182731,1.941643374649341,-0.4325710959001453,1
1.6133311954801712,-0.5681218302071726,1.173110101473787,0
0.1867984696490057,1.4430929635357743,-0.4325710959001453,1
-1.5770433152957206,0.1101124867991555,-0.4325710959001453,1
-0.3235118689788113,-0.5681218302071726,-0.4325710959001453,0
-0.6731756230807712,-0.5681218302071726,-0.4325710959001453,0
-1.5770433152957206,0.3839003938708738,-0.4325710959001453,1
-0.6731756230807712,1.1119311452380842,-0.4325710959001453,1
0.9572942285138464,-0.5681218302071726,0.7672287963606622,0
-1.2273795611937608,0.8180069540049123,-0.4325710959001453,1
-1.5770433152957206,1.684923802372891,-0.4325710959001453,1
1.388028485784402,-0.5681218302071726,1.7228559768763452,0
-0.765149220882594,1.9752045962321263,0.6451424404881,0
-1.022839377182731,-0.2290046717040085,-0.4325710959001453,1
0.0261518851231485,1.53095388583332,-0.4325710959001453,0
-1.5770433152957206,-0.2290046717040085,-0.4325710959001453,1
-0.877715807091801,-0.5681218302071726,-0.4325710959001453,0
-1.5770433152957206,0.3839003938708738,0.3030828399198684,0
-0.2831336716225083,-0.5681218302071726,-0.4325710959001453,0
-1.5770433152957206,0.5068541289500829,-0.4325710959001453,1
-0.0412091160394543,-0.5681218302071726,-0.4325710959001453,0
-1.5770433152957206,-0.0306338506285448,-0.4325710959001453,1
-0.5954130541524439,-0.5681218302071726,-0.4325710959001453,1
-0.877715807091801,-0.0306338506285448,-0.4325710959001453,0
-0.3674054684639838,-0.5681218302071726,-0.4325710959001453,0
0.4352322531452082,1.1571241125080765,-0.4325710959001453,0
-0.0916970337920332,-0.5681218302071726,-0.4325710959001453,0
-1.5770433152957206,-0.0306338506285448,-0.4325710959001453,1
0.6758204949295504,1.4430929635357743,0.8704513394670519,0
-0.2457493000504842,1.3258347833841115,-0.4325710959001453,1
-0.5280520529898413,-0.5681218302071726,-0.4325710959001453,0
2.7940479857451543,-0.5681218302071726,0.6451424404881,0
-1.5770433152957206,0.6050307903411093,-0.4325710959001453,1
0.915808548464602,2.920226408687986,0.4957208169814426,1
-1.5770433152957206,1.1571241125080765,-0.4325710959001453,1
-0.765149220882594,-0.5681218302071726,-0.4325710959001453,0
-0.765149220882594,-0.5681218302071726,-0.4325710959001453,1
1.367847468134109,-0.5681218302071726,-0.4325710959001453,0
-1.5770433152957206,0.9213883734495016,-0.4325710959001453,1
0.0261518851231485,-0.5681218302071726,-0.4325710959001453,0
-1.5770433152957206,0.3084833078746191,-0.4325710959001453,1
-0.3674054684639838,0.5584009860828592,-0.4325710959001453,1
-0.765149220882594,-0.2290046717040085,-0.4325710959001453,0
-1.022839377182731,0.5584009860828592,-0.4325710959001453,1
-0.6731756230807712,0.3084833078746191,-0.4325710959001453,1
-1.5770433152957206,0.5068541289500829,-0.4325710959001453,1
-0.2109452827696042,0.7567718071583226,-0.4325710959001453,0
-0.5954130541524439,-0.5681218302071726,-0.4325710959001453,0
-0.877715807091801,-0.2290046717040085,0.3030828399198684,0
-0.877715807091801,-0.5681218302071726,0.0315748605406486,1
-1.022839377182731,0.9213883734495016,0.6451424404881,1
-0.2831336716225083,-0.5681218302071726,-0.4325710959001453,0
-0.1189716849677815,-0.5681218302071726,-0.4325710959001453,1
0.7510919073680482,2.830164412091235,-0.4325710959001453,1
-1.5770433152957206,0.1101124867991555,-0.4325710959001453,1
-1.5770433152957206,-0.0306338506285448,-0.4325710959001453,1
-0.2457493000504842,-0.5681218302071726,-0.4325710959001453,0
-0.2457493000504842,0.9213883734495016,1.173110101473787,1
-0.5954130541524439,-0.5681218302071726,-0.4325710959001453,0
0.4883822254343152,-0.5681218302071726,-0.4325710959001453,0
-1.5770433152957206,-0.5681218302071726,-0.4325710959001453,0
-1.5770433152957206,-0.2290046717040085,-0.4325710959001453,1
1.730577056147775,2.4399710483846677,2.5805962685689217,0
0.2710702664904812,0.7567718071583226,-0.4325710959001453,0
-0.2831336716225083,-0.5681218302071726,-0.4325710959001453,0
-0.5954130541524439,1.2720176546932715,2.2978338886456955,1
-0.5954130541524439,0.7230175523740379,-0.4325710959001453,1
-1.2273795611937608,0.5068541289500829,-0.4325710959001453,1
-1.5770433152957206,-0.0306338506285448,-0.4325710959001453,0
-1.022839377182731,-0.5681218302071726,-0.4325710959001453,0
-1.5770433152957206,2.1173005693925555,-0.4325710959001453,1
1.1727775350007128,2.549142389165207,2.90455690062273,1
-0.5280520529898413,1.0066894853665624,-0.4325710959001453,1
0.0261518851231485,0.3084833078746191,-0.4325710959001453,0
-0.6731756230807712,0.5068541289500829,-0.4325710959001453,0
0.5941774594511474,1.7781834108893912,1.7987432523486395,0
-0.5280520529898413,0.6050307903411093,-0.4325710959001453,1
-0.4686354390697412,-0.5681218302071726,-0.4325710959001453,0
-1.2273795611937608,0.2192838275796948,-0.4325710959001453,1
-1.5770433152957206,0.5584009860828592,-0.4325710959001453,1
0.9335106512296872,1.718025298364073,2.0702512317278594,0
-1.5770433152957206,-0.0306338506285448,-0.4325710959001453,1
-0.3235118689788113,1.0958889656614867,-0.4325710959001453,0
-1.5770433152957206,1.6111348131964356,-0.4325710959001453,1
-1.2273795611937608,0.8724232776792274,-0.4325710959001453,1
-1.5770433152957206,-0.5681218302071726,-0.4325710959001453,0
-0.5280520529898413,-0.5681218302071726,-0.4325710959001453,1
-0.6731756230807712,0.3839003938708738,-0.4325710959001453,0
-0.877715807091801,-0.5681218302071726,-0.4325710959001453,0
-1.5770433152957206,1.689791928536755,-0.4325710959001453,1
0.3319220397399356,0.9213883734495016,-0.4325710959001453,0
0.0855684990432483,-0.5681218302071726,-0.4325710959001453,0
-0.6731756230807712,0.7883468038054837,0.7672287963606622,0
-1.2273795611937608,2.066202764739999,-0.4325710959001453,1
0.5515217947320558,1.3834592670318746,0.3030828399198684,0
-1.5770433152957206,-0.5681218302071726,-0.4325710959001453,0
1.6042087377723304,-0.5681218302071726,-0.4325710959001453,0
0.9121923454234138,1.5818300881073382,0.3030828399198684,0
-1.022839377182731,-0.5681218302071726,-0.4325710959001453,0
-0.765149220882594,1.4430929635357743,-0.4325710959001453,1
-1.2273795611937608,-0.0306338506285448,-0.4325710959001453,1
-0.877715807091801,-0.5681218302071726,-0.4325710959001453,0
-0.765149220882594,-0.5681218302071726,-0.4325710959001453,0
-1.022839377182731,-0.2290046717040085,-0.4325710959001453,1
1.47121214983982,-0.5681218302071726,-0.4325710959001453,0
-0.6731756230807712,-0.5681218302071726,-0.4325710959001453,1
0.2306920691341782,-0.5681218302071726,-0.4325710959001453,0
-1.5770433152957206,1.0066894853665624,-0.4325710959001453,1
1.1727775350007128,-0.5681218302071726,2.2385366680006897,0
-0.1783882988878814,-0.5681218302071726,0.0315748605406486,0
-0.765149220882594,1.689791928536755,-0.4325710959001453,1
-1.5770433152957206,0.6050307903411093,-0.4325710959001453,1
-1.5770433152957206,0.5584009860828592,-0.4325710959001453,1
-1.5770433152957206,1.616790860501491,-0.4325710959001453,1
-0.877715807091801,0.1101124867991555,0.0315748605406486,1
-0.877715807091801,0.3084833078746191,-0.4325710959001453,1
-1.5770433152957206,0.8724232776792274,-0.4325710959001453,1
-1.5770433152957206,2.205825697212895,-0.4325710959001453,1
-0.765149220882594,-0.5681218302071726,-0.4325710959001453,0
-1.022839377182731,1.0258779307242485,-0.4325710959001453,1
-1.5770433152957206,0.3084833078746191,-0.4325710959001453,1
-1.5770433152957206,1.770029178082959,-0.4325710959001453,1
-1.5770433152957206,0.6476004663777833,-0.4325710959001453,0
-0.1189716849677815,1.649419124816712,-0.4325710959001453,1
-0.6731756230807712,-0.5681218302071726,-0.4325710959001453,0
-0.2457493000504842,1.727085606236835,-0.4325710959001453,1
-0.4686354390697412,0.8180069540049123,-0.4325710959001453,1
-0.2109452827696042,-0.5681218302071726,-0.4325710959001453,0
-1.5770433152957206,0.3084833078746191,-0.4325710959001453,1
-0.415485466780634,-0.5681218302071726,-0.4325710959001453,0
-0.877715807091801,-0.5681218302071726,-0.4325710959001453,0
-0.5954130541524439,1.0958889656614867,1.284973036327954,1
-1.5770433152957206,-0.5681218302071726,-0.4325710959001453,1
-0.2457493000504842,0.3084833078746191,-0.4325710959001453,0
-0.765149220882594,1.062134710877202,-0.4325710959001453,1
0.2018580406300959,-0.5681218302071726,-0.4325710959001453,0
-0.1783882988878814,0.8724232776792274,-0.4325710959001453,0
-0.5280520529898413,1.0066894853665624,0.8704513394670519,1
-0.415485466780634,1.4741664300079511,-0.4325710959001453,1
-1.022839377182731,-0.0306338506285448,-0.4325710959001453,1
1.1392091782617773,-0.5681218302071726,-0.4325710959001453,0
-0.765149220882594,-0.5681218302071726,-0.4325710959001453,0
-0.765149220882594,-0.5681218302071726,-0.4325710959001453,0
0.3964086276324924,1.1119311452380842,0.9598667734222364,0
-0.4686354390697412,-0.5681218302071726,-0.4325710959001453,0
0.8422323783677529,-0.5681218302071726,-0.4325710959001453,1
0.1039144540514755,-0.5681218302071726,-0.4325710959001453,0
0.8822897756089383,2.9586328504065773,3.852062888137563,0
1.6051284429751596,3.0742080763108395,3.686002108627236,0
0.2018580406300959,1.6700218592038678,0.0315748605406486,1
-0.877715807091801,-0.5681218302071726,-0.4325710959001453,0
-1.2273795611937608,1.1713060516577414,-0.4325710959001453,1
-0.415485466780634,0.5584009860828592,-0.4325710959001453,1
0.8252742046034711,-0.5681218302071726,-0.4325710959001453,0
-1.2273795611937608,0.2192838275796948,-0.4325710959001453,1
-0.765149220882594,-0.0306338506285448,-0.4325710959001453,0
-0.2109452827696042,-0.5681218302071726,-0.4325710959001453,1
0.5661447943626426,1.2487159821318428,0.0315748605406486,0
-1.5770433152957206,-0.5681218302071726,-0.4325710959001453,0
0.1867984696490057,-0.5681218302071726,-0.4325710959001453,0
-1.5770433152957206,1.5695983849415964,-0.4325710959001453,1
-0.3235118689788113,0.686760772221084,-0.4325710959001453,1
-0.0916970337920332,-0.5681218302071726,-0.4325710959001453,0
0.4799037373859414,1.4430929635357743,0.3030828399198684,0
-1.5770433152957206,3.1073710320922348,-0.4325710959001453,1
-0.5280520529898413,0.6476004663777833,-0.4325710959001453,1
0.1216165568165608,-0.5681218302071726,-0.4325710959001453,0
-0.877715807091801,-0.5681218302071726,-0.4325710959001453,0
-1.2273795611937608,-0.0306338506285448,0.3030828399198684,0
2.239060118703586,-0.5681218302071726,-0.4325710959001453,0
-1.5770433152957206,0.7230175523740379,-0.4325710959001453,1
-0.5280520529898413,1.392436448127977,0.0315748605406486,1
-1.5770433152957206,0.7567718071583226,-0.4325710959001453,1
-0.765149220882594,-0.5681218302071726,-0.4325710959001453,0
-0.5954130541524439,0.686760772221084,0.3030828399198684,1
-1.5770433152957206,0.1101124867991555,-0.4325710959001453,1
0.6699885436865246,-0.5681218302071726,-0.4325710959001453,0
-0.4686354390697412,0.686760772221084,-0.4325710959001453,1
-0.0658217126786743,1.5695983849415964,0.6451424404881,1
-0.877715807091801,0.9213883734495016,-0.4325710959001453,1
-0.765149220882594,-0.5681218302071726,-0.4325710959001453,0
-1.5770433152957206,0.9441479488442734,-0.4325710959001453,1
-1.5770433152957206,-0.5681218302071726,-0.4325710959001453,1
-1.022839377182731,0.6050307903411093,-0.4325710959001453,1
-0.5954130541524439,0.2192838275796948,-0.4325710959001453,1
2.629885999090428,-0.5681218302071726,-0.4325710959001453,0
-0.4686354390697412,-0.5681218302071726,-0.4325710959001453,0
-1.5770433152957206,0.1101124867991555,-0.4325710959001453,0
0.7560619787430853,-0.5681218302071726,-0.4325710959001453,0
-0.6731756230807712,-0.5681218302071726,-0.4325710959001453,1
-1.5770433152957206,0.8459712874532468,-0.4325710959001453,1
0.6335057955252451,2.365598237369418,0.0315748605406486,1
-1.2273795611937608,-0.5681218302071726,-0.4325710959001453,0
-1.5770433152957206,0.2192838275796948,-0.4325710959001453,1
-1.5770433152957206,-0.0306338506285448,-0.4325710959001453,1
-1.022839377182731,1.0793028809228633,-0.4325710959001453,1
-0.765149220882594,0.3839003938708738,-0.4325710959001453,1
-1.022839377182731,-0.5681218302071726,-0.4325710959001453,0
-1.022839377182731,-0.5681218302071726,-0.4325710959001453,1
-1.5770433152957206,0.2192838275796948,-0.4325710959001453,1
-0.415485466780634,-0.5681218302071726,-0.4325710959001453,0
-1.5770433152957206,1.0793028809228633,-0.4325710959001453,1
-0.6731756230807712,-0.5681218302071726,-0.4325710959001453,0
-1.5770433152957206,0.1101124867991555,-0.4325710959001453,0
-1.5770433152957206,0.2192838275796948,-0.4325710959001453,1
-1.5770433152957206,1.8667085387097304,-0.4325710959001453,1
-1.5770433152957206,1.2487159821318428,-0.4325710959001453,1
-1.5770433152957206,-0.5681218302071726,-0.4325710959001453,0
-1.022839377182731,-0.2290046717040085,-0.4325710959001453,1
-1.5770433152957206,-0.2290046717040085,-0.4325710959001453,1
-1.5770433152957206,0.3839003938708738,-0.4325710959001453,1
-0.877715807091801,0.3839003938708738,-0.4325710959001453,1
-1.022839377182731,0.4492296453023196,-0.4325710959001453,1
-0.0658217126786743,-0.5681218302071726,-0.4325710959001453,0
-1.2273795611937608,0.5068541289500829,-0.4325710959001453,1
-0.765149220882594,-0.5681218302071726,-0.4325710959001453,0
-1.2273795611937608,0.686760772221084,-0.4325710959001453,1
-0.3235118689788113,-0.5681218302071726,-0.4325710959001453,1
-1.022839377182731,0.3084833078746191,-0.4325710959001453,1
-1.5770433152957206,1.0793028809228633,-0.4325710959001453,1
-0.1478057134718639,0.6050307903411093,-0.4325710959001453,0
-0.6731756230807712,-0.5681218302071726,-0.4325710959001453,1
-1.5770433152957206,0.1101124867991555,-0.4325710959001453,1
1.6457186420845396,2.901053631378623,-0.4325710959001453,1
-0.2831336716225083,1.60541261179178,-0.4325710959001453,1
-0.5280520529898413,-0.0306338506285448,-0.4325710959001453,0
-0.877715807091801,-0.5681218302071726,-0.4325710959001453,1
-0.2831336716225083,2.3557638832739096,-0.4325710959001453,1
0.6076304744118864,1.7781834108893912,1.4646082539681988,0
0.8338245476714128,-0.5681218302071726,-0.4325710959001453,0
-0.0412091160394543,-0.5681218302071726,-0.4325710959001453,0
0.92296410338996,1.8633227629627391,1.4646082539681988,0
-0.2109452827696042,-0.5681218302071726,-0.4325710959001453,0
-0.877715807091801,-0.0306338506285448,-0.4325710959001453,1
-0.877715807091801,-0.5681218302071726,-0.4325710959001453,0
-0.6731756230807712,-0.5681218302071726,-0.4325710959001453,0
1.059127257367182,0.7883468038054837,3.211786472660998,1
-1.2273795611937608,-0.0306338506285448,-0.4325710959001453,1
-0.877715807091801,2.2007382062098895,1.5734343533696875,0
-1.5770433152957206,0.5584009860828592,-0.4325710959001453,1
-1.2273795611937608,0.2192838275796948,0.0315748605406486,1
-0.5280520529898413,-0.5681218302071726,-0.4325710959001453,0
-0.6731756230807712,-0.0306338506285448,-0.4325710959001453,1
-1.022839377182731,0.7230175523740379,-0.4325710959001453,1
-0.3674054684639838,-0.5681218302071726,-0.4325710959001453,0
-0.2831336716225083,-0.5681218302071726,-0.4325710959001453,0
-1.5770433152957206,-0.5681218302071726,-0.4325710959001453,1
-1.5770433152957206,0.8724232776792274,-0.4325710959001453,1
-0.3235118689788113,-0.5681218302071726,-0.4325710959001453,1
-0.2831336716225083,0.686760772221084,-0.4325710959001453,1
-0.415485466780634,-0.5681218302071726,-0.4325710959001453,0
-0.5954130541524439,0.6476004663777833,-0.4325710959001453,0
-1.2273795611937608,-0.5681218302071726,-0.4325710959001453,0
-1.2273795611937608,0.5068541289500829,-0.4325710959001453,1
0.004682340171979,-0.5681218302071726,-0.4325710959001453,0
-1.2273795611937608,0.686760772221084,-0.4325710959001453,1
1.007782146266425,-0.5681218302071726,0.6451424404881,0
-1.5770433152957206,0.3084833078746191,-0.4325710959001453,1
1.6721447511526932,-0.5681218302071726,-0.4325710959001453,0
0.7510919073680482,-0.5681218302071726,-0.4325710959001453,0
-1.5770433152957206,0.6476004663777833,-0.4325710959001453,1
-1.022839377182731,-0.5681218302071726,-0.4325710959001453,0
-0.6731756230807712,0.9213883734495016,-0.4325710959001453,1
-1.5770433152957206,1.9056092305151788,-0.4325710959001453,1
-0.4686354390697412,0.8180069540049123,-0.4325710959001453,1
-1.5770433152957206,0.8459712874532468,-0.4325710959001453,1
-0.5954130541524439,1.0443421085287103,0.3030828399198684,1
0.940421145103822,1.80186106244558,0.0315748605406486,0
-0.3674054684639838,-0.5681218302071726,-0.4325710959001453,0
0.0467448735305326,-0.5681218302071726,-0.4325710959001453,0
-1.5770433152957206,0.686760772221084,-0.4325710959001453,1
2.1399757947477864,-0.5681218302071726,-0.4325710959001453,0
-1.022839377182731,-0.5681218302071726,-0.4325710959001453,0
0.7040098483758988,-0.5681218302071726,-0.4325710959001453,0
-1.022839377182731,0.6050307903411093,-0.4325710959001453,1
-1.5770433152957206,0.9213883734495016,-0.4325710959001453,1
1.7474878518266477,-0.5681218302071726,-0.4325710959001453,0
-1.022839377182731,-0.5681218302071726,-0.4325710959001453,0
-0.4686354390697412,-0.5681218302071726,0.0315748605406486,0
-1.5770433152957206,0.3839003938708738,-0.4325710959001453,1
-1.5770433152957206,0.4492296453023196,-0.4325710959001453,1
-1.022839377182731,-0.5681218302071726,-0.4325710959001453,0
-0.0177417143620239,-0.5681218302071726,-0.4325710959001453,0
-0.765149220882594,-0.5681218302071726,-0.4325710959001453,0
-0.877715807091801,-0.5681218302071726,-0.4325710959001453,1
-1.5770433152957206,0.6476004663777833,-0.4325710959001453,1
-0.5280520529898413,-0.5681218302071726,-0.4325710959001453,0
-0.0177417143620239,-0.5681218302071726,-0.4325710959001453,0
2.7916050842930535,-0.5681218302071726,-0.4325710959001453,0
-1.5770433152957206,0.5584009860828592,-0.4325710959001453,1
-1.5770433152957206,1.1119311452380842,-0.4325710959001453,1
-0.5954130541524439,-0.5681218302071726,-0.4325710959001453,0
2.001282558931761,2.562343666109828,5.013457209572005,0
-0.4686354390697412,0.5068541289500829,-0.4325710959001453,1
-0.4686354390697412,0.4492296453023196,-0.4325710959001453,1
-0.877715807091801,0.2192838275796948,-0.4325710959001453,1
2.164512607091211,-0.5681218302071726,0.0315748605406486,0
1.663216054985172,2.475256144717017,-0.4325710959001453,0
-1.022839377182731,-0.5681218302071726,-0.4325710959001453,0
1.587360702559338,2.4848872164151103,1.96702868862147,0
-0.5280520529898413,1.6598289354660951,0.0315748605406486,1
-0.5954130541524439,0.686760772221084,-0.4325710959001453,1
-1.5770433152957206,0.1101124867991555,-0.4325710959001453,1
-1.2273795611937608,-0.5681218302071726,-0.4325710959001453,0
0.5129948220735353,2.0066106263285306,1.038736775739882,0
1.364897411983969,-0.5681218302071726,-0.4325710959001453,0
-1.5770433152957206,0.3084833078746191,-0.4325710959001453,1
-0.765149220882594,-0.5681218302071726,-0.4325710959001453,0
-0.1189716849677815,-0.5681218302071726,-0.4325710959001453,0
-1.022839377182731,0.5068541289500829,-0.4325710959001453,1
-1.5770433152957206,-0.5681218302071726,-0.4325710959001453,0
-1.2273795611937608,-0.5681218302071726,-0.4325710959001453,0
-0.1783882988878814,-0.5681218302071726,-0.4325710959001453,1
-1.5770433152957206,0.3839003938708738,-0.4325710959001453,1
0.0665300824794515,1.0958889656614867,-0.4325710959001453,1
0.3543460942739389,-0.5681218302071726,-0.4325710959001453,0
-0.415485466780634,-0.5681218302071726,-0.4325710959001453,0
-1.2273795611937608,0.3084833078746191,-0.4325710959001453,1
-1.022839377182731,-0.5681218302071726,-0.4325710959001453,1
-1.2273795611937608,0.5068541289500829,0.7672287963606622,1
-1.5770433152957206,0.9867176248809476,-0.4325710959001453,0
-0.2831336716225083,-0.5681218302071726,-0.4325710959001453,0
-1.5770433152957206,0.7567718071583226,-0.4325710959001453,1
-1.5770433152957206,1.0958889656614867,-0.4325710959001453,1
-1.5770433152957206,1.2720176546932715,-0.4325710959001453,1
-1.2273795611937608,0.8724232776792274,-0.4325710959001453,1
0.4063982246411257,-0.5681218302071726,-0.4325710959001453,0
-1.5770433152957206,-0.5681218302071726,-0.4325710959001453,1
-1.022839377182731,0.2192838275796948,-0.4325710959001453,1
-1.5770433152957206,0.3084833078746191,-0.4325710959001453,0
-0.1189716849677815,0.9213883734495016,-0.4325710959001453,0
-0.877715807091801,-0.0306338506285448,-0.4325710959001453,0
-0.2457493000504842,-0.5681218302071726,-0.4325710959001453,0
-1.5770433152957206,1.0958889656614867,-0.4325710959001453,1
-0.2109452827696042,-0.5681218302071726,-0.4325710959001453,0
-1.5770433152957206,1.1850884459564108,-0.4325710959001453,1
2.6873438623261885,-0.5681218302071726,-0.4325710959001453,0
-1.022839377182731,-0.5681218302071726,-0.4325710959001453,0
-1.5770433152957206,1.2720176546932715,-0.4325710959001453,1
-0.877715807091801,0.686760772221084,1.284973036327954,1
-1.2273795611937608,0.3084833078746191,-0.4325710959001453,1
-1.5770433152957206,0.9658956466438964,-0.4325710959001453,1
-0.765149220882594,-0.5681218302071726,-0.4325710959001453,0
-1.5770433152957206,-0.5681218302071726,-0.4325710959001453,0
-1.5770433152957206,0.1101124867991555,-0.4325710959001453,1
-1.5770433152957206,-0.0306338506285448,-0.4325710959001453,1
-0.877715807091801,0.3839003938708738,-0.4325710959001453,1
-0.765149220882594,-0.5681218302071726,-0.4325710959001453,0
-0.3235118689788113,-0.5681218302071726,-0.4325710959001453,0
0.6459621855374788,1.2115404361823916,1.502882732180676,0
-1.5770433152957206,0.6050307903411093,-0.4325710959001453,1
0.2306920691341782,-0.5681218302071726,-0.4325710959001453,0
0.2306920691341782,0.3839003938708738,-0.4325710959001453,1
1.892784626439115,3.239967066105013,1.4240127298630303,0
-0.5280520529898413,-0.5681218302071726,-0.4325710959001453,0
0.8121706584229164,1.7781834108893912,2.2978338886456955,0
-0.2831336716225083,1.2242487517997116,-0.4325710959001453,1
-0.5280520529898413,-0.5681218302071726,-0.4325710959001453,0
-0.2457493000504842,0.7883468038054837,-0.4325710959001453,0
-1.5770433152957206,2.4693851625503203,-0.4325710959001453,1
-0.6731756230807712,-0.5681218302071726,-0.4325710959001453,1
-1.022839377182731,-0.5681218302071726,-0.4325710959001453,0
-1.5770433152957206,0.6050307903411093,-0.4325710959001453,1
1.082964360903608,2.651407452979156,3.052141428135945,1
-0.877715807091801,-0.5681218302071726,-0.4325710959001453,1
-1.5770433152957206,0.9658956466438964,-0.4325710959001453,1
1.042586163547305,2.3129683855656276,2.957449205096374,0
-0.765149220882594,-0.5681218302071726,-0.4325710959001453,0
1.05092450486217,1.2487159821318428,0.0315748605406486,0
-0.1783882988878814,1.1713060516577414,1.038736775739882,0
-1.2273795611937608,-0.5681218302071726,-0.4325710959001453,0
0.3862172069908325,-0.5681218302071726,-0.4325710959001453,1
-1.5770433152957206,0.8180069540049123,-0.4325710959001453,1
-0.5954130541524439,-0.5681218302071726,-0.4325710959001453,0
-1.5770433152957206,0.686760772221084,-0.4325710959001453,1
-1.5770433152957206,0.9441479488442734,-0.4325710959001453,1
-0.765149220882594,1.1984931924996616,-0.4325710959001453,1
-0.4686354390697412,-0.5681218302071726,-0.4325710959001453,0
0.854587073356152,-0.5681218302071726,-0.4325710959001453,1
-1.5770433152957206,0.6050307903411093,-0.4325710959001453,0
-0.1478057134718639,0.3084833078746191,-0.4325710959001453,0
-0.5954130541524439,-0.5681218302071726,-0.4325710959001453,0
-0.5954130541524439,-0.5681218302071726,-0.4325710959001453,0
2.482911204301715,3.688133290390908,3.638680273331562,0
-1.5770433152957206,-0.0306338506285448,-0.4325710959001453,1
-1.2273795611937608,0.1101124867991555,-0.4325710959001453,1
0.004682340171979,-0.5681218302071726,-0.4325710959001453,0
1.4060715538642736,2.538147709775694,2.4673791955998796,0
0.2579667203099265,1.3554949335835398,-0.4325710959001453,0
-0.3674054684639838,-0.5681218302071726,-0.4325710959001453,0
-1.5770433152957206,1.84603323792629,-0.4325710959001453,1
-1.2273795611937608,1.1984931924996616,-0.4325710959001453,1
-0.415485466780634,1.2487159821318428,-0.4325710959001453,1
-0.0916970337920332,-0.5681218302071726,-0.4325710959001453,0
-1.2273795611937608,0.1101124867991555,-0.4325710959001453,1
-0.877715807091801,1.5818300881073382,-0.4325710959001453,1
-0.5954130541524439,0.3084833078746191,-0.4325710959001453,0
2.311753845748169,-0.5681218302071726,-0.4325710959001453,0
-1.5770433152957206,-0.2290046717040085,-0.4325710959001453,1
-1.5770433152957206,0.8975181445860231,-0.4325710959001453,1
-0.5954130541524439,-0.5681218302071726,-0.4325710959001453,1
-0.877715807091801,-0.5681218302071726,-0.4325710959001453,1
-0.4686354390697412,1.731553606631141,-0.4325710959001453,1
-1.2273795611937608,-0.5681218302071726,-0.4325710959001453,0
0.7460723817344526,-0.5681218302071726,-0.4325710959001453,0
0.1712754552140784,2.161719936263319,-0.4325710959001453,1
-1.022839377182731,-0.2290046717040085,-0.4325710959001453,1
-1.5770433152957206,0.7230175523740379,-0.4325710959001453,0
-0.0658217126786743,-0.5681218302071726,-0.4325710959001453,0
-1.022839377182731,-0.5681218302071726,-0.4325710959001453,0
0.5515217947320558,-0.5681218302071726,-0.4325710959001453,0
-1.5770433152957206,0.5068541289500829,-0.4325710959001453,1
-1.022839377182731,0.8180069540049123,-0.4325710959001453,1
-1.2273795611937608,0.5068541289500829,-0.4325710959001453,1
-1.5770433152957206,-0.5681218302071726,-0.4325710959001453,0
1.1596170104314356,3.3490976519483926,-0.4325710959001453,1
-0.415485466780634,-0.5681218302071726,-0.4325710959001453,1
0.8295674914879012,-0.5681218302071726,-0.4325710959001453,0
-1.5770433152957206,1.0958889656614867,-0.4325710959001453,1
-1.2273795611937608,-0.5681218302071726,-0.4325710959001453,1
-1.5770433152957206,0.6476004663777833,-0.4325710959001453,1
-0.765149220882594,-0.5681218302071726,-0.4325710959001453,0
0.320324789584565,-0.5681218302071726,-0.4325710959001453,0
-0.3674054684639838,0.6050307903411093,1.173110101473787,0
1.511498166626836,2.7220514021610054,-0.4325710959001453,0
-1.2273795611937608,-0.0306338506285448,0.3030828399198684,0
-1.5770433152957206,0.7567718071583226,-0.4325710959001453,1
-1.2273795611937608,-0.5681218302071726,-0.4325710959001453,0
0.0467448735305326,-0.5681218302071726,-0.4325710959001453,0
-1.022839377182731,-0.5681218302071726,-0.4325710959001453,0
-0.4686354390697412,-0.5681218302071726,-0.4325710959001453,1
-0.0177417143620239,1.0443421085287103,-0.4325710959001453,0
-1.5770433152957206,-0.2290046717040085,-0.4325710959001453,1
0.725479393327068,-0.5681218302071726,-0.4325710959001453,0
-1.5770433152957206,1.4588763530281292,-0.4325710959001453,1
-0.0177417143620239,1.6700218592038678,-0.4325710959001453,1
0.4063982246411257,-0.5681218302071726,-0.4325710959001453,0
-0.1783882988878814,-0.5681218302071726,-0.4325710959001453,0
-1.5770433152957206,-0.5681218302071726,-0.4325710959001453,1
-0.1478057134718639,1.0066894853665624,-0.4325710959001453,1
0.7307069858491658,-0.5681218302071726,-0.4325710959001453,0
-1.5770433152957206,1.7575371979291914,-0.4325710959001453,1
-0.765149220882594,0.6476004663777833,0.4957208169814426,1
-0.765149220882594,-0.5681218302071726,-0.4325710959001453,1
-1.5770433152957206,0.6476004663777833,-0.4325710959001453,1
-0.765149220882594,-0.5681218302071726,-0.4325710959001453,0
-0.6731756230807712,1.127463962308648,-0.4325710959001453,1
-1.5770433152957206,0.8180069540049123,-0.4325710959001453,1
0.2164810402606826,-0.5681218302071726,-0.4325710959001453,0
-0.2109452827696042,1.1713060516577414,0.3030828399198684,0
-0.877715807091801,0.9213883734495016,-0.4325710959001453,1
-0.877715807091801,-0.5681218302071726,-0.4325710959001453,0
-0.765149220882594,-0.5681218302071726,-0.4325710959001453,0
-0.877715807091801,2.728469704194622,1.284973036327954,1
-1.5770433152957206,0.6050307903411093,-0.4325710959001453,1
-0.765149220882594,0.9867176248809476,0.7672287963606622,1
-0.765149220882594,0.3084833078746191,-0.4325710959001453,1
0.7802033393237299,2.85852098691619,1.9481648758552972,1
0.2306920691341782,-0.5681218302071726,-0.4325710959001453,0
-0.6731756230807712,1.5506575946855556,-0.4325710959001453,1
-1.022839377182731,0.1101124867991555,-0.4325710959001453,1
-1.022839377182731,-0.5681218302071726,-0.4325710959001453,0
-0.877715807091801,-0.5681218302071726,-0.4325710959001453,1
-1.5770433152957206,0.7567718071583226,0.0315748605406486,1
-0.1478057134718639,-0.5681218302071726,-0.4325710959001453,0
0.4535782081534356,-0.5681218302071726,-0.4325710959001453,0
-1.5770433152957206,-0.2290046717040085,-0.4325710959001453,1
3.509920799149923,-0.5681218302071726,-0.4325710959001453,0
0.0261518851231485,-0.5681218302071726,-0.4325710959001453,0
0.4063982246411257,-0.5681218302071726,-0.4325710959001453,0
-1.5770433152957206,0.9441479488442734,-0.4325710959001453,1
0.4625069043209565,1.4430929635357743,1.9087640372938008,1
-0.3235118689788113,-0.5681218302071726,-0.4325710959001453,0
-0.1478057134718639,1.4962412710112405,0.8704513394670519,1
-1.5770433152957206,1.8667085387097304,-0.4325710959001453,1
-0.765149220882594,0.2192838275796948,0.0315748605406486,1
-1.5770433152957206,0.1101124867991555,-0.4325710959001453,1
-0.6731756230807712,-0.5681218302071726,-0.4325710959001453,1
0.1216165568165608,1.689791928536755,-0.4325710959001453,1
-1.5770433152957206,0.8724232776792274,1.173110101473787,1
-0.765149220882594,-0.5681218302071726,-0.4325710959001453,0
-1.5770433152957206,0.6476004663777833,-0.4325710959001453,1
0.4535782081534356,-0.5681218302071726,-0.4325710959001453,0
3.1728382197843907,3.9380183567711895,5.38393203973052,0
1.034107675498931,-0.5681218302071726,-0.4325710959001453,0
-1.5770433152957206,1.1119311452380842,-0.4325710959001453,1
-0.765149220882594,0.3084833078746191,-0.4325710959001453,1
-1.2273795611937608,-0.5681218302071726,-0.4325710959001453,0
-0.2831336716225083,-0.5681218302071726,-0.4325710959001453,0
-0.765149220882594,-0.5681218302071726,-0.4325710959001453,0
-1.5770433152957206,2.476227828537622,-0.4325710959001453,1
-1.022839377182731,0.8180069540049123,-0.4325710959001453,1
-1.2273795611937608,-0.0306338506285448,0.3030828399198684,1
1.3019550507278417,-0.5681218302071726,-0.4325710959001453,0
-1.2273795611937608,0.9658956466438964,0.6451424404881,1
-1.022839377182731,0.6050307903411093,0.0315748605406486,1
0.784896007247168,2.066202764739999,2.664408146229006,0
-0.1189716849677815,-0.5681218302071726,-0.4325710959001453,0
0.5873139771947735,-0.5681218302071726,-0.4325710959001453,0
2.3986833887588066,-0.5681218302071726,-0.4325710959001453,0
-0.1783882988878814,2.2007382062098895,0.4957208169814426,1
-0.6731756230807712,0.6050307903411093,-0.4325710959001453,1
1.1684287307922825,-0.5681218302071726,1.7743907115598958,0
-0.0412091160394543,-0.5681218302071726,-0.4325710959001453,0
1.480708113322218,2.5466269972856597,3.4109151732690934,0
-0.1189716849677815,-0.5681218302071726,-0.4325710959001453,0
-0.1783882988878814,-0.5681218302071726,-0.4325710959001453,1
-0.1783882988878814,0.6050307903411093,-0.4325710959001453,1
-0.1189716849677815,0.9213883734495016,-0.4325710959001453,1
-0.5954130541524439,-0.5681218302071726,-0.4325710959001453,1
-0.4686354390697412,-0.5681218302071726,-0.4325710959001453,0
-1.022839377182731,-0.5681218302071726,-0.4325710959001453,0
-1.2273795611937608,-0.5681218302071726,-0.4325710959001453,0
-0.4686354390697412,-0.5681218302071726,-0.4325710959001453,0
-0.877715807091801,-0.5681218302071726,-0.4325710959001453,1
1.3069579826158062,-0.5681218302071726,1.6372560579145814,0
-0.0177417143620239,-0.5681218302071726,0.4957208169814426,0
-1.2273795611937608,1.062134710877202,-0.4325710959001453,1
-1.022839377182731,-0.5681218302071726,-0.4325710959001453,0
2.4816193773114477,3.2385386194176933,3.903515086019628,0
0.6076304744118864,1.142518769919737,0.9598667734222364,0
-0.5954130541524439,0.1101124867991555,-0.4325710959001453,1
-0.3235118689788113,0.3839003938708738,-0.4325710959001453,0
2.0791648237116456,2.9819682086650916,1.3807963763081137,0
-1.5770433152957206,-0.5681218302071726,-0.4325710959001453,1
-1.5770433152957206,0.2192838275796948,-0.4325710959001453,0
0.320324789584565,-0.5681218302071726,-0.4325710959001453,0
0.6207340205924411,-0.5681218302071726,-0.4325710959001453,0
-1.2273795611937608,-0.5681218302071726,-0.4325710959001453,1
0.5515217947320558,-0.0306338506285448,2.7210295548434305,0
1.1032468179598374,-0.5681218302071726,-0.4325710959001453,0
-0.4686354390697412,0.3084833078746191,-0.4325710959001453,1
0.6459621855374788,1.3743142784764515,-0.4325710959001453,0
-1.2273795611937608,1.0443421085287103,-0.4325710959001453,1
-1.022839377182731,0.3839003938708738,-0.4325710959001453,1
1.5331520558753324,-0.5681218302071726,0.0315748605406486,0
-1.2273795611937608,1.9911595745531945,0.0315748605406486,1
-0.877715807091801,-0.2290046717040085,-0.4325710959001453,1
-0.5954130541524439,-0.5681218302071726,-0.4325710959001453,0
-0.0412091160394543,-0.5681218302071726,-0.4325710959001453,0
-1.5770433152957206,1.2487159821318428,-0.4325710959001453,1
-1.022839377182731,0.3084833078746191,-0.4325710959001453,1
0.3964086276324924,-0.5681218302071726,-0.4325710959001453,0
-0.0177417143620239,-0.5681218302071726,-0.4325710959001453,0
-1.5770433152957206,2.749460724043462,-0.4325710959001453,1
-1.5770433152957206,0.6050307903411093,-0.4325710959001453,1
-1.022839377182731,-0.5681218302071726,-0.4325710959001453,0
0.6076304744118864,1.3458066438697265,-0.4325710959001453,0
0.3758156392251084,-0.5681218302071726,-0.4325710959001453,0
0.004682340171979,-0.5681218302071726,-0.4325710959001453,0
-1.022839377182731,0.5584009860828592,-0.4325710959001453,1
-1.2273795611937608,-0.5681218302071726,-0.4325710959001453,0
1.324888916486662,-0.5681218302071726,-0.4325710959001453,0
-0.765149220882594,-0.5681218302071726,-0.4325710959001453,1
-1.5770433152957206,-0.5681218302071726,-0.4325710959001453,1
1.1081925258486456,-0.5681218302071726,-0.4325710959001453,0
-1.5770433152957206,1.3359226179489203,-0.4325710959001453,1
-1.5770433152957206,0.5584009860828592,-0.4325710959001453,1
-0.415485466780634,0.9658956466438964,-0.4325710959001453,0
1.8437165648081404,2.9111331523476247,3.434190286521117,0
-1.5770433152957206,-0.0306338506285448,-0.4325710959001453,1
1.6097019844023654,-0.5681218302071726,0.6451424404881,0
0.7410024077619953,-0.5681218302071726,-0.4325710959001453,0
-0.1478057134718639,1.941643374649341,-0.4325710959001453,1
0.4967205667491803,-0.5681218302071726,-0.4325710959001453,0
-1.022839377182731,0.686760772221084,-0.4325710959001453,1
-0.5954130541524439,2.15240074701428,-0.4325710959001453,0
-0.2831336716225083,-0.5681218302071726,-0.4325710959001453,0
-1.2273795611937608,-0.5681218302071726,-0.4325710959001453,1
-1.5770433152957206,1.1571241125080765,-0.4325710959001453,1
-1.2273795611937608,0.3839003938708738,-0.4325710959001453,1
-0.5954130541524439,-0.5681218302071726,-0.4325710959001453,1
-1.5770433152957206,0.8180069540049123,-0.4325710959001453,1
-1.022839377182731,-0.5681218302071726,-0.4325710959001453,1
-0.415485466780634,0.686760772221084,-0.4325710959001453,1
-0.6731756230807712,-0.5681218302071726,0.0315748605406486,0
0.5287604227906182,-0.5681218302071726,-0.4325710959001453,0
-0.3674054684639838,-0.5681218302071726,-0.4325710959001453,0
1.085544715194752,2.1213272805421024,2.2508236378620325,0
0.4712803109185204,-0.5681218302071726,-0.4325710959001453,0
-0.5280520529898413,-0.5681218302071726,-0.4325710959001453,0
-0.6731756230807712,0.5584009860828592,-0.4325710959001453,1
-1.5770433152957206,0.5068541289500829,-0.4325710959001453,1
1.56894423833805,2.1312514066754513,2.8906542337018863,0
-1.022839377182731,0.3084833078746191,-0.4325710959001453,1
-1.5770433152957206,1.0066894853665624,-0.4325710959001453,1
0.9831695496272048,2.4399710483846677,3.4152076307216026,0
-0.0412091160394543,0.6050307903411093,-0.4325710959001453,1
-0.415485466780634,-0.5681218302071726,-0.4325710959001453,0
-1.022839377182731,0.3084833078746191,-0.4325710959001453,1
-1.022839377182731,-0.5681218302071726,-0.4325710959001453,0
1.7160383506378656,2.552476253124484,-0.4325710959001453,0
1.492332087614168,2.942433721049935,2.935916125608226,1
-1.5770433152957206,0.5584009860828592,-0.4325710959001453,1
-0.3235118689788113,-0.5681218302071726,-0.4325710959001453,0
-0.2109452827696042,-0.5681218302071726,-0.4325710959001453,1
0.5873139771947735,-0.5681218302071726,-0.4325710959001453,0
0.9606021627541153,-0.5681218302071726,-0.4325710959001453,1
-0.5280520529898413,-0.5681218302071726,-0.4325710959001453,0
-1.022839377182731,-0.0306338506285448,-0.4325710959001453,1
-1.2273795611937608,1.2720176546932715,-0.4325710959001453,1
-0.415485466780634,1.2115404361823916,-0.4325710959001453,1
-0.765149220882594,0.2192838275796948,-0.4325710959001453,1
2.680849996671557,2.9520706301385284,3.430018179132864,0
-0.5280520529898413,1.6700218592038678,-0.4325710959001453,1
-1.5770433152957206,0.686760772221084,-0.4325710959001453,1
-0.765149220882594,0.9213883734495016,0.4957208169814426,1
1.5609841810430798,1.689791928536755,1.539087282718291,0
-1.022839377182731,0.8459712874532468,-0.4325710959001453,1
-1.5770433152957206,0.8459712874532468,-0.4325710959001453,1
-0.5280520529898413,-0.5681218302071726,-0.4325710959001453,0
-0.877715807091801,-0.5681218302071726,-0.4325710959001453,1
-0.3235118689788113,0.5584009860828592,-0.4325710959001453,0
-0.2109452827696042,-0.5681218302071726,-0.4325710959001453,1
-1.2273795611937608,0.9441479488442734,-0.4325710959001453,1
-1.2273795611937608,-0.5681218302071726,-0.4325710959001453,0
-1.2273795611937608,-0.5681218302071726,-0.4325710959001453,1
-0.3674054684639838,1.4267833651808035,0.3030828399198684,1
-0.2831336716225083,0.7230175523740379,-0.4325710959001453,1
-1.022839377182731,0.8180069540049123,-0.4325710959001453,1
0.4625069043209565,2.371645813047943,0.8704513394670519,1
-0.5954130541524439,1.0793028809228633,-0.4325710959001453,1
0.3432586553433853,-0.5681218302071726,-0.4325710959001453,0
-1.5770433152957206,1.142518769919737,-0.4325710959001453,1
-0.6731756230807712,-0.5681218302071726,-0.4325710959001453,0
-1.2273795611937608,1.824445501757274,-0.4325710959001453,1
-0.1783882988878814,-0.5681218302071726,-0.4325710959001453,0
-1.5770433152957206,0.6050307903411093,-0.4325710959001453,0
2.8841177187819436,-0.5681218302071726,-0.4325710959001453,0
0.1552595651522323,2.4693851625503203,1.539087282718291,1
-1.5770433152957206,0.2192838275796948,-0.4325710959001453,1
-0.4686354390697412,0.6476004663777833,-0.4325710959001453,0
-1.5770433152957206,0.2192838275796948,-0.4325710959001453,1
-1.022839377182731,-0.5681218302071726,-0.4325710959001453,0
-0.5280520529898413,-0.5681218302071726,-0.4325710959001453,0
-0.0412091160394543,-0.5681218302071726,-0.4325710959001453,0
-0.1478057134718639,-0.5681218302071726,-0.4325710959001453,0
-0.4686354390697412,-0.5681218302071726,-0.4325710959001453,0
-0.2831336716225083,-0.5681218302071726,-0.4325710959001453,1
-1.5770433152957206,0.1101124867991555,-0.4325710959001453,1
1.2952063458749852,2.190401709559497,2.200262189788212,0
0.2838420414232854,-0.5681218302071726,-0.4325710959001453,0
0.4535782081534356,1.9989460939692592,2.2385366680006897,0
-1.5770433152957206,-0.5681218302071726,-0.4325710959001453,0
-0.3235118689788113,-0.5681218302071726,-0.4325710959001453,0
-1.2273795611937608,0.3084833078746191,-0.4325710959001453,1
0.6076304744118864,1.2720176546932715,-0.4325710959001453,0
-0.5280520529898413,0.3839003938708738,-0.4325710959001453,0
-0.6731756230807712,0.6050307903411093,-0.4325710959001453,1
-0.5954130541524439,0.2192838275796948,-0.4325710959001453,1
1.3794781427164604,-0.5681218302071726,-0.4325710959001453,0
0.4161938365814114,1.917917870721943,1.7228559768763452,1
-1.5770433152957206,-0.0306338506285448,0.0315748605406486,1
-1.022839377182731,-0.5681218302071726,0.7672287963606622,0
-0.6731756230807712,0.3084833078746191,-0.4325710959001453,1
-0.415485466780634,-0.5681218302071726,-0.4325710959001453,0
-1.022839377182731,0.1101124867991555,-0.4325710959001453,1
-0.877715807091801,-0.5681218302071726,-0.4325710959001453,0
0.9539644595661042,2.2630751385710366,-0.4325710959001453,1
-0.415485466780634,-0.5681218302071726,-0.4325710959001453,0
-0.0412091160394543,-0.5681218302071726,-0.4325710959001453,0
-0.3674054684639838,-0.5681218302071726,-0.4325710959001453,0
0.4625069043209565,-0.5681218302071726,-0.4325710959001453,1
1.2672707292985188,2.1429005913704073,1.8449423327489076,0
-0.877715807091801,0.9213883734495016,-0.4325710959001453,1
-0.0412091160394543,-0.5681218302071726,-0.4325710959001453,0
-0.5954130541524439,1.6333769452401143,-0.4325710959001453,1
-0.4686354390697412,-0.5681218302071726,-0.4325710959001453,0
-0.3674054684639838,-0.5681218302071726,-0.4325710959001453,0
0.0467448735305326,1.926950299138171,1.6955207092422502,1
-0.5954130541524439,1.3458066438697265,1.6955207092422502,0
-0.6731756230807712,0.3084833078746191,-0.4325710959001453,1
1.2261439664924638,2.077297177621418,2.226020021899878,0
-0.2831336716225083,-0.5681218302071726,-0.4325710959001453,0
-1.022839377182731,0.3839003938708738,-0.4325710959001453,1
-0.3674054684639838,-0.5681218302071726,-0.4325710959001453,0
1.095736135836412,-0.5681218302071726,-0.4325710959001453,0
-0.415485466780634,1.0066894853665624,-0.4325710959001453,1
-1.2273795611937608,0.686760772221084,-0.4325710959001453,1
0.4883822254343152,-0.5681218302071726,-0.4325710959001453,0
-1.5770433152957206,1.3743142784764515,-0.4325710959001453,1
-1.5770433152957206,-0.2290046717040085,-0.4325710959001453,1
-1.5770433152957206,0.5068541289500829,-0.4325710959001453,1
-1.5770433152957206,0.6050307903411093,1.173110101473787,1
0.0467448735305326,0.9441479488442734,-0.4325710959001453,1
-1.5770433152957206,-0.5681218302071726,-0.4325710959001453,1
-1.5770433152957206,0.9658956466438964,-0.4325710959001453,1
-0.5280520529898413,-0.5681218302071726,-0.4325710959001453,0
-0.877715807091801,-0.5681218302071726,-0.4325710959001453,1
-1.2273795611937608,1.062134710877202,-0.4325710959001453,1
-0.3674054684639838,1.3554949335835398,0.3030828399198684,1
-0.1783882988878814,1.7781834108893912,-0.4325710959001453,1
-0.3674054684639838,-0.5681218302071726,-0.4325710959001453,0
2.2471025637098387,3.207317722073749,3.7628066035757857,0
-0.6731756230807712,-0.5681218302071726,-0.4325710959001453,0
-1.5770433152957206,0.3084833078746191,-0.4325710959001453,1
-0.3674054684639838,1.2487159821318428,-0.4325710959001453,1
-0.4686354390697412,-0.5681218302071726,-0.4325710959001453,0
-0.765149220882594,-0.5681218302071726,-0.4325710959001453,0
-1.5770433152957206,1.3258347833841115,-0.4325710959001453,1
-1.5770433152957206,0.7230175523740379,-0.4325710959001453,1
-1.5770433152957206,0.1101124867991555,-0.4325710959001453,1
0.2164810402606826,1.5173629384722735,-0.4325710959001453,0
0.7148588291767358,-0.5681218302071726,-0.4325710959001453,0
-0.3674054684639838,-0.5681218302071726,-0.4325710959001453,0
0.893711957859022,1.8865454170885845,-0.4325710959001453,0
-1.5770433152957206,1.563365910302876,-0.4325710959001453,1
-1.5770433152957206,-0.0306338506285448,-0.4325710959001453,1
0.4352322531452082,-0.5681218302071726,-0.4325710959001453,0
-1.022839377182731,-0.5681218302071726,-0.4325710959001453,0
-0.1783882988878814,-0.5681218302071726,-0.4325710959001453,0
1.247126347558335,-0.5681218302071726,-0.4325710959001453,0
-0.6731756230807712,1.689791928536755,-0.4325710959001453,1
-1.5770433152957206,2.473306968262871,-0.4325710959001453,1
2.229823116845204,2.974663348111113,1.8222411394545417,0
-0.2457493000504842,2.4644382787167984,1.038736775739882,1
-1.2273795611937608,0.5068541289500829,-0.4325710959001453,1
-1.5770433152957206,1.1713060516577414,-0.4325710959001453,1
2.4567641943900713,2.901053631378623,4.281920412314809,0
-0.1783882988878814,-0.5681218302071726,-0.4325710959001453,0
0.365195075074776,-0.5681218302071726,-0.4325710959001453,1
-1.5770433152957206,0.6476004663777833,-0.4325710959001453,1
-0.5954130541524439,-0.5681218302071726,-0.4325710959001453,0
-0.0177417143620239,1.1984931924996616,0.3030828399198684,1
-0.3674054684639838,-0.5681218302071726,-0.4325710959001453,1
-0.877715807091801,-0.5681218302071726,-0.4325710959001453,1
-0.3674054684639838,0.9441479488442734,0.7672287963606622,1
-1.5770433152957206,0.3839003938708738,-0.4325710959001453,0
-1.5770433152957206,-0.0306338506285448,-0.4325710959001453,1
-1.5770433152957206,0.3839003938708738,0.8704513394670519,1
-0.877715807091801,-0.5681218302071726,-0.4325710959001453,0
0.0855684990432483,2.045575898227509,2.08600774857203,1
-0.877715807091801,0.4492296453023196,-0.4325710959001453,1
-0.877715807091801,-0.5681218302071726,-0.4325710959001453,0
1.7855152549249016,-0.5681218302071726,-0.4325710959001453,0
-0.0658217126786743,1.5506575946855556,1.667021894713126,1
0.7460723817344526,-0.5681218302071726,-0.4325710959001453,1
-1.5770433152957206,0.7230175523740379,-0.4325710959001453,1
-1.5770433152957206,0.9213883734495016,-0.4325710959001453,1
-0.6731756230807712,0.2192838275796948,-0.4325710959001453,1
-0.1783882988878814,2.0289090870399193,-0.4325710959001453,1
0.0665300824794515,1.8530225374057288,-0.4325710959001453,1
-0.5280520529898413,-0.5681218302071726,-0.4325710959001453,0
-1.2273795611937608,0.7883468038054837,-0.4325710959001453,1
0.0261518851231485,1.5818300881073382,-0.4325710959001453,1
-1.022839377182731,-0.5681218302071726,-0.4325710959001453,0
-1.5770433152957206,0.3084833078746191,-0.4325710959001453,1
0.1712754552140784,2.232100071665332,0.4957208169814426,1
0.5515217947320558,2.5783595853797796,2.0541150034646085,1
1.098252141870052,-0.5681218302071726,0.3030828399198684,0
-1.5770433152957206,1.142518769919737,-0.4325710959001453,1
0.365195075074776,-0.5681218302071726,-0.4325710959001453,0
-0.5954130541524439,-0.5681218302071726,-0.4325710959001453,0
-1.5770433152957206,0.2192838275796948,-0.4325710959001453,1
-0.5954130541524439,-0.5681218302071726,-0.4325710959001453,0
1.100755661470008,-0.5681218302071726,-0.4325710959001453,0
0.1552595651522323,-0.5681218302071726,-0.4325710959001453,1
0.6520769048170684,1.0066894853665624,0.0315748605406486,0
-0.2109452827696042,1.1119311452380842,-0.4325710959001453,1
-1.5770433152957206,1.689791928536755,-0.4325710959001453,1
-0.1783882988878814,0.4492296453023196,-0.4325710959001453,0
-0.3235118689788113,1.1984931924996616,-0.4325710959001453,1
-1.5770433152957206,-0.2290046717040085,-0.4325710959001453,1
-0.2109452827696042,1.2487159821318428,-0.4325710959001453,0
1.4651850988872908,2.2041357382169973,-0.4325710959001453,0
-0.2457493000504842,1.873410597527548,-0.4325710959001453,1
-0.2109452827696042,-0.5681218302071726,-0.4325710959001453,0
-0.4686354390697412,-0.5681218302071726,-0.4325710959001453,0
0.3964086276324924,1.0443421085287103,0.6451424404881,0
-1.5770433152957206,0.8459712874532468,-0.4325710959001453,1
-0.6731756230807712,0.6476004663777833,0.3030828399198684,0
-0.2109452827696042,-0.5681218302071726,-0.4325710959001453,0
-0.765149220882594,0.8459712874532468,-0.4325710959001453,1
-1.2273795611937608,-0.2290046717040085,-0.4325710959001453,1
0.6397724371562382,2.0902866833395035,1.284973036327954,1
-0.1189716849677815,-0.5681218302071726,2.0541150034646085,0
-1.2273795611937608,0.1101124867991555,-0.4325710959001453,1
-1.022839377182731,1.557053014419156,0.7672287963606622,1
-0.765149220882594,-0.5681218302071726,-0.4325710959001453,0
-1.5770433152957206,0.3084833078746191,-0.4325710959001453,1
-1.5770433152957206,-0.5681218302071726,-0.4325710959001453,1
0.940421145103822,-0.5681218302071726,-0.4325710959001453,0
0.1216165568165608,0.5584009860828592,0.0315748605406486,0
-0.765149220882594,-0.2290046717040085,-0.4325710959001453,0
-1.2273795611937608,-0.2290046717040085,-0.4325710959001453,1
-1.2273795611937608,0.8724232776792274,-0.4325710959001453,1
-0.0412091160394543,-0.5681218302071726,2.2978338886456955,0
1.499180041152681,2.8655796145727908,2.5805962685689217,0
0.2838420414232854,-0.5681218302071726,-0.4325710959001453,0
-0.2831336716225083,1.80186106244558,-0.4325710959001453,1
1.1392091782617773,0.4492296453023196,0.8704513394670519,0
-1.022839377182731,-0.5681218302071726,-0.4325710959001453,1
0.4967205667491803,-0.5681218302071726,-0.4325710959001453,0
-1.5770433152957206,1.699385228901109,-0.4325710959001453,1
-1.5770433152957206,0.2192838275796948,0.0315748605406486,1
-1.5770433152957206,0.1101124867991555,-0.4325710959001453,0
0.2838420414232854,-0.5681218302071726,-0.4325710959001453,0
-1.2273795611937608,-0.5681218302071726,-0.4325710959001453,0
-0.765149220882594,0.5068541289500829,1.173110101473787,0
0.004682340171979,-0.5681218302071726,-0.4325710959001453,0
2.71912059661869,-0.5681218302071726,-0.4325710959001453,0
0.2018580406300959,-0.5681218302071726,-0.4325710959001453,0
-0.877715807091801,-0.0306338506285448,-0.4325710959001453,0
-0.877715807091801,1.9387398489589935,-0.4325710959001453,1
-1.022839377182731,-0.5681218302071726,-0.4325710959001453,0
-0.1478057134718639,2.1111976714272234,0.3030828399198684,1
2.133892125257489,-0.5681218302071726,-0.4325710959001453,0
0.7307069858491658,-0.5681218302071726,-0.4325710959001453,0
0.320324789584565,-0.5681218302071726,-0.4325710959001453,0
-1.5770433152957206,-0.2290046717040085,-0.4325710959001453,1
-1.022839377182731,-0.0306338506285448,-0.4325710959001453,1
-0.2457493000504842,-0.5681218302071726,-0.4325710959001453,1
-0.765149220882594,0.9213883734495016,-0.4325710959001453,1
1.3619300024625725,2.1111976714272234,1.173110101473787,0
0.6207340205924411,2.961881245804436,1.7228559768763452,1
0.8252742046034711,-0.5681218302071726,-0.4325710959001453,0
-1.022839377182731,0.8975181445860231,-0.4325710959001453,1
1.4453998899383718,2.374044066099576,3.2753445987456464,0
-0.3674054684639838,1.8633227629627391,-0.4325710959001453,1
-0.3674054684639838,-0.5681218302071726,-0.4325710959001453,0
0.3319220397399356,-0.5681218302071726,-0.4325710959001453,0
-0.2831336716225083,-0.5681218302071726,-0.4325710959001453,0
-0.5954130541524439,0.686760772221084,-0.4325710959001453,1
-0.877715807091801,-0.2290046717040085,0.3030828399198684,1
-1.022839377182731,-0.5681218302071726,-0.4325710959001453,0
-0.3674054684639838,-0.5681218302071726,-0.4325710959001453,0
1.9056083511339776,-0.5681218302071726,-0.4325710959001453,0
-1.5770433152957206,0.9441479488442734,-0.4325710959001453,1
-1.022839377182731,-0.5681218302071726,-0.4325710959001453,0
-1.5770433152957206,-0.5681218302071726,-0.4325710959001453,1
-1.2273795611937608,-0.5681218302071726,-0.4325710959001453,1
-1.5770433152957206,1.817032592625003,-0.4325710959001453,1
0.4712803109185204,-0.5681218302071726,-0.4325710959001453,0
-0.877715807091801,0.7567718071583226,-0.4325710959001453,1
0.0467448735305326,1.3359226179489203,1.539087282718291,1
-1.5770433152957206,1.2720176546932715,-0.4325710959001453,1
-0.3674054684639838,-0.5681218302071726,-0.4325710959001453,0
-1.2273795611937608,-0.2290046717040085,-0.4325710959001453,1
0.9894361912581976,-0.5681218302071726,1.7228559768763452,0
-1.2273795611937608,-0.5681218302071726,-0.4325710959001453,0
0.9369777312967332,-0.5681218302071726,0.0315748605406486,0
0.0665300824794515,-0.5681218302071726,-0.4325710959001453,0
-0.6731756230807712,-0.5681218302071726,-0.4325710959001453,0
-0.415485466780634,-0.5681218302071726,-0.4325710959001453,0
-0.5280520529898413,-0.5681218302071726,-0.4325710959001453,0
3.0766987608880503,-0.5681218302071726,-0.4325710959001453,0
0.9736211605117748,2.5574348358698265,-0.4325710959001453,1
-1.022839377182731,1.4741664300079511,-0.4325710959001453,1
0.4967205667491803,1.3554949335835398,0.3030828399198684,0
-1.5770433152957206,1.2242487517997116,-0.4325710959001453,1
0.0261518851231485,-0.5681218302071726,-0.4325710959001453,0
-1.2273795611937608,-0.5681218302071726,-0.4325710959001453,0
-1.5770433152957206,-0.0306338506285448,-0.4325710959001453,1
1.412842906056649,2.296429031104785,3.404424449722572,0
-1.5770433152957206,0.1101124867991555,-0.4325710959001453,1
-0.765149220882594,-0.5681218302071726,-0.4325710959001453,0
-0.765149220882594,0.8180069540049123,-0.4325710959001453,1
0.3084546380625055,1.142518769919737,1.8222411394545417,0
0.1216165568165608,-0.5681218302071726,-0.4325710959001453,0
-0.5954130541524439,-0.5681218302071726,-0.4325710959001453,0
-0.6731756230807712,0.3084833078746191,-0.4325710959001453,0
-0.3674054684639838,-0.5681218302071726,-0.4325710959001453,0
-0.3235118689788113,0.686760772221084,-0.4325710959001453,1
-1.022839377182731,0.5068541289500829,-0.4325710959001453,1
-1.5770433152957206,1.488993099287626,-0.4325710959001453,1
-1.022839377182731,0.686760772221084,-0.4325710959001453,1
-1.5770433152957206,0.5584009860828592,-0.4325710959001453,1
-1.5770433152957206,0.3084833078746191,-0.4325710959001453,1
-1.5770433152957206,0.5584009860828592,-0.4325710959001453,1
-1.5770433152957206,-0.2290046717040085,-0.4325710959001453,1
-1.5770433152957206,0.9867176248809476,-0.4325710959001453,1
-1.022839377182731,0.2192838275796948,-0.4325710959001453,0
0.1039144540514755,-0.5681218302071726,-0.4325710959001453,0
-1.2273795611937608,0.2192838275796948,-0.4325710959001453,1
2.2122066178338944,3.4571918326571462,4.443658855980609,0
1.120348732475632,-0.5681218302071726,-0.4325710959001453,0
-1.5770433152957206,1.2487159821318428,-0.4325710959001453,1
-0.765149220882594,-0.5681218302071726,-0.4325710959001453,0
-0.3674054684639838,-0.5681218302071726,-0.4325710959001453,0
-1.5770433152957206,2.473306968262871,-0.4325710959001453,1
0.967153659565359,2.5372916419407328,1.6061052752870657,0
-1.5770433152957206,0.6050307903411093,-0.4325710959001453,1
-1.2273795611937608,0.8975181445860231,-0.4325710959001453,1
-1.2273795611937608,0.3839003938708738,0.0315748605406486,1
1.388028485784402,-0.5681218302071726,-0.4325710959001453,0
-0.0177417143620239,2.497130693381925,-0.4325710959001453,1
-0.2831336716225083,-0.5681218302071726,-0.4325710959001453,0
2.3758780355188023,-0.5681218302071726,-0.4325710959001453,0
-1.2273795611937608,0.686760772221084,-0.4325710959001453,1
-0.3235118689788113,1.1119311452380842,-0.4325710959001453,1
-0.765149220882594,0.8180069540049123,-0.4325710959001453,1
-0.1189716849677815,0.6050307903411093,-0.4325710959001453,1
-1.2273795611937608,-0.5681218302071726,-0.4325710959001453,0
-0.765149220882594,-0.5681218302071726,-0.4325710959001453,0
1.048160343622728,1.60541261179178,2.0206269721479675,0
-0.5954130541524439,1.8425007847256885,-0.4325710959001453,1
0.0665300824794515,0.7567718071583226,-0.4325710959001453,0
-0.3674054684639838,-0.5681218302071726,-0.4325710959001453,0
-1.5770433152957206,0.6050307903411093,-0.4325710959001453,1
0.893711957859022,1.563365910302876,-0.4325710959001453,0
-0.5954130541524439,0.4492296453023196,0.4957208169814426,0
-0.5280520529898413,-0.5681218302071726,-0.4325710959001453,0
-1.022839377182731,-0.5681218302071726,-0.4325710959001453,0
-1.5770433152957206,0.3839003938708738,-0.4325710959001453,1
-1.5770433152957206,0.686760772221084,-0.4325710959001453,1
-1.022839377182731,0.2192838275796948,-0.4325710959001453,1
0.9539644595661042,-0.5681218302071726,-0.4325710959001453,1
1.1179408130397035,2.4019419399074016,2.458509912696359,0
-1.5770433152957206,0.3084833078746191,-0.4325710959001453,1
1.24899125971563,-0.5681218302071726,-0.4325710959001453,0
-0.877715807091801,-0.0306338506285448,-0.4325710959001453,0
-1.022839377182731,-0.5681218302071726,-0.4325710959001453,0
-0.877715807091801,-0.5681218302071726,-0.4325710959001453,0
-0.1478057134718639,1.142518769919737,-0.4325710959001453,1
-0.6731756230807712,0.6050307903411093,-0.4325710959001453,1
1.9538724918742905,-0.5681218302071726,-0.4325710959001453,0
0.7895454241598173,1.5104232101609056,2.4495215754642112,0
-0.5280520529898413,1.2115404361823916,0.8704513394670519,1
1.3707803726980956,2.105017682187132,2.484772928588762,0
-0.2109452827696042,1.1571241125080765,-0.4325710959001453,1
-1.5770433152957206,0.7883468038054837,-0.4325710959001453,1
-0.3674054684639838,-0.5681218302071726,-0.4325710959001453,0
0.6699885436865246,-0.5681218302071726,-0.4325710959001453,0
-1.2273795611937608,-0.5681218302071726,-0.4325710959001453,1
-1.2273795611937608,-0.2290046717040085,-0.4325710959001453,1
-1.5770433152957206,0.2192838275796948,-0.4325710959001453,1
-1.5770433152957206,0.3839003938708738,-0.4325710959001453,1
0.6009488116435222,1.4099112572578554,1.2313747528014565,0
-1.5770433152957206,0.8459712874532468,0.3030828399198684,1
2.258805093311758,-0.5681218302071726,-0.4325710959001453,0
-0.5280520529898413,-0.5681218302071726,-0.4325710959001453,0
-0.877715807091801,0.9213883734495016,-0.4325710959001453,1
-1.5770433152957206,0.2192838275796948,-0.4325710959001453,1
-0.2457493000504842,1.4430929635357743,-0.4325710959001453,1
0.807726064349583,1.920947246610502,1.667021894713126,0
-0.2457493000504842,-0.5681218302071726,-0.4325710959001453,0
-0.1783882988878814,-0.5681218302071726,-0.4325710959001453,0
0.6581183921644651,-0.5681218302071726,-0.4325710959001453,0
-0.2457493000504842,-0.5681218302071726,-0.4325710959001453,1
-0.415485466780634,-0.5681218302071726,-0.4325710959001453,0
-0.877715807091801,-0.0306338506285448,-0.4325710959001453,1
-1.022839377182731,0.7567718071583226,-0.4325710959001453,1
-1.5770433152957206,0.9213883734495016,-0.4325710959001453,1
-0.5954130541524439,-0.5681218302071726,-0.4325710959001453,0
0.4712803109185204,1.616790860501491,1.4240127298630303,0
0.7201970606210935,-0.2290046717040085,-0.4325710959001453,0
-1.5770433152957206,0.6050307903411093,-0.4325710959001453,1
-0.4686354390697412,-0.5681218302071726,-0.4325710959001453,0
-0.3674054684639838,-0.5681218302071726,-0.4325710959001453,0
-0.5954130541524439,0.8180069540049123,-0.4325710959001453,1
-0.2457493000504842,0.7883468038054837,-0.4325710959001453,1
1.5748329219065127,1.89617017292232,2.866821786973934,0
-0.3674054684639838,-0.5681218302071726,-0.4325710959001453,0
-0.1478057134718639,-0.5681218302071726,-0.4325710959001453,0
0.5873139771947735,-0.5681218302071726,-0.4325710959001453,0
1.8367981729792828,-0.5681218302071726,-0.4325710959001453,0
-0.877715807091801,0.6476004663777833,-0.4325710959001453,1
-1.022839377182731,-0.5681218302071726,-0.4325710959001453,1
-1.5770433152957206,0.1101124867991555,-0.4325710959001453,1
-0.877715807091801,0.9213883734495016,-0.4325710959001453,0
0.004682340171979,0.6476004663777833,-0.4325710959001453,1
3.6449526363310873,-0.5681218302071726,-0.4325710959001453,0
-1.2273795611937608,-0.5681218302071726,-0.4325710959001453,1
0.3964086276324924,-0.5681218302071726,-0.4325710959001453,0
0.7148588291767358,-0.5681218302071726,-0.4325710959001453,1
-0.4686354390697412,-0.0306338506285448,-0.4325710959001453,0
-0.765149220882594,1.1850884459564108,-0.4325710959001453,1
-0.877715807091801,0.1101124867991555,-0.4325710959001453,0
-0.4686354390697412,1.0066894853665624,-0.4325710959001453,1
-0.6731756230807712,-0.5681218302071726,-0.4325710959001453,0
-0.765149220882594,-0.2290046717040085,-0.4325710959001453,0
-1.5770433152957206,1.53095388583332,-0.4325710959001453,1
0.6142247926792929,-0.5681218302071726,-0.4325710959001453,0
1.467604567141663,2.3276534418230397,1.6061052752870657,0
-0.4686354390697412,-0.5681218302071726,-0.4325710959001453,0
-1.5770433152957206,-0.0306338506285448,-0.4325710959001453,1
-0.877715807091801,-0.5681218302071726,-0.4325710959001453,0
-1.5770433152957206,0.3839003938708738,-0.4325710959001453,1
-0.4686354390697412,-0.5681218302071726,-0.4325710959001453,0
0.6758204949295504,1.7781834108893912,2.3201566580421087,0
0.1552595651522323,-0.5681218302071726,-0.4325710959001453,0
-0.0177417143620239,-0.5681218302071726,-0.4325710959001453,0
-1.2273795611937608,0.8180069540049123,-0.4325710959001453,1
-1.5770433152957206,0.8724232776792274,-0.4325710959001453,1
-1.5770433152957206,0.7567718071583226,-0.4325710959001453,1
-0.5280520529898413,-0.5681218302071726,-0.4325710959001453,0
-0.877715807091801,2.3532740934584124,-0.4325710959001453,1
-0.5954130541524439,-0.5681218302071726,-0.4325710959001453,0
0.4444886259491429,-0.5681218302071726,2.2508236378620325,0
-1.2273795611937608,0.686760772221084,-0.4325710959001453,1
0.6815857938418957,-0.5681218302071726,-0.4325710959001453,0
0.6984965895207682,1.3834592670318746,1.6061052752870657,0
-0.4686354390697412,1.0066894853665624,-0.4325710959001453,1
-1.2273795611937608,0.3084833078746191,-0.4325710959001453,1
1.7398073715553857,2.9586328504065773,3.3732736670950567,0
-1.5770433152957206,1.1119311452380842,-0.4325710959001453,1
-0.877715807091801,-0.5681218302071726,-0.4325710959001453,0
-1.022839377182731,-0.5681218302071726,-0.4325710959001453,0
1.6507801376972784,-0.5681218302071726,-0.4325710959001453,0
0.5941774594511474,-0.5681218302071726,-0.4325710959001453,0
-1.5770433152957206,0.4492296453023196,-0.4325710959001453,0
-1.5770433152957206,0.3084833078746191,-0.4325710959001453,1
-1.5770433152957206,0.1101124867991555,-0.4325710959001453,1
-0.415485466780634,1.2720176546932715,-0.4325710959001453,0
0.3319220397399356,-0.5681218302071726,-0.4325710959001453,0
-1.5770433152957206,0.3084833078746191,-0.4325710959001453,0
1.3765955167924404,-0.5681218302071726,0.7672287963606622,0
-1.5770433152957206,0.3084833078746191,-0.4325710959001453,1
-1.5770433152957206,0.3084833078746191,-0.4325710959001453,1
-1.2273795611937608,-0.5681218302071726,-0.4325710959001453,0
0.2710702664904812,2.4064407545302964,1.6061052752870657,1
-1.5770433152957206,-0.2290046717040085,0.3030828399198684,1
-0.3235118689788113,-0.5681218302071726,-0.4325710959001453,0
-0.5954130541524439,-0.5681218302071726,-0.4325710959001453,0
-0.877715807091801,-0.5681218302071726,-0.4325710959001453,0
-1.022839377182731,0.6050307903411093,-0.4325710959001453,1
2.4230508978887544,-0.5681218302071726,-0.4325710959001453,0
-1.5770433152957206,0.6476004663777833,-0.4325710959001453,1
-0.877715807091801,-0.2290046717040085,-0.4325710959001453,0
-1.2273795611937608,0.5584009860828592,-0.4325710959001453,1
-0.3674054684639838,-0.5681218302071726,-0.4325710959001453,0
-0.765149220882594,-0.5681218302071726,-0.4325710959001453,1
-0.2457493000504842,-0.5681218302071726,-0.4325710959001453,0
-1.5770433152957206,0.3084833078746191,-0.4325710959001453,1
-1.5770433152957206,1.1713060516577414,-0.4325710959001453,1
-1.5770433152957206,1.699385228901109,-0.4325710959001453,1
0.4444886259491429,1.1984931924996616,0.6451424404881,0
0.0467448735305326,-0.5681218302071726,-0.4325710959001453,0
-1.2273795611937608,-0.0306338506285448,-0.4325710959001453,1
-0.765149220882594,-0.5681218302071726,-0.4325710959001453,0
-0.1478057134718639,-0.5681218302071726,-0.4325710959001453,0
-1.5770433152957206,0.2192838275796948,-0.4325710959001453,1
-1.2273795611937608,-0.2290046717040085,-0.4325710959001453,1
0.8422323783677529,-0.5681218302071726,-0.4325710959001453,0
2.02740920853858,-0.5681218302071726,-0.4325710959001453,0
-1.2273795611937608,-0.5681218302071726,-0.4325710959001453,0
0.0467448735305326,0.8459712874532468,0.0315748605406486,0
-1.022839377182731,0.3839003938708738,-0.4325710959001453,1
-1.5770433152957206,-0.5681218302071726,-0.4325710959001453,1
-0.877715807091801,-0.0306338506285448,-0.4325710959001453,1
-0.5280520529898413,-0.5681218302071726,-0.4325710959001453,1
-0.5280520529898413,1.0258779307242485,-0.4325710959001453,1
-0.0916970337920332,0.5068541289500829,0.0315748605406486,1
-0.765149220882594,-0.5681218302071726,-0.4325710959001453,0
1.7867988641773278,-0.5681218302071726,0.3030828399198684,0
0.1216165568165608,0.7567718071583226,-0.4325710959001453,0
0.2164810402606826,-0.5681218302071726,-0.4325710959001453,1
-0.877715807091801,0.2192838275796948,-0.4325710959001453,1
-1.2273795611937608,0.3839003938708738,-0.4325710959001453,1
0.854587073356152,1.0793028809228633,-0.4325710959001453,0
-0.5280520529898413,1.142518769919737,-0.4325710959001453,1
0.2710702664904812,1.6333769452401143,2.037580309810482,0
-0.1189716849677815,-0.5681218302071726,-0.4325710959001453,0
-0.5280520529898413,1.3359226179489203,-0.4325710959001453,1
-0.6731756230807712,-0.5681218302071726,-0.4325710959001453,0
-0.6731756230807712,-0.2290046717040085,-0.4325710959001453,0
-0.2109452827696042,-0.5681218302071726,-0.4325710959001453,1
-1.2273795611937608,-0.5681218302071726,-0.4325710959001453,1
-1.2273795611937608,-0.2290046717040085,-0.4325710959001453,1
-1.022839377182731,-0.5681218302071726,-0.4325710959001453,0
0.3432586553433853,-0.5681218302071726,-0.4325710959001453,0
-1.2273795611937608,0.6476004663777833,-0.4325710959001453,1
1.1179408130397035,2.701050639839066,2.49330324865558,1
-0.1783882988878814,-0.5681218302071726,-0.4325710959001453,0
-1.022839377182731,0.1101124867991555,-0.4325710959001453,1
-0.877715807091801,-0.0306338506285448,-0.4325710959001453,0
-1.5770433152957206,-0.0306338506285448,-0.4325710959001453,0
-0.5954130541524439,-0.5681218302071726,-0.4325710959001453,1
-0.1478057134718639,1.2487159821318428,-0.4325710959001453,0
-0.6731756230807712,2.1312514066754513,0.9598667734222364,1
-1.2273795611937608,0.686760772221084,-0.4325710959001453,1
-1.2273795611937608,1.6387829962991305,-0.4325710959001453,1
-0.5280520529898413,-0.5681218302071726,-0.4325710959001453,0
-1.022839377182731,-0.5681218302071726,-0.4325710959001453,0
0.365195075074776,-0.5681218302071726,-0.4325710959001453,0
-0.877715807091801,-0.0306338506285448,-0.4325710959001453,0
-1.5770433152957206,0.2192838275796948,-0.4325710959001453,1
0.2018580406300959,-0.5681218302071726,-0.4325710959001453,1
-0.877715807091801,-0.5681218302071726,-0.4325710959001453,0
-0.6731756230807712,-0.5681218302071726,-0.4325710959001453,0
0.6271603261475461,-0.5681218302071726,-0.4325710959001453,0
-1.5770433152957206,2.009139017707032,-0.4325710959001453,1
-1.5770433152957206,0.9213883734495016,-0.4325710959001453,1
2.8195881085735515,2.562343666109828,4.235176634959632,0
-0.4686354390697412,-0.5681218302071726,-0.4325710959001453,0
-0.3235118689788113,-0.5681218302071726,-0.4325710959001453,0
-0.1189716849677815,-0.5681218302071726,-0.4325710959001453,0
-1.5770433152957206,0.3839003938708738,-0.4325710959001453,1
-1.2273795611937608,0.7883468038054837,-0.4325710959001453,1
-1.022839377182731,1.4099112572578554,-0.4325710959001453,1
-1.2273795611937608,-0.5681218302071726,-0.4325710959001453,0
-0.5954130541524439,1.727085606236835,1.284973036327954,1
-1.022839377182731,-0.5681218302071726,-0.4325710959001453,0
-1.2273795611937608,-0.5681218302071726,-0.4325710959001453,1
-0.765149220882594,-0.5681218302071726,-0.4325710959001453,0
0.2838420414232854,-0.5681218302071726,-0.4325710959001453,0
1.558974384902501,-0.5681218302071726,-0.4325710959001453,0
0.004682340171979,2.7353767738735653,2.3729099937345945,1
-1.5770433152957206,0.8724232776792274,-0.4325710959001453,1
-0.6731756230807712,-0.5681218302071726,-0.4325710959001453,0
-1.022839377182731,-0.5681218302071726,-0.4325710959001453,0
0.7148588291767358,1.60541261179178,1.2313747528014565,0
-1.022839377182731,-0.5681218302071726,-0.4325710959001453,1
-0.6731756230807712,-0.5681218302071726,-0.4325710959001453,0
-1.5770433152957206,-0.0306338506285448,-0.4325710959001453,1
-0.877715807091801,1.3554949335835398,-0.4325710959001453,1
-0.0916970337920332,-0.5681218302071726,-0.4325710959001453,0
0.1039144540514755,1.917917870721943,-0.4325710959001453,0
-1.5770433152957206,1.2366353030891872,-0.4325710959001453,0
-1.5770433152957206,0.686760772221084,-0.4325710959001453,1
-0.5954130541524439,1.4588763530281292,-0.4325710959001453,1
-1.5770433152957206,0.3839003938708738,-0.4325710959001453,1
0.2710702664904812,-0.5681218302071726,-0.4325710959001453,0
-0.0412091160394543,-0.5681218302071726,-0.4325710959001453,0
0.3084546380625055,-0.5681218302071726,-0.4325710959001453,0
0.004682340171979,1.8530225374057288,-0.4325710959001453,1
-1.5770433152957206,0.1101124867991555,-0.4325710959001453,1
0.1387184713323555,0.9867176248809476,-0.4325710959001453,0
-1.022839377182731,0.5584009860828592,-0.4325710959001453,1
-1.5770433152957206,-0.0306338506285448,-0.4325710959001453,1
-1.2273795611937608,0.1101124867991555,-0.4325710959001453,1
0.3543460942739389,1.2487159821318428,-0.4325710959001453,0
-1.5770433152957206,0.3084833078746191,-0.4325710959001453,0
-0.1783882988878814,-0.5681218302071726,-0.4325710959001453,0
-0.415485466780634,-0.5681218302071726,-0.4325710959001453,0
-1.5770433152957206,-0.5681218302071726,-0.4325710959001453,1
-1.5770433152957206,2.8201746673563055,-0.4325710959001453,1
-0.765149220882594,0.7230175523740379,-0.4325710959001453,0
-1.022839377182731,-0.5681218302071726,-0.4325710959001453,1
0.4712803109185204,1.3359226179489203,1.4240127298630303,0
-0.877715807091801,0.1101124867991555,-0.4325710959001453,1
-1.5770433152957206,-0.5681218302071726,-0.4325710959001453,1
-0.0658217126786743,0.3084833078746191,-0.4325710959001453,0
-1.5770433152957206,0.6476004663777833,-0.4325710959001453,1
-0.765149220882594,-0.5681218302071726,-0.4325710959001453,0
-0.765149220882594,-0.5681218302071726,-0.4325710959001453,0
-0.5954130541524439,0.8180069540049123,-0.4325710959001453,1
-0.5954130541524439,0.1101124867991555,-0.4325710959001453,1
-1.5770433152957206,-0.5681218302071726,-0.4325710959001453,1
-0.5280520529898413,0.1101124867991555,-0.4325710959001453,0
-1.2273795611937608,0.1101124867991555,-0.4325710959001453,0
-0.5954130541524439,0.9867176248809476,-0.4325710959001453,1
0.2579667203099265,-0.5681218302071726,-0.4325710959001453,1
-0.1783882988878814,0.7883468038054837,-0.4325710959001453,1
0.4352322531452082,-0.5681218302071726,-0.4325710959001453,0
-1.5770433152957206,0.3084833078746191,-0.4325710959001453,1
0.8463843208511401,-0.5681218302071726,-0.4325710959001453,0
-0.3674054684639838,3.791976477347694,3.338206960619851,1
-0.765149220882594,0.5068541289500829,-0.4325710959001453,0
-1.5770433152957206,-0.5681218302071726,-0.4325710959001453,0
0.1552595651522323,-0.5681218302071726,-0.4325710959001453,0
0.1712754552140784,2.926840525270085,0.0315748605406486,1
-0.877715807091801,-0.5681218302071726,-0.4325710959001453,0
-1.5770433152957206,0.1101124867991555,-0.4325710959001453,1
-0.415485466780634,-0.5681218302071726,-0.4325710959001453,0
-0.3674054684639838,-0.5681218302071726,-0.4325710959001453,1
-0.877715807091801,0.8459712874532468,1.284973036327954,1
-1.022839377182731,-0.5681218302071726,-0.4325710959001453,1
-0.6731756230807712,-0.5681218302071726,-0.4325710959001453,0
2.3917755235305016,-0.5681218302071726,1.284973036327954,0
0.2838420414232854,-0.5681218302071726,-0.4325710959001453,0
-1.022839377182731,1.53095388583332,-0.4325710959001453,1
-1.5770433152957206,0.3084833078746191,-0.4325710959001453,0
0.0467448735305326,-0.5681218302071726,-0.4325710959001453,0
1.0047704467895118,-0.5681218302071726,1.3345972959078458,0
-0.6731756230807712,-0.5681218302071726,-0.4325710959001453,0
-1.5770433152957206,1.4184200394260271,-0.4325710959001453,1
-0.4686354390697412,1.6333769452401143,-0.4325710959001453,1
0.7460723817344526,2.6693938915595226,1.8668990889798236,1
-0.2109452827696042,-0.5681218302071726,-0.4325710959001453,0
-0.1478057134718639,2.563157037274482,-0.4325710959001453,0
-1.2273795611937608,-0.5681218302071726,-0.4325710959001453,0
-1.5770433152957206,0.2192838275796948,-0.4325710959001453,1
-1.5770433152957206,2.473306968262871,-0.4325710959001453,1
-0.415485466780634,-0.5681218302071726,-0.4325710959001453,0
1.4771680415029498,-0.5681218302071726,0.8704513394670519,0
-0.3674054684639838,-0.5681218302071726,-0.4325710959001453,0
0.5129948220735353,-0.5681218302071726,-0.4325710959001453,0
-1.2273795611937608,0.5068541289500829,-0.4325710959001453,1
-0.5954130541524439,-0.5681218302071726,-0.4325710959001453,0
-0.5280520529898413,0.4492296453023196,-0.4325710959001453,0
-0.877715807091801,-0.2290046717040085,-0.4325710959001453,1
-0.1189716849677815,1.8095056342718991,-0.4325710959001453,1
-1.5770433152957206,0.3084833078746191,-0.4325710959001453,1
-0.415485466780634,-0.5681218302071726,-0.4325710959001453,0
1.235789731954885,1.9587117094446092,0.6451424404881,0
-0.415485466780634,-0.5681218302071726,-0.4325710959001453,1
0.807726064349583,1.563365910302876,0.6451424404881,0
-1.5770433152957206,-0.5681218302071726,-0.4325710959001453,0
0.1552595651522323,-0.5681218302071726,-0.4325710959001453,0
-1.022839377182731,0.8724232776792274,0.3030828399198684,1
1.1179408130397035,-0.5681218302071726,-0.4325710959001453,0
0.5733003492880002,1.7617367313783394,1.502882732180676,0
0.3862172069908325,1.3359226179489203,-0.4325710959001453,0
-1.022839377182731,-0.5681218302071726,-0.4325710959001453,0
-1.5770433152957206,0.3084833078746191,-0.4325710959001453,1
0.4161938365814114,2.615515915577658,2.49330324865558,1
-1.2273795611937608,0.3839003938708738,0.3030828399198684,1
-0.877715807091801,0.7567718071583226,0.4957208169814426,1
-1.022839377182731,-0.5681218302071726,-0.4325710959001453,0
0.9894361912581976,2.4196941873548226,2.542321790356445,1
-1.2273795611937608,-0.0306338506285448,-0.4325710959001453,1
-0.0412091160394543,-0.5681218302071726,-0.4325710959001453,0
-1.2273795611937608,-0.5681218302071726,-0.4325710959001453,1
-1.022839377182731,-0.5681218302071726,-0.4325710959001453,0
0.7358809610927927,1.8667085387097304,1.4240127298630303,0
-0.3235118689788113,0.1101124867991555,-0.4325710959001453,0
-1.5770433152957206,-0.5681218302071726,-0.4325710959001453,0
-0.2831336716225083,0.6050307903411093,-0.4325710959001453,0
0.4063982246411257,-0.5681218302071726,-0.4325710959001453,0
-1.2273795611937608,1.4350061241646506,-0.4325710959001453,1
-1.5770433152957206,0.3084833078746191,-0.4325710959001453,1
1.3693160518904444,2.4019419399074016,3.308768326891391,0
0.8666464085159139,-0.5681218302071726,-0.4325710959001453,0
-0.3674054684639838,-0.5681218302071726,-0.4325710959001453,1
-1.5770433152957206,0.5584009860828592,-0.4325710959001453,1
-0.0916970337920332,-0.5681218302071726,-0.4325710959001453,0
-1.022839377182731,0.9213883734495016,-0.4325710959001453,1
1.265472302566562,-0.5681218302071726,-0.4325710959001453,0
-1.022839377182731,-0.5681218302071726,-0.4325710959001453,0
0.2164810402606826,2.4131123484980734,0.0315748605406486,1
-1.5770433152957206,-0.5681218302071726,-0.4325710959001453,0
-1.5770433152957206,0.5068541289500829,-0.4325710959001453,1
1.17060781912244,2.4533757949279185,2.714969594302827,0
1.082964360903608,-0.5681218302071726,-0.4325710959001453,0
-0.877715807091801,0.5584009860828592,-0.4325710959001453,1
-1.022839377182731,0.7230175523740379,-0.4325710959001453,1
-0.5954130541524439,-0.5681218302071726,-0.4325710959001453,0
-1.2273795611937608,1.0958889656614867,-0.4325710959001453,1
-1.2273795611937608,0.8975181445860231,-0.4325710959001453,1
0.1552595651522323,-0.5681218302071726,-0.4325710959001453,0
-0.765149220882594,2.5672037323294936,-0.4325710959001453,0
-0.5954130541524439,-0.5681218302071726,-0.4325710959001453,0
0.4063982246411257,2.1448154378181403,2.6709410865311827,0
-0.765149220882594,-0.5681218302071726,-0.4325710959001453,0
-1.022839377182731,0.5068541289500829,-0.4325710959001453,1
-1.5770433152957206,-0.5681218302071726,-0.4325710959001453,1
-1.022839377182731,1.2487159821318428,-0.4325710959001453,1
-0.2109452827696042,1.689791928536755,-0.4325710959001453,1
-0.3235118689788113,2.6581464389053564,-0.4325710959001453,1
-1.2273795611937608,0.7883468038054837,-0.4325710959001453,1
-0.877715807091801,0.6050307903411093,-0.4325710959001453,1
-0.3235118689788113,-0.5681218302071726,-0.4325710959001453,0
-0.2831336716225083,0.686760772221084,-0.4325710959001453,0
-1.5770433152957206,1.5033836262225244,-0.4325710959001453,1
-1.2273795611937608,-0.5681218302071726,-0.4325710959001453,0
0.0467448735305326,-0.5681218302071726,-0.4325710959001453,0
-1.5770433152957206,1.1119311452380842,-0.4325710959001453,1
-1.022839377182731,0.8724232776792274,-0.4325710959001453,1
-1.2273795611937608,-0.2290046717040085,-0.4325710959001453,1
-1.5770433152957206,0.3084833078746191,-0.4325710959001453,1
-0.765149220882594,-0.2290046717040085,-0.4325710959001453,0
-1.5770433152957206,0.1101124867991555,-0.4325710959001453,1
-0.0412091160394543,-0.5681218302071726,-0.4325710959001453,0
-0.765149220882594,0.2192838275796948,-0.4325710959001453,1
-0.3674054684639838,0.4492296453023196,-0.4325710959001453,1
-0.0916970337920332,1.557053014419156,0.3030828399198684,1
0.915808548464602,-0.5681218302071726,-0.4325710959001453,0
-0.2457493000504842,-0.5681218302071726,-0.4325710959001453,0
1.010775972050704,-0.5681218302071726,2.274741218538306,0
-0.4686354390697412,0.5068541289500829,-0.4325710959001453,0
-1.5770433152957206,0.686760772221084,-0.4325710959001453,1
-1.5770433152957206,1.062134710877202,-0.4325710959001453,1
-1.022839377182731,-0.5681218302071726,-0.4325710959001453,1
0.0261518851231485,-0.5681218302071726,-0.4325710959001453,0
-1.5770433152957206,1.1984931924996616,-0.4325710959001453,1
-0.765149220882594,-0.5681218302071726,-0.4325710959001453,1
0.4161938365814114,-0.5681218302071726,-0.4325710959001453,0
0.8165764345851058,-0.5681218302071726,0.3030828399198684,0
-0.0658217126786743,1.5033836262225244,-0.4325710959001453,1
-1.022839377182731,-0.5681218302071726,-0.4325710959001453,1
-0.6731756230807712,-0.0306338506285448,-0.4325710959001453,0
-0.3674054684639838,-0.5681218302071726,-0.4325710959001453,0
-0.5954130541524439,1.0066894853665624,-0.4325710959001453,1
-0.3674054684639838,-0.5681218302071726,-0.4325710959001453,0
1.1856034334423962,2.026481078866254,2.13116785115392,0
-1.2273795611937608,0.1101124867991555,-0.4325710959001453,1
-0.6731756230807712,-0.5681218302071726,-0.4325710959001453,0
-0.877715807091801,-0.5681218302071726,-0.4325710959001453,1
-1.022839377182731,1.0066894853665624,-0.4325710959001453,1
-1.2273795611937608,1.1713060516577414,-0.4325710959001453,1
0.1039144540514755,-0.5681218302071726,-0.4325710959001453,0
-0.415485466780634,-0.5681218302071726,-0.4325710959001453,0
-0.0916970337920332,0.5068541289500829,-0.4325710959001453,1
-1.5770433152957206,0.6050307903411093,-0.4325710959001453,1
1.782938196119737,-0.5681218302071726,-0.4325710959001453,0
-0.6731756230807712,0.5584009860828592,-0.4325710959001453,1
1.3328333037291649,2.4664230386106483,3.138329766353153,0
-0.5280520529898413,-0.5681218302071726,-0.4325710959001453,0
-0.4686354390697412,0.5584009860828592,-0.4325710959001453,0
-1.5770433152957206,0.3839003938708738,-0.4325710959001453,1
-0.1478057134718639,-0.5681218302071726,-0.4325710959001453,0
-0.765149220882594,1.0066894853665624,-0.4325710959001453,1
-1.2273795611937608,-0.0306338506285448,-0.4325710959001453,0
-0.765149220882594,-0.0306338506285448,-0.4325710959001453,1
1.462753970499918,1.6800067494983646,0.3030828399198684,0
-1.5770433152957206,-0.2290046717040085,-0.4325710959001453,0
1.0167108424339464,-0.5681218302071726,-0.4325710959001453,0
-0.5954130541524439,0.1101124867991555,-0.4325710959001453,1
-0.4686354390697412,1.557053014419156,1.6061052752870657,1
-1.2273795611937608,0.1101124867991555,-0.4325710959001453,1
1.1506486290840157,0.8975181445860231,2.651147889757934,0
-0.877715807091801,-0.5681218302071726,-0.4325710959001453,0
0.5588862782849688,-0.5681218302071726,1.173110101473787,0
0.4535782081534356,-0.5681218302071726,2.1596666656830443,0
0.1216165568165608,-0.5681218302071726,-0.4325710959001453,0
-0.2831336716225083,-0.5681218302071726,-0.4325710959001453,0
-0.877715807091801,-0.5681218302071726,-0.4325710959001453,0
-1.5770433152957206,0.3839003938708738,-0.4325710959001453,1
-1.5770433152957206,0.7567718071583226,-0.4325710959001453,1
-1.022839377182731,0.2192838275796948,-0.4325710959001453,1
-1.022839377182731,1.0066894853665624,-0.4325710959001453,1
-1.5770433152957206,-0.0306338506285448,-0.4325710959001453,0
-1.022839377182731,0.3839003938708738,-0.4325710959001453,1
-1.022839377182731,1.1850884459564108,0.0315748605406486,1
-1.5770433152957206,-0.5681218302071726,-0.4325710959001453,1
-1.022839377182731,-0.2290046717040085,-0.4325710959001453,0
0.8745287276975545,1.8530225374057288,1.7743907115598958,0
-1.2273795611937608,0.1101124867991555,-0.4325710959001453,1
0.0855684990432483,-0.5681218302071726,-0.4325710959001453,0
-1.022839377182731,1.4430929635357743,-0.4325710959001453,1
1.045380952767936,2.80106311067438,2.0206269721479675,1
-0.3235118689788113,-0.5681218302071726,-0.4325710959001453,0
-1.5770433152957206,0.6050307903411093,-0.4325710959001453,1
0.4444886259491429,-0.5681218302071726,-0.4325710959001453,0
-0.6731756230807712,-0.5681218302071726,-0.4325710959001453,0
1.082964360903608,-0.5681218302071726,-0.4325710959001453,0
-1.022839377182731,1.0066894853665624,-0.4325710959001453,1
-1.5770433152957206,0.6050307903411093,-0.4325710959001453,1
-1.5770433152957206,0.1101124867991555,-0.4325710959001453,1
-1.5770433152957206,0.2192838275796948,-0.4325710959001453,1
-1.5770433152957206,0.4492296453023196,-0.4325710959001453,1
-1.5770433152957206,0.8459712874532468,-0.4325710959001453,1
-0.2831336716225083,-0.5681218302071726,-0.4325710959001453,1
-1.2273795611937608,0.8724232776792274,-0.4325710959001453,1
-0.2109452827696042,1.2720176546932715,1.2313747528014565,0
-0.765149220882594,1.2242487517997116,-0.4325710959001453,1
-1.5770433152957206,-0.2290046717040085,-0.4325710959001453,0
1.2600382303004056,-0.5681218302071726,-0.4325710959001453,0
-0.4686354390697412,-0.5681218302071726,-0.4325710959001453,1
0.7510919073680482,2.473306968262871,-0.4325710959001453,1
0.2018580406300959,0.8459712874532468,1.173110101473787,0
-0.5280520529898413,-0.5681218302071726,-0.4325710959001453,0
-1.5770433152957206,-0.0306338506285448,-0.4325710959001453,0
-0.415485466780634,1.0258779307242485,-0.4325710959001453,1
-1.5770433152957206,-0.5681218302071726,-0.4325710959001453,0
-1.5770433152957206,0.3084833078746191,-0.4325710959001453,1
-1.022839377182731,0.5584009860828592,0.4957208169814426,1
-1.022839377182731,0.6050307903411093,-0.4325710959001453,1
-0.1189716849677815,-0.5681218302071726,-0.4325710959001453,0
0.0855684990432483,0.9441479488442734,-0.4325710959001453,0
-0.5280520529898413,0.2192838275796948,-0.4325710959001453,0
-0.415485466780634,-0.5681218302071726,-0.4325710959001453,0
0.1216165568165608,-0.5681218302071726,-0.4325710959001453,0
-1.2273795611937608,-0.5681218302071726,0.0315748605406486,1
-1.2273795611937608,2.1390482671921784,-0.4325710959001453,1
1.590208075108731,-0.5681218302071726,-0.4325710959001453,0
-0.765149220882594,-0.0306338506285448,0.4957208169814426,0
-1.5770433152957206,0.2192838275796948,-0.4325710959001453,1
0.5941774594511474,1.5506575946855556,2.3626865727161994,0
-0.1189716849677815,1.3554949335835398,-0.4325710959001453,0
-1.022839377182731,-0.5681218302071726,-0.4325710959001453,1
-1.5770433152957206,0.1101124867991555,-0.4325710959001453,1
0.3758156392251084,-0.5681218302071726,-0.4325710959001453,0
-0.5280520529898413,0.6050307903411093,-0.4325710959001453,1
-0.765149220882594,-0.5681218302071726,-0.4325710959001453,1
-1.2273795611937608,-0.2290046717040085,-0.4325710959001453,0
1.9966525391085024,-0.5681218302071726,-0.4325710959001453,0
-1.5770433152957206,0.6476004663777833,-0.4325710959001453,1
0.320324789584565,-0.5681218302071726,-0.4325710959001453,0
-0.3674054684639838,-0.5681218302071726,-0.4325710959001453,0
-0.1189716849677815,-0.5681218302071726,2.644417973113814,0
0.8209440650204803,-0.5681218302071726,-0.4325710959001453,0
-1.2273795611937608,1.0066894853665624,-0.4325710959001453,1
-0.4686354390697412,1.2487159821318428,1.038736775739882,0
-0.765149220882594,1.142518769919737,-0.4325710959001453,1
2.3908085725654327,-0.5681218302071726,-0.4325710959001453,0
1.8958921814244103,-0.5681218302071726,0.3030828399198684,0
-0.0916970337920332,0.9213883734495016,-0.4325710959001453,1
-0.415485466780634,-0.5681218302071726,-0.4325710959001453,0
-0.2457493000504842,-0.5681218302071726,-0.4325710959001453,0
-1.5770433152957206,2.5295188680626612,1.7228559768763452,1
-0.6731756230807712,1.0258779307242485,1.173110101473787,0
-0.2457493000504842,-0.5681218302071726,-0.4325710959001453,0
-1.5770433152957206,1.7781834108893912,-0.4325710959001453,1
-0.765149220882594,-0.5681218302071726,-0.4325710959001453,1
-0.1478057134718639,-0.5681218302071726,-0.4325710959001453,0
-0.4686354390697412,2.5639690584448815,2.3523046427446186,1
2.553807766164351,-0.5681218302071726,-0.4325710959001453,0
-0.3674054684639838,-0.5681218302071726,-0.4325710959001453,0
-1.5770433152957206,0.3084833078746191,-0.4325710959001453,1
0.5803558232361381,1.5818300881073382,-0.4325710959001453,0
-0.765149220882594,-0.5681218302071726,-0.4325710959001453,0
-1.5770433152957206,0.4492296453023196,-0.4325710959001453,1
0.0261518851231485,-0.5681218302071726,-0.4325710959001453,0
-1.5770433152957206,1.689791928536755,-0.4325710959001453,1
-1.5770433152957206,1.0258779307242485,-0.4325710959001453,1
-1.2273795611937608,0.686760772221084,-0.4325710959001453,1
0.2710702664904812,-0.5681218302071726,-0.4325710959001453,0
-0.415485466780634,2.026481078866254,-0.4325710959001453,1
1.1081925258486456,-0.5681218302071726,-0.4325710959001453,0
0.2579667203099265,1.5818300881073382,-0.4325710959001453,1
-1.5770433152957206,0.6050307903411093,-0.4325710959001453,1
0.0665300824794515,-0.5681218302071726,0.3030828399198684,0
-0.415485466780634,0.8975181445860231,-0.4325710959001453,1
-1.022839377182731,0.2192838275796948,-0.4325710959001453,1
0.0467448735305326,-0.5681218302071726,-0.4325710959001453,0
-1.5770433152957206,0.7567718071583226,-0.4325710959001453,1
-1.5770433152957206,0.6476004663777833,-0.4325710959001453,1
-0.5280520529898413,-0.5681218302071726,-0.4325710959001453,0
-0.6731756230807712,1.689791928536755,-0.4325710959001453,1
-0.5954130541524439,-0.5681218302071726,-0.4325710959001453,1
0.0467448735305326,-0.5681218302071726,-0.4325710959001453,0
-1.5770433152957206,-0.5681218302071726,-0.4325710959001453,0
-0.1478057134718639,-0.0306338506285448,0.3030828399198684,0
-1.5770433152957206,0.3839003938708738,-0.4325710959001453,1
0.2579667203099265,-0.5681218302071726,1.173110101473787,0
1.945050633260743,2.810957131235545,3.8247740429839614,0
-1.5770433152957206,1.6111348131964356,1.2313747528014565,1
-0.2109452827696042,1.142518769919737,-0.4325710959001453,1
-0.877715807091801,-0.5681218302071726,-0.4325710959001453,0
0.0467448735305326,1.3554949335835398,-0.4325710959001453,1
0.5440482037570622,2.094540993997783,-0.4325710959001453,0
-1.5770433152957206,0.5068541289500829,-0.4325710959001453,0
0.7410024077619953,-0.5681218302071726,-0.4325710959001453,0
1.3780388887757689,-0.5681218302071726,-0.4325710959001453,1
-1.2273795611937608,0.7230175523740379,-0.4325710959001453,1
-1.5770433152957206,0.6050307903411093,-0.4325710959001453,1
-1.2273795611937608,-0.5681218302071726,-0.4325710959001453,1
0.3319220397399356,-0.5681218302071726,-0.4325710959001453,0
0.4352322531452082,-0.5681218302071726,-0.4325710959001453,0
-1.022839377182731,1.1571241125080765,-0.4325710959001453,1
-1.022839377182731,-0.5681218302071726,-0.4325710959001453,0
0.0855684990432483,-0.5681218302071726,-0.4325710959001453,0
-1.5770433152957206,2.473306968262871,-0.4325710959001453,1
1.1939763752692276,2.205825697212895,2.226020021899878,0
0.3084546380625055,1.0443421085287103,1.3345972959078458,0
1.4141863373806556,-0.5681218302071726,-0.4325710959001453,0
1.8013302856713242,3.2202159025489725,3.1637212849602756,0
-0.3235118689788113,-0.5681218302071726,-0.4325710959001453,0
-0.765149220882594,-0.2290046717040085,-0.4325710959001453,0
-1.5770433152957206,0.3839003938708738,-0.4325710959001453,1
-0.6731756230807712,0.6050307903411093,-0.4325710959001453,1
-1.5770433152957206,0.7883468038054837,-0.4325710959001453,1
-0.5954130541524439,-0.5681218302071726,-0.4325710959001453,0
-1.2273795611937608,-0.5681218302071726,0.0315748605406486,1
-1.5770433152957206,0.8180069540049123,-0.4325710959001453,1
1.558974384902501,-0.5681218302071726,-0.4325710959001453,0
-0.0177417143620239,0.6476004663777833,-0.4325710959001453,1
0.7987176434621769,1.3050128051470606,2.0032332391590852,0
-1.5770433152957206,0.2192838275796948,-0.4325710959001453,1
1.694953447843358,2.726727592052899,4.028347201022264,0
-0.3235118689788113,-0.5681218302071726,-0.4325710959001453,0
-0.1189716849677815,-0.5681218302071726,-0.4325710959001453,0
0.0665300824794515,2.232100071665332,0.3030828399198684,1
-1.2273795611937608,-0.2290046717040085,-0.4325710959001453,1
-1.2273795611937608,0.1101124867991555,-0.4325710959001453,0
-1.022839377182731,-0.2290046717040085,-0.4325710959001453,0
-0.765149220882594,-0.5681218302071726,-0.4325710959001453,0
2.0634847026463845,3.187082581413237,3.242937255288514,0
-0.2831336716225083,-0.5681218302071726,-0.4325710959001453,0
-0.415485466780634,0.686760772221084,-0.4325710959001453,1
-0.877715807091801,0.8459712874532468,-0.4325710959001453,1
-0.765149220882594,1.127463962308648,-0.4325710959001453,1
0.2710702664904812,-0.5681218302071726,-0.4325710959001453,0
-0.1478057134718639,-0.5681218302071726,-0.4325710959001453,0
-1.5770433152957206,0.7567718071583226,-0.4325710959001453,1
-0.3235118689788113,0.8724232776792274,-0.4325710959001453,0
-1.2273795611937608,-0.5681218302071726,-0.4325710959001453,1
-1.5770433152957206,-0.5681218302071726,-0.4325710959001453,0
1.8822856384476496,-0.5681218302071726,0.4957208169814426,0
-0.877715807091801,0.6050307903411093,-0.4325710959001453,1
-0.6731756230807712,-0.5681218302071726,-0.4325710959001453,0
-1.022839377182731,1.988536283319876,-0.4325710959001453,1
-1.5770433152957206,0.5068541289500829,-0.4325710959001453,1
-1.5770433152957206,1.0793028809228633,-0.4325710959001453,1
-0.6731756230807712,0.8724232776792274,-0.4325710959001453,1
-1.5770433152957206,0.1101124867991555,-0.4325710959001453,1
-0.765149220882594,0.3839003938708738,-0.4325710959001453,1
1.587360702559338,2.2007382062098895,2.9531976284670196,0
-0.877715807091801,0.8180069540049123,-0.4325710959001453,1
-0.3235118689788113,-0.5681218302071726,-0.4325710959001453,0
-0.1189716849677815,-0.5681218302071726,-0.4325710959001453,0
0.2838420414232854,-0.5681218302071726,-0.4325710959001453,0
-1.5770433152957206,1.3554949335835398,-0.4325710959001453,1
0.3964086276324924,-0.5681218302071726,-0.4325710959001453,0
-1.2273795611937608,0.6476004663777833,-0.4325710959001453,1
-1.5770433152957206,-0.5681218302071726,-0.4325710959001453,1
-0.0412091160394543,-0.5681218302071726,1.4240127298630303,0
-0.3235118689788113,2.602942094374756,0.7672287963606622,1
0.4967205667491803,0.1101124867991555,-0.4325710959001453,0
0.004682340171979,-0.5681218302071726,-0.4325710959001453,0
-0.877715807091801,1.4510483037412485,-0.4325710959001453,1
-0.5954130541524439,-0.5681218302071726,-0.4325710959001453,0
-0.877715807091801,-0.5681218302071726,-0.4325710959001453,0
-0.0412091160394543,-0.5681218302071726,-0.4325710959001453,0
-1.5770433152957206,0.6050307903411093,-0.4325710959001453,1
-0.877715807091801,1.1119311452380842,-0.4325710959001453,1
-1.5770433152957206,-0.2290046717040085,-0.4325710959001453,0
-0.3674054684639838,-0.5681218302071726,-0.4325710959001453,0
2.1925206910439936,-0.5681218302071726,3.591056816397349,0
-0.877715807091801,0.5584009860828592,-0.4325710959001453,0
-0.877715807091801,-0.5681218302071726,-0.4325710959001453,0
1.5639839411056755,2.671352170262852,2.3201566580421087,0
-0.2457493000504842,-0.5681218302071726,-0.4325710959001453,0
0.9121923454234138,-0.5681218302071726,-0.4325710959001453,0
-0.1783882988878814,-0.5681218302071726,-0.4325710959001453,1
-0.2831336716225083,-0.5681218302071726,-0.4325710959001453,0
-1.5770433152957206,0.3839003938708738,-0.4325710959001453,1
-1.5770433152957206,0.4492296453023196,-0.4325710959001453,1
-1.5770433152957206,-0.5681218302071726,1.2313747528014565,0
-0.877715807091801,-0.0306338506285448,-0.4325710959001453,0
-1.5770433152957206,-0.0306338506285448,-0.4325710959001453,1
-1.5770433152957206,0.5584009860828592,-0.4325710959001453,1
0.365195075074776,-0.5681218302071726,-0.4325710959001453,0
-1.5770433152957206,0.3084833078746191,-0.4325710959001453,1
-1.5770433152957206,1.1571241125080765,-0.4325710959001453,1
-0.5954130541524439,-0.5681218302071726,-0.4325710959001453,0
-1.2273795611937608,1.6387829962991305,-0.4325710959001453,1
-1.5770433152957206,0.1101124867991555,-0.4325710959001453,1
-1.5770433152957206,0.9213883734495016,-0.4325710959001453,1
0.5364622237509654,-0.5681218302071726,-0.4325710959001453,0
-1.5770433152957206,-0.2290046717040085,-0.4325710959001453,1
-1.2273795611937608,0.686760772221084,-0.4325710959001453,0
2.4703378786885524,-0.5681218302071726,-0.4325710959001453,0
-0.4686354390697412,-0.5681218302071726,-0.4325710959001453,0
-0.3235118689788113,-0.5681218302071726,-0.4325710959001453,1
-1.5770433152957206,0.5068541289500829,-0.4325710959001453,1
0.7410024077619953,1.9056092305151788,1.5734343533696875,0
-1.5770433152957206,1.0443421085287103,-0.4325710959001453,1
-0.0412091160394543,0.9213883734495016,-0.4325710959001453,0
0.6207340205924411,-0.5681218302071726,-0.4325710959001453,0
1.276167929311188,2.2041357382169973,-0.4325710959001453,0
-1.2273795611937608,-0.5681218302071726,-0.4325710959001453,0
-1.022839377182731,-0.5681218302071726,-0.4325710959001453,0
-0.877715807091801,-0.5681218302071726,-0.4325710959001453,1
-0.765149220882594,-0.0306338506285448,-0.4325710959001453,1
1.519183205673805,-0.5681218302071726,-0.4325710959001453,0
-0.5954130541524439,-0.5681218302071726,-0.4325710959001453,0
3.7787400485378697,-0.5681218302071726,1.284973036327954,0
-1.5770433152957206,0.8459712874532468,-0.4325710959001453,1
-1.022839377182731,-0.2290046717040085,-0.4325710959001453,1
-0.415485466780634,-0.5681218302071726,-0.4325710959001453,0
-0.3674054684639838,-0.5681218302071726,-0.4325710959001453,0
1.7495623914084215,2.613320357773932,3.2059636440604065,0
-0.765149220882594,1.392436448127977,-0.4325710959001453,1
-1.5770433152957206,0.3839003938708738,-0.4325710959001453,1
-0.2457493000504842,-0.5681218302071726,-0.4325710959001453,0
-0.5280520529898413,1.1119311452380842,-0.4325710959001453,1
-1.5770433152957206,0.6476004663777833,-0.4325710959001453,0
-1.5770433152957206,-0.0306338506285448,-0.4325710959001453,1
-1.5770433152957206,0.3084833078746191,-0.4325710959001453,1
-1.022839377182731,-0.5681218302071726,-0.4325710959001453,1
0.4712803109185204,1.3743142784764515,0.9598667734222364,0
-0.5954130541524439,-0.5681218302071726,-0.4325710959001453,0
0.3543460942739389,-0.5681218302071726,-0.4325710959001453,0
-1.2273795611937608,0.1101124867991555,-0.4325710959001453,1
2.717603732198187,-0.5681218302071726,-0.4325710959001453,0
1.088111937855069,-0.5681218302071726,-0.4325710959001453,0
-1.5770433152957206,0.3839003938708738,-0.4325710959001453,1
-1.5770433152957206,-0.2290046717040085,-0.4325710959001453,1
-1.2273795611937608,-0.0306338506285448,-0.4325710959001453,1
-0.1783882988878814,-0.5681218302071726,-0.4325710959001453,0
-1.2273795611937608,0.7883468038054837,1.284973036327954,0
0.6142247926792929,2.1111976714272234,-0.4325710959001453,1
-1.5770433152957206,-0.5681218302071726,-0.4325710959001453,1
-0.3235118689788113,-0.5681218302071726,-0.4325710959001453,0
-0.765149220882594,-0.5681218302071726,-0.4325710959001453,0
-1.5770433152957206,0.5584009860828592,-0.4325710959001453,1
0.9369777312967332,3.1527604302879357,3.2204268644087755,1
0.1867984696490057,-0.5681218302071726,-0.4325710959001453,0
-1.2273795611937608,-0.0306338506285448,-0.4325710959001453,1
-1.5770433152957206,1.941643374649341,-0.4325710959001453,1
-0.4686354390697412,1.2242487517997116,-0.4325710959001453,1
-1.2273795611937608,-0.2290046717040085,-0.4325710959001453,1
-0.877715807091801,0.6476004663777833,-0.4325710959001453,1
-1.022839377182731,-0.0306338506285448,-0.4325710959001453,1
0.803241962255395,1.9587117094446092,2.683818811675311,1
-1.022839377182731,-0.0306338506285448,-0.4325710959001453,1
-1.022839377182731,-0.5681218302071726,-0.4325710959001453,0
-1.5770433152957206,0.9658956466438964,-0.4325710959001453,0
-0.6731756230807712,0.2192838275796948,-0.4325710959001453,1
-0.877715807091801,-0.5681218302071726,-0.4325710959001453,0
-1.5770433152957206,0.2192838275796948,-0.4325710959001453,1
0.1387184713323555,-0.5681218302071726,-0.4325710959001453,0
0.8706029634179979,1.2366353030891872,-0.4325710959001453,0
-0.877715807091801,1.2242487517997116,0.4957208169814426,1
1.558974384902501,-0.5681218302071726,-0.4325710959001453,0
1.4181952975314358,2.0639533693161307,1.8222411394545417,0
-1.2273795611937608,0.3839003938708738,-0.4325710959001453,1
1.2618560995253736,3.0883001404768033,3.375547425033941,0
0.4444886259491429,-0.5681218302071726,-0.4325710959001453,0
-1.2273795611937608,-0.5681218302071726,-0.4325710959001453,1
-1.5770433152957206,0.7567718071583226,-0.4325710959001453,1
-0.765149220882594,-0.2290046717040085,-0.4325710959001453,1
-1.5770433152957206,1.616790860501491,-0.4325710959001453,1
-0.6731756230807712,1.2942597867369503,-0.4325710959001453,1
1.791900886570368,3.036784151361505,3.8118850505432498,0
0.1552595651522323,-0.5681218302071726,-0.4325710959001453,0
1.7033422122842603,-0.5681218302071726,-0.4325710959001453,0
-1.5770433152957206,-0.5681218302071726,-0.4325710959001453,1
-1.5770433152957206,-0.0306338506285448,-0.4325710959001453,1
-0.3674054684639838,-0.5681218302071726,-0.4325710959001453,1
0.0261518851231485,1.9724941037432784,0.4957208169814426,0
0.0855684990432483,-0.5681218302071726,-0.4325710959001453,0
0.3319220397399356,-0.5681218302071726,-0.4325710959001453,0
0.7987176434621769,-0.5681218302071726,-0.4325710959001453,0
-0.5954130541524439,2.315671390468019,1.4240127298630303,1
-1.5770433152957206,0.3084833078746191,-0.4325710959001453,1
0.004682340171979,-0.5681218302071726,-0.4325710959001453,0
-1.5770433152957206,0.1101124867991555,-0.4325710959001453,1
-1.5770433152957206,-0.5681218302071726,-0.4325710959001453,0
-1.5770433152957206,1.127463962308648,-0.4325710959001453,1
-1.5770433152957206,0.3084833078746191,-0.4325710959001453,0
-0.6731756230807712,-0.5681218302071726,-0.4325710959001453,0
0.4712803109185204,1.5996226904558295,2.0702512317278594,0
-0.5280520529898413,-0.5681218302071726,-0.4325710959001453,0
-1.5770433152957206,0.1101124867991555,-0.4325710959001453,1
0.725479393327068,1.5818300881073382,2.226020021899878,0
-1.2273795611937608,0.5068541289500829,-0.4325710959001453,1
0.0467448735305326,-0.5681218302071726,-0.4325710959001453,0
-1.5770433152957206,-0.5681218302071726,-0.4325710959001453,0
-1.2273795611937608,0.5068541289500829,-0.4325710959001453,1
-1.2273795611937608,0.1101124867991555,-0.4325710959001453,1
1.3634158891451824,2.9401826006234915,3.217559103838856,0
0.8165764345851058,-0.5681218302071726,-0.4325710959001453,0
-1.2273795611937608,0.3084833078746191,-0.4325710959001453,0
0.0261518851231485,-0.2290046717040085,1.502882732180676,0
-1.022839377182731,-0.5681218302071726,-0.4325710959001453,0
-1.5770433152957206,1.0258779307242485,-0.4325710959001453,1
-0.0412091160394543,-0.5681218302071726,-0.4325710959001453,0
-0.6731756230807712,-0.5681218302071726,-0.4325710959001453,0
1.034107675498931,2.0966543564323556,2.51004464737991,0
-0.5280520529898413,1.1119311452380842,-0.4325710959001453,1
-1.022839377182731,-0.5681218302071726,-0.4325710959001453,0
0.6142247926792929,2.37880558925885,2.847125629700833,1
-1.5770433152957206,0.686760772221084,-0.4325710959001453,1
-0.3674054684639838,-0.5681218302071726,-0.4325710959001453,0
-0.0916970337920332,0.5068541289500829,-0.4325710959001453,1
-0.877715807091801,-0.5681218302071726,-0.4325710959001453,1
-0.765149220882594,1.1850884459564108,1.038736775739882,1
-1.5770433152957206,0.686760772221084,-0.4325710959001453,1
-1.022839377182731,-0.5681218302071726,-0.4325710959001453,0
-1.5770433152957206,2.059423312480139,1.502882732180676,0
-0.3674054684639838,-0.5681218302071726,-0.4325710959001453,0
-1.5770433152957206,1.941643374649341,-0.4325710959001453,1
-0.877715807091801,-0.5681218302071726,-0.4325710959001453,0
-0.3674054684639838,-0.5681218302071726,-0.4325710959001453,0
-0.0916970337920332,-0.5681218302071726,-0.4325710959001453,0
-1.022839377182731,1.0066894853665624,-0.4325710959001453,1
-1.022839377182731,0.9213883734495016,-0.4325710959001453,1
-1.022839377182731,-0.5681218302071726,-0.4325710959001453,0
0.854587073356152,-0.5681218302071726,1.173110101473787,0
-1.5770433152957206,1.5506575946855556,-0.4325710959001453,1
-0.5280520529898413,-0.5681218302071726,0.0315748605406486,1
-0.4686354390697412,-0.5681218302071726,-0.4325710959001453,0
0.0855684990432483,-0.5681218302071726,-0.4325710959001453,0
-0.2109452827696042,-0.5681218302071726,-0.4325710959001453,0
-0.2457493000504842,-0.5681218302071726,-0.4325710959001453,1
-1.2273795611937608,1.0258779307242485,-0.4325710959001453,1
-1.5770433152957206,0.6050307903411093,-0.4325710959001453,1
-1.022839377182731,0.2192838275796948,-0.4325710959001453,1
-0.877715807091801,-0.5681218302071726,-0.4325710959001453,0
0.9539644595661042,2.6594831682693143,2.8859551191921673,1
-0.2109452827696042,0.3084833078746191,-0.4325710959001453,0
-1.022839377182731,1.0958889656614867,-0.4325710959001453,1
-0.3235118689788113,0.686760772221084,-0.4325710959001453,1
-0.765149220882594,0.6050307903411093,-0.4325710959001453,1
0.5440482037570622,1.0066894853665624,1.7743907115598958,0
-1.5770433152957206,1.4267833651808035,-0.4325710959001453,1
-1.2273795611937608,0.3839003938708738,-0.4325710959001453,1
-1.2273795611937608,-0.0306338506285448,-0.4325710959001453,1
2.811497922464488,3.694934058840528,4.967258129171737,0
0.1867984696490057,-0.5681218302071726,-0.4325710959001453,0
-0.877715807091801,-0.2290046717040085,-0.4325710959001453,0
-1.022839377182731,-0.0306338506285448,-0.4325710959001453,1
-0.1783882988878814,-0.5681218302071726,-0.4325710959001453,0
-1.5770433152957206,0.3084833078746191,-0.4325710959001453,0
-0.3674054684639838,1.2942597867369503,-0.4325710959001453,0
-0.1478057134718639,-0.5681218302071726,-0.4325710959001453,0
0.0467448735305326,-0.5681218302071726,-0.4325710959001453,0
-0.4686354390697412,-0.5681218302071726,-0.4325710959001453,0
-1.2273795611937608,-0.0306338506285448,-0.4325710959001453,1
-0.415485466780634,-0.5681218302071726,-0.4325710959001453,0
0.004682340171979,-0.5681218302071726,-0.4325710959001453,0
-1.5770433152957206,0.2192838275796948,-0.4325710959001453,1
-0.5954130541524439,-0.5681218302071726,-0.4325710959001453,1
0.9831695496272048,2.135165368692827,1.7743907115598958,0
-1.2273795611937608,1.4588763530281292,-0.4325710959001453,1
-1.2273795611937608,0.1101124867991555,-0.4325710959001453,1
-1.5770433152957206,0.3084833078746191,-0.4325710959001453,1
0.725479393327068,2.3210330073375625,0.0315748605406486,1
-0.877715807091801,0.4492296453023196,0.3030828399198684,0
-1.5770433152957206,1.1850884459564108,-0.4325710959001453,1
-1.5770433152957206,0.1101124867991555,-0.4325710959001453,0
0.2306920691341782,-0.5681218302071726,-0.4325710959001453,0
-0.877715807091801,0.1101124867991555,-0.4325710959001453,0
-0.1189716849677815,1.1984931924996616,-0.4325710959001453,1
-1.5770433152957206,1.4267833651808035,-0.4325710959001453,1
0.3084546380625055,-0.5681218302071726,-0.4325710959001453,1
0.8165764345851058,1.914869620095515,2.2508236378620325,0
0.6207340205924411,1.0066894853665624,-0.4325710959001453,0
0.8338245476714128,2.228891911691884,1.8881586863038244,0
0.5941774594511474,-0.5681218302071726,-0.4325710959001453,0
-1.2273795611937608,-0.2290046717040085,-0.4325710959001453,1
-0.3235118689788113,1.689791928536755,-0.4325710959001453,1
1.3722404552340963,-0.5681218302071726,-0.4325710959001453,0
-0.0177417143620239,-0.5681218302071726,-0.4325710959001453,0
0.5873139771947735,1.5033836262225244,-0.4325710959001453,1
0.5287604227906182,-0.5681218302071726,-0.4325710959001453,0
0.3432586553433853,1.53095388583332,-0.4325710959001453,0
-0.877715807091801,-0.5681218302071726,-0.4325710959001453,0
-0.4686354390697412,0.3839003938708738,0.7672287963606622,1
-1.2273795611937608,-0.0306338506285448,-0.4325710959001453,1
-1.5770433152957206,-0.5681218302071726,-0.4325710959001453,0
2.2074959058830133,3.290453189940837,4.509403679110365,0
0.807726064349583,0.9441479488442734,2.3626865727161994,0
-1.5770433152957206,0.1101124867991555,-0.4325710959001453,1
-1.022839377182731,0.5068541289500829,-0.4325710959001453,1
-0.877715807091801,-0.5681218302071726,-0.4325710959001453,0
-1.5770433152957206,0.686760772221084,-0.4325710959001453,1
-0.4686354390697412,1.1119311452380842,-0.4325710959001453,1
-1.022839377182731,0.6050307903411093,-0.4325710959001453,1
-1.5770433152957206,1.0258779307242485,-0.4325710959001453,1
-1.5770433152957206,0.1101124867991555,-0.4325710959001453,1
-0.2109452827696042,1.1119311452380842,-0.4325710959001453,1
-1.022839377182731,-0.5681218302071726,-0.4325710959001453,0
-1.022839377182731,1.142518769919737,-0.4325710959001453,1
-1.5770433152957206,0.686760772221084,-0.4325710959001453,1
-1.2273795611937608,0.8180069540049123,-0.4325710959001453,1
-0.3235118689788113,1.3554949335835398,-0.4325710959001453,0
-1.022839377182731,-0.5681218302071726,-0.4325710959001453,0
0.3432586553433853,-0.5681218302071726,-0.4325710959001453,0
-1.5770433152957206,0.3839003938708738,-0.4325710959001453,1
2.9195377660516444,-0.5681218302071726,-0.4325710959001453,0
-1.5770433152957206,0.6476004663777833,-0.4325710959001453,1
-0.5954130541524439,-0.5681218302071726,-0.4325710959001453,0
-1.2273795611937608,0.3084833078746191,-0.4325710959001453,1
-1.2273795611937608,-0.0306338506285448,0.0315748605406486,1
-0.415485466780634,-0.5681218302071726,-0.4325710959001453,1
-1.5770433152957206,1.6387829962991305,-0.4325710959001453,1
-0.6731756230807712,0.7230175523740379,-0.4325710959001453,0
-1.5770433152957206,0.686760772221084,-0.4325710959001453,1
-0.5954130541524439,1.6800067494983646,-0.4325710959001453,1
-1.5770433152957206,0.1101124867991555,-0.4325710959001453,1
0.1867984696490057,-0.5681218302071726,-0.4325710959001453,0
-1.5770433152957206,0.8180069540049123,-0.4325710959001453,1
0.2838420414232854,-0.5681218302071726,-0.4325710959001453,0
1.9643492005002143,-0.5681218302071726,-0.4325710959001453,0
-1.5770433152957206,0.3084833078746191,-0.4325710959001453,1
-0.415485466780634,-0.5681218302071726,-0.4325710959001453,0
-1.022839377182731,1.1119311452380842,-0.4325710959001453,1
0.950612565745482,-0.5681218302071726,-0.4325710959001453,0
-1.5770433152957206,0.5584009860828592,0.3030828399198684,1
-0.3674054684639838,-0.5681218302071726,-0.4325710959001453,0
0.004682340171979,-0.5681218302071726,-0.4325710959001453,0
0.5588862782849688,2.636946026450937,2.3201566580421087,1
-1.022839377182731,-0.5681218302071726,-0.4325710959001453,1
-0.2457493000504842,-0.5681218302071726,-0.4325710959001453,0
0.0467448735305326,-0.5681218302071726,-0.4325710959001453,0
1.355942298170189,1.2832651073474377,2.8319637502011346,0
-0.3674054684639838,-0.2290046717040085,-0.4325710959001453,0
-1.5770433152957206,0.2192838275796948,-0.4325710959001453,1
-1.022839377182731,0.6476004663777833,-0.4325710959001453,1
-0.765149220882594,-0.5681218302071726,-0.4325710959001453,1
-1.5770433152957206,0.2192838275796948,-0.4325710959001453,1
0.8165764345851058,2.9513360314376733,3.605702818531924,1
0.893711957859022,-0.5681218302071726,0.3030828399198684,0
0.0467448735305326,0.3084833078746191,0.3030828399198684,0
-1.5770433152957206,-0.0306338506285448,0.0315748605406486,1
0.6335057955252451,2.8673284730672037,-0.4325710959001453,1
2.159025998956641,3.112157139593716,3.726177570570956,0
-0.415485466780634,-0.5681218302071726,-0.4325710959001453,1
-1.5770433152957206,0.8724232776792274,-0.4325710959001453,0
-1.5770433152957206,1.062134710877202,-0.4325710959001453,1
-0.765149220882594,-0.5681218302071726,-0.4325710959001453,0
0.7560619787430853,1.4962412710112405,1.5734343533696875,0
-1.5770433152957206,0.7230175523740379,-0.4325710959001453,1
-1.022839377182731,0.8975181445860231,-0.4325710959001453,1
-1.2273795611937608,0.4492296453023196,0.0315748605406486,1
-1.2273795611937608,-0.2290046717040085,-0.4325710959001453,0
-1.2273795611937608,-0.5681218302071726,-0.4325710959001453,1
-0.415485466780634,0.4492296453023196,-0.4325710959001453,1
2.2027407895608797,-0.5681218302071726,0.3030828399198684,0
-0.0412091160394543,-0.5681218302071726,-0.4325710959001453,0
-0.3235118689788113,1.0258779307242485,-0.4325710959001453,1
-0.4686354390697412,0.5068541289500829,-0.4325710959001453,0
0.6699885436865246,-0.5681218302071726,-0.4325710959001453,0
-1.5770433152957206,-0.5681218302071726,-0.4325710959001453,1
-0.5280520529898413,-0.5681218302071726,-0.4325710959001453,0
-1.5770433152957206,0.3839003938708738,-0.4325710959001453,0
-1.022839377182731,0.6050307903411093,-0.4325710959001453,1
-0.4686354390697412,0.4492296453023196,-0.4325710959001453,0
-1.022839377182731,0.5584009860828592,-0.4325710959001453,1
-0.765149220882594,-0.0306338506285448,-0.4325710959001453,1
0.1039144540514755,0.7883468038054837,0.9598667734222364,0
-0.5954130541524439,-0.5681218302071726,-0.4325710959001453,0
0.7201970606210935,-0.5681218302071726,-0.4325710959001453,0
0.3084546380625055,0.9658956466438964,-0.4325710959001453,0
-0.5954130541524439,-0.5681218302071726,-0.4325710959001453,0
-0.765149220882594,-0.5681218302071726,-0.4325710959001453,1
-1.5770433152957206,0.6050307903411093,-0.4325710959001453,1
-0.5280520529898413,-0.5681218302071726,-0.4325710959001453,0
-1.2273795611937608,0.1101124867991555,-0.4325710959001453,0
-0.3235118689788113,-0.5681218302071726,-0.4325710959001453,0
-0.765149220882594,-0.5681218302071726,-0.4325710959001453,0
0.6335057955252451,-0.5681218302071726,-0.4325710959001453,1
-1.022839377182731,0.2192838275796948,-0.4325710959001453,0
1.4651850988872908,2.4019419399074016,2.1596666656830443,0
-1.5770433152957206,0.7883468038054837,-0.4325710959001453,0
0.0855684990432483,1.4012518693803664,-0.4325710959001453,0
0.7460723817344526,-0.5681218302071726,-0.4325710959001453,0
-0.765149220882594,-0.5681218302071726,-0.4325710959001453,1
-0.765149220882594,1.127463962308648,-0.4325710959001453,1
1.4416021944814748,2.8119356168474123,-0.4325710959001453,1
-0.0916970337920332,1.2487159821318428,-0.4325710959001453,0
-1.5770433152957206,0.1101124867991555,-0.4325710959001453,1
-1.5770433152957206,0.2192838275796948,-0.4325710959001453,1
-0.877715807091801,1.689791928536755,-0.4325710959001453,1
-0.0916970337920332,1.744717880010124,-0.4325710959001453,1
-0.415485466780634,-0.5681218302071726,-0.4325710959001453,0
-1.022839377182731,-0.5681218302071726,-0.4325710959001453,0
0.0261518851231485,0.2192838275796948,-0.4325710959001453,0
1.756416547994169,-0.5681218302071726,-0.4325710959001453,0
-1.5770433152957206,-0.5681218302071726,-0.4325710959001453,0
-0.765149220882594,0.5584009860828592,-0.4325710959001453,1
-0.6731756230807712,-0.5681218302071726,-0.4325710959001453,0
-1.022839377182731,0.7883468038054837,-0.4325710959001453,1
0.5941774594511474,3.0374011030735932,2.6025530247998376,1
-1.5770433152957206,1.4099112572578554,-0.4325710959001453,1
-0.5280520529898413,-0.5681218302071726,-0.4325710959001453,0
-1.022839377182731,0.4492296453023196,-0.4325710959001453,1
0.0665300824794515,2.1429005913704073,-0.4325710959001453,1
-0.5280520529898413,0.4492296453023196,-0.4325710959001453,1
-0.2831336716225083,-0.5681218302071726,-0.4325710959001453,0
-0.765149220882594,-0.5681218302071726,-0.4325710959001453,0
-1.2273795611937608,0.6050307903411093,-0.4325710959001453,1
-0.877715807091801,-0.5681218302071726,-0.4325710959001453,0
-1.022839377182731,1.2832651073474377,-0.4325710959001453,1
-0.877715807091801,1.0443421085287103,-0.4325710959001453,1
-1.2273795611937608,0.9213883734495016,-0.4325710959001453,1
-1.5770433152957206,-0.0306338506285448,-0.4325710959001453,1
-0.877715807091801,1.53095388583332,-0.4325710959001453,1
-0.5954130541524439,-0.5681218302071726,-0.4325710959001453,1
0.9121923454234138,1.9911595745531945,2.08600774857203,0
-1.5770433152957206,-0.0306338506285448,-0.4325710959001453,1
-0.5954130541524439,-0.5681218302071726,-0.4325710959001453,0
-1.5770433152957206,-0.5681218302071726,-0.4325710959001453,1
-1.022839377182731,-0.5681218302071726,-0.4325710959001453,0
-1.5770433152957206,0.6476004663777833,-0.4325710959001453,1
-0.1189716849677815,-0.5681218302071726,-0.4325710959001453,0
2.2408873947755916,-0.5681218302071726,1.3345972959078458,0
-0.5954130541524439,1.1713060516577414,-0.4325710959001453,1
-0.5954130541524439,-0.5681218302071726,-0.4325710959001453,0
-0.877715807091801,-0.5681218302071726,-0.4325710959001453,1
-1.2273795611937608,0.6050307903411093,-0.4325710959001453,1
-1.2273795611937608,-0.2290046717040085,-0.4325710959001453,1
-1.5770433152957206,1.4816359284229008,-0.4325710959001453,1
1.2163101626178738,2.1390482671921784,1.7228559768763452,0
-0.765149220882594,1.689791928536755,-0.4325710959001453,1
-1.022839377182731,0.6050307903411093,0.0315748605406486,1
-1.2273795611937608,1.0793028809228633,-0.4325710959001453,1
-1.2273795611937608,1.2487159821318428,1.173110101473787,1
-1.2273795611937608,1.3743142784764515,-0.4325710959001453,1
-1.5770433152957206,0.7883468038054837,-0.4325710959001453,1
-1.5770433152957206,0.3084833078746191,-0.4325710959001453,0
-0.765149220882594,-0.5681218302071726,-0.4325710959001453,0
-0.765149220882594,0.8724232776792274,-0.4325710959001453,1
0.8422323783677529,-0.5681218302071726,-0.4325710959001453,0
-0.0177417143620239,-0.5681218302071726,-0.4325710959001453,0
-1.022839377182731,-0.5681218302071726,-0.4325710959001453,0
-0.3235118689788113,-0.5681218302071726,-0.4325710959001453,0
-0.1189716849677815,-0.5681218302071726,-0.4325710959001453,0
-0.4686354390697412,-0.5681218302071726,-0.4325710959001453,0
-1.5770433152957206,1.392436448127977,-0.4325710959001453,1
0.2164810402606826,-0.5681218302071726,-0.4325710959001453,0
-0.5954130541524439,-0.5681218302071726,-0.4325710959001453,0
-1.5770433152957206,0.9213883734495016,-0.4325710959001453,1
0.5440482037570622,-0.5681218302071726,-0.4325710959001453,0
0.365195075074776,-0.5681218302071726,-0.4325710959001453,0
1.007782146266425,-0.5681218302071726,2.550153705012824,0
1.098252141870052,2.0215886116668935,1.7491189927687478,0
0.3543460942739389,-0.5681218302071726,-0.4325710959001453,0
2.2271526068286844,-0.5681218302071726,-0.4325710959001453,0
-1.022839377182731,-0.5681218302071726,-0.4325710959001453,1
-1.2273795611937608,-0.5681218302071726,-0.4325710959001453,0
-1.5770433152957206,1.392436448127977,-0.4325710959001453,1
-0.5280520529898413,0.7883468038054837,-0.4325710959001453,1
-0.5280520529898413,-0.5681218302071726,-0.4325710959001453,0
-0.3674054684639838,-0.5681218302071726,-0.4325710959001453,0
1.5977234195287844,3.933595683236818,-0.4325710959001453,1
-1.5770433152957206,0.3084833078746191,-0.4325710959001453,1
-0.3235118689788113,-0.5681218302071726,-0.4325710959001453,0
0.1039144540514755,2.5639690584448815,-0.4325710959001453,1
-1.5770433152957206,0.5068541289500829,-0.4325710959001453,1
-0.4686354390697412,1.1713060516577414,-0.4325710959001453,1
-1.022839377182731,1.2242487517997116,-0.4325710959001453,1
3.0679253542904865,4.310210950718903,5.517400013195896,0
-0.1783882988878814,1.2115404361823916,-0.4325710959001453,1
-0.3235118689788113,0.7883468038054837,-0.4325710959001453,1
-0.415485466780634,-0.5681218302071726,-0.4325710959001453,0
2.1870420975465965,-0.5681218302071726,-0.4325710959001453,0
-1.5770433152957206,0.6050307903411093,-0.4325710959001453,1
-1.5770433152957206,0.2192838275796948,-0.4325710959001453,1
-1.5770433152957206,1.0066894853665624,-0.4325710959001453,1
-1.5770433152957206,-0.0306338506285448,-0.4325710959001453,1
-1.5770433152957206,0.5584009860828592,-0.4325710959001453,1
-1.2273795611937608,-0.5681218302071726,-0.4325710959001453,0
-0.3674054684639838,-0.5681218302071726,-0.4325710959001453,0
0.6699885436865246,2.8554005221235417,2.3626865727161994,1
-0.415485466780634,-0.5681218302071726,-0.4325710959001453,0
-1.022839377182731,-0.5681218302071726,0.0315748605406486,0
-0.765149220882594,1.142518769919737,-0.4325710959001453,1
-0.5280520529898413,0.7230175523740379,-0.4325710959001453,1
-1.5770433152957206,0.2192838275796948,-0.4325710959001453,1
-0.877715807091801,0.9213883734495016,-0.4325710959001453,1
-1.022839377182731,0.1101124867991555,-0.4325710959001453,1
1.2636674413782114,-0.5681218302071726,-0.4325710959001453,0
-1.5770433152957206,0.3839003938708738,-0.4325710959001453,1
-1.2273795611937608,-0.2290046717040085,-0.4325710959001453,1
-0.5280520529898413,1.488993099287626,-0.4325710959001453,1
-0.6731756230807712,1.7781834108893912,-0.4325710959001453,1
-1.5770433152957206,4.294790949441211,-0.4325710959001453,1
-0.1189716849677815,1.616790860501491,-0.4325710959001453,1
-1.5770433152957206,0.1101124867991555,-0.4325710959001453,1
0.5364622237509654,-0.5681218302071726,-0.4325710959001453,0
-1.2273795611937608,1.0066894853665624,-0.4325710959001453,1
-0.415485466780634,0.3839003938708738,-0.4325710959001453,0
-0.5280520529898413,-0.5681218302071726,-0.4325710959001453,0
-0.5954130541524439,-0.5681218302071726,-0.4325710959001453,0
-0.415485466780634,0.9658956466438964,-0.4325710959001453,1
-0.5280520529898413,-0.5681218302071726,-0.4325710959001453,0
-1.022839377182731,-0.5681218302071726,-0.4325710959001453,1
-1.022839377182731,-0.5681218302071726,-0.4325710959001453,0
-0.5954130541524439,-0.5681218302071726,-0.4325710959001453,0
-0.765149220882594,0.7567718071583226,-0.4325710959001453,1
-1.5770433152957206,0.1101124867991555,0.3030828399198684,0
-1.5770433152957206,-0.5681218302071726,-0.4325710959001453,1
-1.2273795611937608,0.2192838275796948,-0.4325710959001453,1
-1.5770433152957206,-0.5681218302071726,-0.4325710959001453,0
-0.2457493000504842,-0.5681218302071726,-0.4325710959001453,0
-0.2831336716225083,-0.5681218302071726,-0.4325710959001453,0
-1.2273795611937608,-0.0306338506285448,-0.4325710959001453,1
-0.1189716849677815,1.6946120920867038,-0.4325710959001453,0
-1.2273795611937608,1.2487159821318428,-0.4325710959001453,1
-1.5770433152957206,0.6476004663777833,-0.4325710959001453,1
0.320324789584565,-0.5681218302071726,-0.4325710959001453,0
-1.2273795611937608,-0.5681218302071726,-0.4325710959001453,0
-1.5770433152957206,0.9658956466438964,-0.4325710959001453,1
-1.5770433152957206,3.336882457520701,-0.4325710959001453,1
-0.5954130541524439,-0.5681218302071726,-0.4325710959001453,0
-0.765149220882594,-0.5681218302071726,-0.4325710959001453,1
-0.5954130541524439,-0.5681218302071726,-0.4325710959001453,0
-1.5770433152957206,0.8180069540049123,-0.4325710959001453,1
-0.877715807091801,0.8459712874532468,1.284973036327954,1
-1.5770433152957206,0.6050307903411093,-0.4325710959001453,1
0.8666464085159139,1.3834592670318746,-0.4325710959001453,0
-1.022839377182731,0.2192838275796948,-0.4325710959001453,0
0.365195075074776,2.289369130202764,-0.4325710959001453,1
0.5733003492880002,-0.5681218302071726,-0.4325710959001453,0
-0.5280520529898413,0.9213883734495016,-0.4325710959001453,0
-0.5954130541524439,2.14672281895863,-0.4325710959001453,1
-1.5770433152957206,1.1571241125080765,-0.4325710959001453,1
-1.5770433152957206,0.7230175523740379,-0.4325710959001453,1
-1.5770433152957206,0.7230175523740379,-0.4325710959001453,1
-0.4686354390697412,-0.5681218302071726,-0.4325710959001453,1
-0.877715807091801,-0.0306338506285448,-0.4325710959001453,0
0.320324789584565,-0.5681218302071726,-0.4325710959001453,0
0.0665300824794515,-0.5681218302071726,-0.4325710959001453,0
1.582579072786799,2.3520244308559812,2.8370559501753885,0
-1.5770433152957206,0.1101124867991555,1.7491189927687478,0
-1.2273795611937608,0.5068541289500829,-0.4325710959001453,1
-1.5770433152957206,0.1101124867991555,-0.4325710959001453,0
-1.5770433152957206,-0.5681218302071726,3.197133348148228,1
-1.5770433152957206,-0.0306338506285448,-0.4325710959001453,1
-1.5770433152957206,0.2192838275796948,-0.4325710959001453,1
-0.2831336716225083,1.1119311452380842,-0.4325710959001453,1
-1.2273795611937608,1.4430929635357743,-0.4325710959001453,1
-0.2109452827696042,-0.5681218302071726,-0.4325710959001453,0
0.5873139771947735,-0.5681218302071726,-0.4325710959001453,0
-1.5770433152957206,1.616790860501491,-0.4325710959001453,1
-0.415485466780634,1.524205604459575,0.7672287963606622,1
0.6581183921644651,-0.5681218302071726,-0.4325710959001453,0
-0.4686354390697412,-0.5681218302071726,-0.4325710959001453,0
0.3758156392251084,-0.5681218302071726,-0.4325710959001453,0
-0.4686354390697412,0.6050307903411093,-0.4325710959001453,1
-0.3674054684639838,-0.5681218302071726,-0.4325710959001453,0
-0.3674054684639838,0.3839003938708738,-0.4325710959001453,0
-0.0177417143620239,0.8724232776792274,-0.4325710959001453,0
-0.2831336716225083,1.5818300881073382,-0.4325710959001453,1
-0.765149220882594,-0.5681218302071726,-0.4325710959001453,0
-1.5770433152957206,-0.2290046717040085,-0.4325710959001453,1
0.2164810402606826,-0.5681218302071726,0.0315748605406486,0
-0.2831336716225083,-0.5681218302071726,-0.4325710959001453,0
-0.3235118689788113,-0.5681218302071726,-0.4325710959001453,0
0.6815857938418957,-0.5681218302071726,-0.4325710959001453,0
0.4063982246411257,-0.5681218302071726,-0.4325710959001453,0
2.2016153944170047,3.647346540908415,3.582779565520847,0
-1.5770433152957206,0.3839003938708738,-0.4325710959001453,1
1.2103165297659846,1.917917870721943,-0.4325710959001453,1
-1.022839377182731,-0.5681218302071726,-0.4325710959001453,0
-1.2273795611937608,-0.2290046717040085,0.3030828399198684,0
0.3432586553433853,-0.5681218302071726,-0.4325710959001453,0
-1.5770433152957206,2.3020045061788226,-0.4325710959001453,1
-0.0658217126786743,2.219139243710611,1.3345972959078458,1
0.2579667203099265,-0.5681218302071726,-0.4325710959001453,0
-0.765149220882594,-0.5681218302071726,-0.4325710959001453,0
0.4063982246411257,2.473306968262871,-0.4325710959001453,1
-0.1478057134718639,-0.5681218302071726,-0.4325710959001453,0
-0.5954130541524439,-0.5681218302071726,-0.4325710959001453,1
-0.765149220882594,0.9213883734495016,-0.4325710959001453,1
-1.5770433152957206,0.3084833078746191,-0.4325710959001453,0
-0.2457493000504842,-0.5681218302071726,-0.4325710959001453,1
-1.022839377182731,-0.5681218302071726,-0.4325710959001453,0
-1.022839377182731,0.1101124867991555,-0.4325710959001453,1
1.1834883017733726,-0.5681218302071726,-0.4325710959001453,0
0.6699885436865246,-0.5681218302071726,-0.4325710959001453,0
-1.2273795611937608,0.8724232776792274,-0.4325710959001453,1
0.6459621855374788,-0.5681218302071726,0.0315748605406486,0
-1.022839377182731,-0.5681218302071726,-0.4325710959001453,0
-1.2273795611937608,0.3839003938708738,-0.4325710959001453,1
-1.5770433152957206,0.4492296453023196,-0.4325710959001453,1
-0.1783882988878814,-0.5681218302071726,-0.4325710959001453,0
-0.6731756230807712,-0.5681218302071726,-0.4325710959001453,0
2.2888252454848517,-0.5681218302071726,1.3345972959078458,0
1.7391033125938953,2.8075169377539044,2.909127710654263,1
-0.3235118689788113,0.8724232776792274,-0.4325710959001453,1
-0.0177417143620239,-0.5681218302071726,-0.4325710959001453,0
-0.5954130541524439,-0.5681218302071726,-0.4325710959001453,0
-1.5770433152957206,0.3084833078746191,-0.4325710959001453,0
-0.765149220882594,1.142518769919737,-0.4325710959001453,1
-1.5770433152957206,-0.5681218302071726,-0.4325710959001453,0
-1.5770433152957206,0.9441479488442734,-0.4325710959001453,1
-0.3674054684639838,-0.5681218302071726,-0.4325710959001453,0
-1.5770433152957206,-0.5681218302071726,-0.4325710959001453,1
-0.5954130541524439,-0.5681218302071726,-0.4325710959001453,0
-0.877715807091801,-0.5681218302071726,-0.4325710959001453,1
0.9606021627541153,2.238453961528116,3.546852578124866,0
-0.6731756230807712,-0.5681218302071726,-0.4325710959001453,0
-1.022839377182731,-0.5681218302071726,-0.4325710959001453,0
1.894340796816695,-0.5681218302071726,-0.4325710959001453,0
-0.5954130541524439,0.9658956466438964,-0.4325710959001453,1
-0.4686354390697412,0.686760772221084,-0.4325710959001453,1
-1.5770433152957206,1.817032592625003,-0.4325710959001453,1
-0.877715807091801,-0.5681218302071726,-0.4325710959001453,0
-0.0916970337920332,-0.5681218302071726,-0.4325710959001453,0
-1.5770433152957206,1.0443421085287103,-0.4325710959001453,1
-0.6731756230807712,-0.5681218302071726,0.0315748605406486,1
-1.022839377182731,-0.5681218302071726,-0.4325710959001453,0
-1.2273795611937608,-0.5681218302071726,-0.4325710959001453,0
2.435604717249354,-0.5681218302071726,-0.4325710959001453,0
-1.2273795611937608,-0.5681218302071726,-0.4325710959001453,0
-0.877715807091801,-0.5681218302071726,-0.4325710959001453,0
-0.4686354390697412,0.686760772221084,-0.4325710959001453,1
0.4063982246411257,1.5033836262225244,1.502882732180676,0
-0.765149220882594,-0.5681218302071726,-0.4325710959001453,0
-1.022839377182731,-0.5681218302071726,-0.4325710959001453,0
-0.4686354390697412,0.686760772221084,-0.4325710959001453,1
-0.0916970337920332,1.1119311452380842,-0.4325710959001453,1
-1.2273795611937608,1.2487159821318428,1.038736775739882,1
-0.1478057134718639,-0.5681218302071726,-0.4325710959001453,1
-1.5770433152957206,0.1101124867991555,-0.4325710959001453,1
-1.5770433152957206,0.7230175523740379,-0.4325710959001453,1
-0.765149220882594,-0.5681218302071726,-0.4325710959001453,1
-1.2273795611937608,0.1101124867991555,-0.4325710959001453,1
-0.6731756230807712,0.3084833078746191,-0.4325710959001453,0
-0.765149220882594,0.2192838275796948,-0.4325710959001453,1
-0.5954130541524439,0.6050307903411093,-0.4325710959001453,1
-1.5770433152957206,-0.0306338506285448,-0.4325710959001453,1
1.0196522977884843,2.6967401040881707,1.5734343533696875,1
-1.022839377182731,-0.5681218302071726,-0.4325710959001453,1
-1.2273795611937608,0.8180069540049123,-0.4325710959001453,1
0.6459621855374788,1.2366353030891872,-0.4325710959001453,0
-1.2273795611937608,0.3839003938708738,-0.4325710959001453,1
-1.022839377182731,-0.5681218302071726,-0.4325710959001453,0
0.7201970606210935,-0.5681218302071726,-0.4325710959001453,0
-0.765149220882594,-0.5681218302071726,-0.4325710959001453,0
1.5709147805469357,-0.5681218302071726,-0.4325710959001453,0
-0.4686354390697412,-0.5681218302071726,-0.4325710959001453,0
0.2710702664904812,-0.5681218302071726,-0.4325710959001453,0
0.1387184713323555,-0.5681218302071726,-0.4325710959001453,0
-1.022839377182731,2.4915179055174437,-0.4325710959001453,1
-1.5770433152957206,0.4492296453023196,-0.4325710959001453,1
-1.5770433152957206,-0.5681218302071726,-0.4325710959001453,0
0.1387184713323555,-0.5681218302071726,-0.4325710959001453,0
-0.765149220882594,0.3839003938708738,-0.4325710959001453,1
-0.5954130541524439,-0.5681218302071726,-0.4325710959001453,0
-1.5770433152957206,-0.0306338506285448,-0.4325710959001453,1
0.6872859467395543,1.627910490126098,2.9531976284670196,0
-0.3674054684639838,0.3084833078746191,-0.4325710959001453,1
0.7201970606210935,-0.5681218302071726,-0.4325710959001453,1
-0.2457493000504842,-0.5681218302071726,-0.4325710959001453,0
0.8252742046034711,1.1984931924996616,1.8668990889798236,0
0.9863126013152558,-0.5681218302071726,-0.4325710959001453,0
-1.5770433152957206,0.3839003938708738,-0.4325710959001453,1
-1.022839377182731,1.3359226179489203,-0.4325710959001453,1
1.9566265924222075,-0.5681218302071726,-0.4325710959001453,0
-1.022839377182731,-0.5681218302071726,-0.4325710959001453,0
-1.5770433152957206,0.5068541289500829,-0.4325710959001453,1
-0.5954130541524439,1.3359226179489203,-0.4325710959001453,1
-1.5770433152957206,0.7567718071583226,-0.4325710959001453,1
-0.5280520529898413,0.8724232776792274,-0.4325710959001453,1
0.7560619787430853,1.7781834108893912,-0.4325710959001453,0
-1.5770433152957206,-0.0306338506285448,-0.4325710959001453,1
-0.4686354390697412,0.9213883734495016,-0.4325710959001453,1
-0.877715807091801,0.9441479488442734,-0.4325710959001453,1
-0.0658217126786743,0.3084833078746191,-0.4325710959001453,1
-0.2457493000504842,-0.5681218302071726,-0.4325710959001453,0
-1.5770433152957206,-0.0306338506285448,-0.4325710959001453,1
-1.5770433152957206,0.5068541289500829,-0.4325710959001453,1
0.8822897756089383,1.1984931924996616,-0.4325710959001453,0
-0.3674054684639838,-0.5681218302071726,-0.4325710959001453,0
1.679334300361161,-0.5681218302071726,0.7672287963606622,0
0.2018580406300959,-0.5681218302071726,-0.4325710959001453,0
-0.3235118689788113,-0.5681218302071726,-0.4325710959001453,0
0.725479393327068,-0.5681218302071726,-0.4325710959001453,0
0.4967205667491803,-0.5681218302071726,-0.4325710959001453,0
-0.877715807091801,-0.5681218302071726,-0.4325710959001453,0
-1.5770433152957206,0.8459712874532468,-0.4325710959001453,1
-1.022839377182731,1.0066894853665624,-0.4325710959001453,1
0.9085500323869288,1.6800067494983646,2.101402014355375,0
-1.5770433152957206,1.3359226179489203,2.630751762662678,1
-1.022839377182731,-0.5681218302071726,-0.4325710959001453,0
-1.2273795611937608,-0.0306338506285448,-0.4325710959001453,1
-0.877715807091801,-0.5681218302071726,-0.4325710959001453,1
-1.2273795611937608,-0.5681218302071726,-0.4325710959001453,0
-0.3674054684639838,-0.5681218302071726,-0.4325710959001453,1
0.0467448735305326,0.2192838275796948,-0.4325710959001453,0
-0.5954130541524439,0.6050307903411093,-0.4325710959001453,0
-0.2831336716225083,0.686760772221084,-0.4325710959001453,1
-0.0177417143620239,0.5068541289500829,0.8704513394670519,0
-0.6731756230807712,-0.5681218302071726,-0.4325710959001453,1
0.0261518851231485,-0.5681218302071726,-0.4325710959001453,0
-1.5770433152957206,0.3839003938708738,-0.4325710959001453,1
-1.2273795611937608,-0.5681218302071726,-0.4325710959001453,0
1.4300344940530856,2.385862095860032,-0.4325710959001453,0
-1.2273795611937608,0.5068541289500829,-0.4325710959001453,1
0.8745287276975545,-0.5681218302071726,-0.4325710959001453,0
0.1867984696490057,2.2256625755917487,0.4957208169814426,1
0.6581183921644651,-0.5681218302071726,-0.4325710959001453,0
-1.5770433152957206,0.2192838275796948,-0.4325710959001453,1
-0.3235118689788113,-0.5681218302071726,-0.4325710959001453,0
-0.765149220882594,-0.5681218302071726,-0.4325710959001453,0
-0.877715807091801,-0.5681218302071726,-0.4325710959001453,0
-1.022839377182731,-0.2290046717040085,-0.4325710959001453,1
-1.022839377182731,-0.5681218302071726,-0.4325710959001453,1
-1.5770433152957206,0.3839003938708738,-0.4325710959001453,1
-0.1189716849677815,1.4012518693803664,0.4957208169814426,1
-1.5770433152957206,0.3839003938708738,-0.4325710959001453,1
-1.5770433152957206,0.4492296453023196,-0.4325710959001453,1
-0.2457493000504842,-0.5681218302071726,-0.4325710959001453,0
-1.2273795611937608,0.3839003938708738,-0.4325710959001453,1
-1.5770433152957206,1.0443421085287103,-0.4325710959001453,1
0.1216165568165608,2.2091882028396483,0.0315748605406486,1
-0.415485466780634,0.3839003938708738,-0.4325710959001453,1
-1.5770433152957206,1.54417746494519,-0.4325710959001453,1
-1.2273795611937608,-0.2290046717040085,-0.4325710959001453,1
1.6440201281431353,-0.5681218302071726,1.9853756190234169,0
-0.2457493000504842,-0.5681218302071726,-0.4325710959001453,0
-0.5954130541524439,1.0443421085287103,-0.4325710959001453,0
-0.877715807091801,-0.0306338506285448,-0.4325710959001453,0
-1.5770433152957206,1.8599133927693656,-0.4325710959001453,1
-0.3235118689788113,0.686760772221084,0.3030828399198684,0
0.4161938365814114,2.517176957737025,0.8704513394670519,0
-1.022839377182731,-0.5681218302071726,-0.4325710959001453,1
-1.5770433152957206,0.1101124867991555,-0.4325710959001453,0
-1.5770433152957206,0.7567718071583226,-0.4325710959001453,1
1.187709733638235,-0.5681218302071726,-0.4325710959001453,0
-0.2831336716225083,0.7883468038054837,-0.4325710959001453,0
-0.2831336716225083,1.2942597867369503,-0.4325710959001453,1
-0.5954130541524439,-0.5681218302071726,-0.4325710959001453,1
0.2710702664904812,-0.5681218302071726,-0.4325710959001453,0
-0.3674054684639838,-0.5681218302071726,-0.4325710959001453,1
-0.877715807091801,0.6050307903411093,0.4957208169814426,0
-0.3235118689788113,-0.5681218302071726,-0.4325710959001453,0
-0.3674054684639838,-0.5681218302071726,-0.4325710959001453,1
0.0467448735305326,0.686760772221084,0.0315748605406486,0
-1.022839377182731,0.6050307903411093,-0.4325710959001453,1
-1.022839377182731,-0.5681218302071726,-0.4325710959001453,0
-0.877715807091801,-0.5681218302071726,-0.4325710959001453,0
1.6069628383202483,-0.5681218302071726,1.502882732180676,0
-1.5770433152957206,2.73480489462335,-0.4325710959001453,1
-1.022839377182731,1.684923802372891,-0.4325710959001453,1
0.2018580406300959,-0.5681218302071726,0.6451424404881,0
0.1387184713323555,-0.5681218302071726,-0.4325710959001453,0
-0.2457493000504842,0.8724232776792274,-0.4325710959001453,1
0.0665300824794515,-0.5681218302071726,-0.4325710959001453,0
0.3964086276324924,-0.5681218302071726,0.3030828399198684,0
-1.5770433152957206,0.7567718071583226,-0.4325710959001453,1
1.395044706869896,-0.5681218302071726,-0.4325710959001453,0
-1.022839377182731,0.3839003938708738,-0.4325710959001453,1
0.9472382510637696,-0.5681218302071726,1.9087640372938008,0
-0.3674054684639838,-0.5681218302071726,-0.4325710959001453,0
-0.2109452827696042,-0.5681218302071726,-0.4325710959001453,0
-1.2273795611937608,-0.0306338506285448,-0.4325710959001453,1
-1.5770433152957206,0.1101124867991555,-0.4325710959001453,1
-0.4686354390697412,-0.5681218302071726,-0.4325710959001453,0
1.0225767011321365,2.11527471704512,2.341759211107079,1
0.1216165568165608,-0.5681218302071726,-0.4325710959001453,0
1.1081925258486456,-0.5681218302071726,-0.4325710959001453,0
-1.5770433152957206,0.2192838275796948,-0.4325710959001453,1
-0.2831336716225083,-0.5681218302071726,-0.4325710959001453,0
0.2164810402606826,-0.5681218302071726,-0.4325710959001453,0
0.3319220397399356,2.045575898227509,-0.4325710959001453,1
-0.877715807091801,1.1119311452380842,-0.4325710959001453,1
0.5364622237509654,0.7567718071583226,-0.4325710959001453,0
-1.5770433152957206,1.0258779307242485,-0.4325710959001453,1
-0.877715807091801,-0.0306338506285448,-0.4325710959001453,1
1.045380952767936,2.85852098691619,2.5805962685689217,1
0.0855684990432483,-0.5681218302071726,-0.4325710959001453,0
0.5364622237509654,1.917917870721943,1.5734343533696875,1
-1.5770433152957206,0.3084833078746191,-0.4325710959001453,1
-0.6731756230807712,-0.5681218302071726,-0.4325710959001453,1
-0.765149220882594,-0.5681218302071726,-0.4325710959001453,1
0.2710702664904812,1.8530225374057288,2.274741218538306,1
0.0261518851231485,-0.5681218302071726,-0.4325710959001453,0
0.5287604227906182,-0.5681218302071726,-0.4325710959001453,0
-0.6731756230807712,-0.5681218302071726,-0.4325710959001453,0
1.6995464218844498,2.488687178375383,2.3310450454206175,0
-1.5770433152957206,2.026481078866254,-0.4325710959001453,1
2.439662279874277,-0.5681218302071726,2.226020021899878,0
-0.5954130541524439,-0.5681218302071726,-0.4325710959001453,0
0.0665300824794515,-0.5681218302071726,-0.4325710959001453,0
0.2018580406300959,0.5068541289500829,-0.4325710959001453,1
-1.5770433152957206,0.6476004663777833,-0.4325710959001453,1
-1.5770433152957206,0.2192838275796948,-0.4325710959001453,1
-0.415485466780634,-0.5681218302071726,-0.4325710959001453,0
0.2962984314355189,-0.5681218302071726,-0.4325710959001453,0
-0.3235118689788113,-0.5681218302071726,0.0315748605406486,0
-1.5770433152957206,0.3839003938708738,-0.4325710959001453,0
0.6872859467395543,-0.5681218302071726,-0.4325710959001453,1
1.8854583417612871,3.041698117521922,-0.4325710959001453,0
0.7941523800511028,-0.5681218302071726,-0.4325710959001453,1
0.4967205667491803,2.255513277942701,2.3310450454206175,0
-1.5770433152957206,0.3084833078746191,-0.4325710959001453,1
2.452671205088353,3.152029307896053,-0.4325710959001453,0
-0.2831336716225083,1.1119311452380842,-0.4325710959001453,0
1.0698608147230533,-0.5681218302071726,-0.4325710959001453,0
-1.5770433152957206,0.3084833078746191,-0.4325710959001453,0
-1.2273795611937608,0.686760772221084,-0.4325710959001453,1
-0.877715807091801,-0.5681218302071726,-0.4325710959001453,0
-0.3674054684639838,-0.5681218302071726,-0.4325710959001453,0
-0.5280520529898413,-0.5681218302071726,-0.4325710959001453,0
-1.022839377182731,-0.0306338506285448,-0.4325710959001453,1
-1.022839377182731,-0.0306338506285448,-0.4325710959001453,1
-1.5770433152957206,2.0924184629339284,-0.4325710959001453,1
-1.2273795611937608,1.1119311452380842,-0.4325710959001453,1
0.1387184713323555,0.4492296453023196,0.3030828399198684,0
0.9472382510637696,1.53095388583332,2.262889208789434,0
-0.4686354390697412,1.4430929635357743,-0.4325710959001453,1
-0.3674054684639838,-0.5681218302071726,-0.4325710959001453,0
0.1216165568165608,1.0258779307242485,-0.4325710959001453,1
-1.5770433152957206,1.689791928536755,-0.4325710959001453,1
1.7570968692894882,-0.5681218302071726,0.8704513394670519,0
0.1387184713323555,-0.5681218302071726,-0.4325710959001453,0
-0.5280520529898413,-0.5681218302071726,-0.4325710959001453,0
-0.415485466780634,0.6050307903411093,-0.4325710959001453,0
0.5588862782849688,2.8655796145727908,2.550153705012824,1
-1.5770433152957206,-0.0306338506285448,-0.4325710959001453,1
-0.5954130541524439,-0.5681218302071726,-0.4325710959001453,1
0.6397724371562382,-0.5681218302071726,-0.4325710959001453,0
-1.5770433152957206,1.1119311452380842,-0.4325710959001453,1
-1.5770433152957206,0.2192838275796948,-0.4325710959001453,1
-0.6731756230807712,-0.5681218302071726,-0.4325710959001453,0
-1.5770433152957206,0.5584009860828592,-0.4325710959001453,1
0.8338245476714128,2.158013534878761,0.8704513394670519,0
0.9925405589874838,1.6649519418872756,2.3201566580421087,0
-1.2273795611937608,0.3839003938708738,-0.4325710959001453,1
-0.0658217126786743,-0.5681218302071726,-0.4325710959001453,0
-1.5770433152957206,0.5584009860828592,-0.4325710959001453,0
-1.5770433152957206,1.6546517163302652,-0.4325710959001453,1
-0.3674054684639838,-0.5681218302071726,-0.4325710959001453,0
-0.1189716849677815,-0.5681218302071726,-0.4325710959001453,1
-1.5770433152957206,0.2192838275796948,-0.4325710959001453,0
-0.4686354390697412,-0.5681218302071726,0.4957208169814426,0
-1.5770433152957206,-0.2290046717040085,-0.4325710959001453,1
0.915808548464602,1.8281102577907904,1.96702868862147,0
1.4771680415029498,-0.5681218302071726,-0.4325710959001453,0
-1.5770433152957206,-0.2290046717040085,-0.4325710959001453,1
0.6009488116435222,-0.5681218302071726,-0.4325710959001453,0
-1.022839377182731,-0.5681218302071726,-0.4325710959001453,0
1.1939763752692276,-0.5681218302071726,-0.4325710959001453,0
-0.877715807091801,-0.5681218302071726,-0.4325710959001453,0
-0.765149220882594,-0.5681218302071726,-0.4325710959001453,0
-1.5770433152957206,0.7230175523740379,-0.4325710959001453,1
-0.5954130541524439,-0.5681218302071726,-0.4325710959001453,0
-0.5954130541524439,-0.5681218302071726,-0.4325710959001453,0
-0.3674054684639838,-0.5681218302071726,-0.4325710959001453,0
-0.415485466780634,0.1101124867991555,-0.4325710959001453,0
0.8422323783677529,2.0066106263285306,0.0315748605406486,0
-0.765149220882594,0.9213883734495016,-0.4325710959001453,1
-1.2273795611937608,0.9867176248809476,-0.4325710959001453,1
-0.1478057134718639,-0.5681218302071726,-0.4325710959001453,0
-1.5770433152957206,0.4492296453023196,-0.4325710959001453,1
0.1039144540514755,-0.5681218302071726,-0.4325710959001453,0
-1.5770433152957206,2.135165368692827,-0.4325710959001453,1
-0.6731756230807712,-0.5681218302071726,-0.4325710959001453,0
-0.1478057134718639,-0.5681218302071726,-0.4325710959001453,0
-1.2273795611937608,1.1119311452380842,-0.4325710959001453,1
1.2690627672897257,-0.5681218302071726,1.038736775739882,0
-0.765149220882594,-0.5681218302071726,-0.4325710959001453,0
0.3758156392251084,-0.5681218302071726,-0.4325710959001453,0
-1.022839377182731,0.2192838275796948,-0.4325710959001453,1
0.4712803109185204,-0.5681218302071726,-0.4325710959001453,0
-0.765149220882594,-0.5681218302071726,-0.4325710959001453,1
-1.2273795611937608,1.1119311452380842,-0.4325710959001453,1
0.1387184713323555,-0.5681218302071726,-0.4325710959001453,0
0.0855684990432483,-0.5681218302071726,-0.4325710959001453,0
-0.6731756230807712,0.6050307903411093,-0.4325710959001453,1
0.7358809610927927,1.1119311452380842,-0.4325710959001453,0
-0.5280520529898413,-0.5681218302071726,-0.4325710959001453,0
-0.6731756230807712,0.686760772221084,-0.4325710959001453,1
-0.765149220882594,1.0793028809228633,0.3030828399198684,1
0.6207340205924411,2.651407452979156,1.038736775739882,1
1.0803707399511258,-0.5681218302071726,-0.4325710959001453,0
0.4625069043209565,1.1119311452380842,1.4646082539681988,0
1.2163101626178738,2.3870283482426973,2.341759211107079,0
-1.5770433152957206,3.4299113195526267,-0.4325710959001453,1
0.2962984314355189,0.9213883734495016,-0.4325710959001453,0
1.1960480749531,-0.5681218302071726,-0.4325710959001453,0
-1.5770433152957206,0.4492296453023196,-0.4325710959001453,1
-1.5770433152957206,0.3084833078746191,-0.4325710959001453,1
-1.5770433152957206,-0.2290046717040085,0.4957208169814426,1
-1.2273795611937608,-0.5681218302071726,-0.4325710959001453,0
-1.2273795611937608,-0.0306338506285448,-0.4325710959001453,1
-1.5770433152957206,0.8724232776792274,-0.4325710959001453,1
-0.4686354390697412,-0.5681218302071726,-0.4325710959001453,0
-0.0412091160394543,0.9213883734495016,1.6061052752870657,1
1.2796833314400575,1.870071044336484,1.667021894713126,0
-0.3674054684639838,-0.5681218302071726,-0.4325710959001453,0
-0.765149220882594,0.8724232776792274,-0.4325710959001453,1
-0.6731756230807712,1.0258779307242485,-0.4325710959001453,1
0.2962984314355189,-0.5681218302071726,-0.4325710959001453,1
2.354911051173846,3.318835971744387,4.3316284321136616,0
0.9986925640621322,1.8095056342718991,-0.4325710959001453,0
0.7410024077619953,1.54417746494519,1.6955207092422502,0
-1.5770433152957206,2.077297177621418,-0.4325710959001453,1
0.9193990131877658,-0.5681218302071726,1.284973036327954,0
0.6929224094453451,1.744717880010124,0.0315748605406486,0
-1.022839377182731,-0.5681218302071726,-0.4325710959001453,0
-1.5770433152957206,0.1101124867991555,-0.4325710959001453,1
-1.2273795611937608,0.8724232776792274,-0.4325710959001453,1
2.1434646736681526,3.099288646029106,3.700129659424896,0
-0.877715807091801,-0.5681218302071726,-0.4325710959001453,0
-0.877715807091801,-0.0306338506285448,-0.4325710959001453,0
-0.3674054684639838,0.6476004663777833,-0.4325710959001453,1
-1.022839377182731,-0.5681218302071726,-0.4325710959001453,1
-0.3235118689788113,0.3084833078746191,-0.4325710959001453,1
-0.415485466780634,1.5818300881073382,-0.4325710959001453,1
-0.0916970337920332,-0.5681218302071726,-0.4325710959001453,0
-0.765149220882594,-0.5681218302071726,-0.4325710959001453,1
-1.5770433152957206,1.1984931924996616,-0.4325710959001453,1
-0.765149220882594,-0.5681218302071726,-0.4325710959001453,0
-0.2457493000504842,2.0502353871882937,1.7491189927687478,1
-0.5954130541524439,-0.5681218302071726,-0.4325710959001453,0
1.1662401886870657,0.7883468038054837,-0.4325710959001453,1
-0.2457493000504842,1.062134710877202,-0.4325710959001453,1
0.1387184713323555,-0.5681218302071726,1.038736775739882,0
-0.3674054684639838,-0.5681218302071726,-0.4325710959001453,0
-0.2457493000504842,-0.5681218302071726,-0.4325710959001453,0
-1.5770433152957206,0.9658956466438964,-0.4325710959001453,1
-0.5954130541524439,1.2115404361823916,0.8704513394670519,1
-0.415485466780634,-0.5681218302071726,-0.4325710959001453,0
-1.2273795611937608,1.1119311452380842,-0.4325710959001453,1
-0.2109452827696042,-0.5681218302071726,-0.4325710959001453,0
-1.022839377182731,-0.5681218302071726,-0.4325710959001453,1
0.7510919073680482,-0.5681218302071726,-0.4325710959001453,0
-1.5770433152957206,-0.0306338506285448,-0.4325710959001453,1
2.2972839876416873,-0.5681218302071726,-0.4325710959001453,0
0.765857590683371,-0.5681218302071726,-0.4325710959001453,0
-1.2273795611937608,0.686760772221084,0.0315748605406486,1
0.7040098483758988,-0.5681218302071726,-0.4325710959001453,0
1.2022126098811792,-0.5681218302071726,-0.4325710959001453,0
3.2488431851513746,-0.5681218302071726,-0.4325710959001453,0
-0.5954130541524439,0.9213883734495016,-0.4325710959001453,1
-1.5770433152957206,0.2192838275796948,0.0315748605406486,0
-0.0658217126786743,-0.5681218302071726,-0.4325710959001453,0
-0.0412091160394543,-0.5681218302071726,-0.4325710959001453,0
-1.022839377182731,0.2192838275796948,-0.4325710959001453,1
0.2710702664904812,1.8530225374057288,2.3090882891897015,1
0.4967205667491803,1.9752045962321263,-0.4325710959001453,0
-1.5770433152957206,1.1119311452380842,-0.4325710959001453,1
1.174937958705431,2.3393490420242076,2.3201566580421087,0
-0.877715807091801,-0.5681218302071726,-0.4325710959001453,0
-1.022839377182731,0.5584009860828592,-0.4325710959001453,1
-0.765149220882594,-0.5681218302071726,-0.4325710959001453,1
-1.5770433152957206,-0.5681218302071726,-0.4325710959001453,1
-0.0658217126786743,-0.5681218302071726,-0.4325710959001453,1
0.0467448735305326,-0.5681218302071726,-0.4325710959001453,0
1.6817082255139792,3.14217514510289,3.3594665579438523,0
-1.5770433152957206,2.273469151656917,-0.4325710959001453,1
-1.5770433152957206,-0.5681218302071726,-0.4325710959001453,1
0.7510919073680482,2.4848872164151103,-0.4325710959001453,1
-0.1783882988878814,-0.5681218302071726,-0.4325710959001453,0
0.6581183921644651,1.4588763530281292,1.5734343533696875,0
-1.2273795611937608,1.0793028809228633,-0.4325710959001453,1
-0.877715807091801,-0.5681218302071726,-0.4325710959001453,1
-1.5770433152957206,0.6050307903411093,-0.4325710959001453,1
-0.0412091160394543,-0.5681218302071726,-0.4325710959001453,0
0.5661447943626426,0.9867176248809476,0.7672287963606622,0
-1.5770433152957206,4.277111054976728,-0.4325710959001453,0
-1.5770433152957206,0.5068541289500829,-0.4325710959001453,1
-0.877715807091801,-0.5681218302071726,-0.4325710959001453,1
-0.765149220882594,-0.5681218302071726,-0.4325710959001453,0
-1.022839377182731,-0.0306338506285448,-0.4325710959001453,1
-0.877715807091801,0.3839003938708738,-0.4325710959001453,1
-1.022839377182731,0.4492296453023196,-0.4325710959001453,1
-1.5770433152957206,-0.0306338506285448,-0.4325710959001453,1
-1.2273795611937608,0.2192838275796948,-0.4325710959001453,0
1.120348732475632,-0.5681218302071726,-0.4325710959001453,0
-1.5770433152957206,0.1101124867991555,-0.4325710959001453,1
1.0167108424339464,2.285083765786366,3.197133348148228,0
-0.1189716849677815,-0.5681218302071726,-0.4325710959001453,0
-0.3235118689788113,-0.5681218302071726,-0.4325710959001453,0
-0.877715807091801,-0.5681218302071726,-0.4325710959001453,1
1.3296705462592011,2.5286475541318216,2.5263776783101486,0
2.7271343976176645,3.234228083666798,4.513980168974881,0
-0.5954130541524439,0.6476004663777833,-0.4325710959001453,1
-0.2457493000504842,0.9213883734495016,-0.4325710959001453,1
1.2935049676550667,2.0639533693161307,2.587995471695151,0
-0.877715807091801,0.6050307903411093,-0.4325710959001453,0
0.1712754552140784,-0.5681218302071726,-0.4325710959001453,0
-0.5280520529898413,-0.5681218302071726,-0.4325710959001453,0
0.5129948220735353,2.5574348358698265,-0.4325710959001453,0
-0.6731756230807712,0.2192838275796948,-0.4325710959001453,0
0.1387184713323555,-0.5681218302071726,-0.4325710959001453,0
-1.022839377182731,0.5068541289500829,-0.4325710959001453,1
-0.5954130541524439,-0.5681218302071726,-0.4325710959001453,0
0.5440482037570622,-0.5681218302071726,-0.4325710959001453,0
-1.2273795611937608,0.1101124867991555,-0.4325710959001453,1
-0.1478057134718639,-0.5681218302071726,-0.4325710959001453,0
-1.2273795611937608,-0.5681218302071726,-0.4325710959001453,0
-0.2831336716225083,0.686760772221084,-0.4325710959001453,0
-0.765149220882594,-0.5681218302071726,-0.4325710959001453,0
-0.2831336716225083,-0.5681218302071726,-0.4325710959001453,0
-0.4686354390697412,-0.5681218302071726,-0.4325710959001453,0
1.2690627672897257,-0.5681218302071726,0.0315748605406486,0
-1.2273795611937608,-0.5681218302071726,-0.4325710959001453,0
-1.5770433152957206,0.7883468038054837,-0.4325710959001453,1
-0.5954130541524439,-0.5681218302071726,-0.4325710959001453,0
-1.5770433152957206,0.7567718071583226,-0.4325710959001453,1
0.9335106512296872,2.701050639839066,3.731534567698576,0
-1.5770433152957206,1.2720176546932715,-0.4325710959001453,1
-1.5770433152957206,1.1119311452380842,-0.4325710959001453,1
-0.4686354390697412,-0.5681218302071726,-0.4325710959001453,0
-0.5280520529898413,0.3084833078746191,-0.4325710959001453,0
-0.877715807091801,-0.0306338506285448,-0.4325710959001453,0
-0.765149220882594,-0.5681218302071726,-0.4325710959001453,0
-1.5770433152957206,0.1101124867991555,-0.4325710959001453,1
0.4161938365814114,-0.5681218302071726,-0.4325710959001453,0
-1.022839377182731,-0.5681218302071726,-0.4325710959001453,0
-0.3674054684639838,0.5584009860828592,-0.4325710959001453,0
-1.5770433152957206,0.7883468038054837,-0.4325710959001453,1
0.4625069043209565,1.4430929635357743,1.3807963763081137,0
-1.022839377182731,0.3084833078746191,-0.4325710959001453,1
-1.5770433152957206,0.9658956466438964,-0.4325710959001453,0
-0.877715807091801,-0.5681218302071726,0.3030828399198684,1
0.0855684990432483,-0.5681218302071726,-0.4325710959001453,0
2.6889543505431086,-0.5681218302071726,-0.4325710959001453,0
-1.022839377182731,-0.2290046717040085,-0.4325710959001453,1
-0.3235118689788113,-0.5681218302071726,-0.4325710959001453,0
-1.5770433152957206,-0.0306338506285448,-0.4325710959001453,1
0.320324789584565,-0.5681218302071726,-0.4325710959001453,1
1.566965968492891,-0.5681218302071726,1.4646082539681988,0
0.5440482037570622,1.4267833651808035,0.4957208169814426,1
-0.877715807091801,1.1984931924996616,-0.4325710959001453,1
-1.5770433152957206,0.3084833078746191,-0.4325710959001453,1
-1.5770433152957206,1.2942597867369503,-0.4325710959001453,1
1.8069044657467477,-0.5681218302071726,-0.4325710959001453,0
-0.2457493000504842,-0.5681218302071726,-0.4325710959001453,0
-0.3235118689788113,1.0066894853665624,-0.4325710959001453,1
-1.022839377182731,0.1101124867991555,-0.4325710959001453,1
-1.5770433152957206,0.4492296453023196,-0.4325710959001453,1
0.7510919073680482,2.3643796996464626,3.1219567973875577,0
0.4258028540442518,-0.5681218302071726,-0.4325710959001453,0
-1.5770433152957206,0.7883468038054837,0.0315748605406486,1
-0.877715807091801,-0.5681218302071726,-0.4325710959001453,0
-1.5770433152957206,2.2585520618913124,-0.4325710959001453,1
-1.5770433152957206,0.4492296453023196,-0.4325710959001453,1
-0.4686354390697412,1.1850884459564108,1.2313747528014565,0
0.6009488116435222,1.6387829962991305,2.2863870958953356,0
0.004682340171979,-0.5681218302071726,-0.4325710959001453,1
-0.1783882988878814,1.2487159821318428,-0.4325710959001453,1
1.4221726492576328,-0.5681218302071726,2.0541150034646085,0
0.2164810402606826,-0.5681218302071726,-0.4325710959001453,0
0.0665300824794515,1.6387829962991305,-0.4325710959001453,1
-1.5770433152957206,1.1984931924996616,-0.4325710959001453,1
-1.5770433152957206,0.2192838275796948,-0.4325710959001453,1
-0.877715807091801,-0.5681218302071726,-0.4325710959001453,0
1.059127257367182,2.083835038513288,0.9598667734222364,0
-1.2273795611937608,0.686760772221084,-0.4325710959001453,1
-0.2457493000504842,-0.5681218302071726,-0.4325710959001453,0
-1.5770433152957206,0.2192838275796948,-0.4325710959001453,1
1.8764166776918223,2.477197586323623,3.835138118536215,0
1.252700527633758,3.1508083373525597,3.3709921620954217,1
-1.5770433152957206,0.2192838275796948,-0.4325710959001453,1
-0.2831336716225083,0.9867176248809476,-0.4325710959001453,1
-1.2273795611937608,0.5068541289500829,-0.4325710959001453,0
1.9634467706280287,3.060286777350335,2.2508236378620325,0
-0.1783882988878814,-0.5681218302071726,-0.4325710959001453,0
0.4063982246411257,-0.5681218302071726,-0.4325710959001453,0
1.252700527633758,3.188442849137115,2.037580309810482,1
0.838045979536275,-0.5681218302071726,-0.4325710959001453,0
-1.022839377182731,-0.2290046717040085,-0.4325710959001453,1
-0.5280520529898413,0.4492296453023196,-0.4325710959001453,0
-0.765149220882594,0.686760772221084,-0.4325710959001453,1
-0.0916970337920332,1.744717880010124,-0.4325710959001453,1
0.0467448735305326,-0.5681218302071726,0.0315748605406486,0
-0.6731756230807712,-0.5681218302071726,-0.4325710959001453,0
0.004682340171979,-0.5681218302071726,-0.4325710959001453,0
-1.5770433152957206,0.1101124867991555,-0.4325710959001453,1
-0.877715807091801,-0.0306338506285448,-0.4325710959001453,1
0.4712803109185204,2.6979755659640308,0.7672287963606622,1
-1.5770433152957206,0.3084833078746191,-0.4325710959001453,1
-1.5770433152957206,-0.2290046717040085,-0.4325710959001453,1
-1.5770433152957206,-0.5681218302071726,-0.4325710959001453,0
-1.5770433152957206,2.0432294062337406,-0.4325710959001453,1
-1.2273795611937608,0.5068541289500829,-0.4325710959001453,1
-1.5770433152957206,0.1101124867991555,-0.4325710959001453,1
1.9728427153776216,3.2488516174333677,3.869656571964542,0
-0.2109452827696042,-0.5681218302071726,-0.4325710959001453,0
-1.2273795611937608,1.708794031236369,0.0315748605406486,1
0.8165764345851058,1.0443421085287103,1.928754210408993,0
-0.877715807091801,-0.5681218302071726,-0.4325710959001453,0
-0.0412091160394543,-0.5681218302071726,-0.4325710959001453,0
-1.5770433152957206,0.2192838275796948,-0.4325710959001453,1
0.4444886259491429,0.8724232776792274,0.3030828399198684,0
-1.5770433152957206,0.7883468038054837,-0.4325710959001453,1
-1.2273795611937608,0.5068541289500829,-0.4325710959001453,1
-1.2273795611937608,0.1101124867991555,-0.4325710959001453,1
-0.765149220882594,-0.5681218302071726,-0.4325710959001453,1
-0.877715807091801,-0.5681218302071726,-0.4325710959001453,0
-1.5770433152957206,0.8180069540049123,-0.4325710959001453,1
-0.877715807091801,-0.5681218302071726,-0.4325710959001453,0
0.1216165568165608,-0.5681218302071726,-0.4325710959001453,1
-1.2273795611937608,0.2192838275796948,-0.4325710959001453,1
1.9020504450522648,2.990185213173285,3.2059636440604065,0
-1.5770433152957206,1.0958889656614867,-0.4325710959001453,1
-0.765149220882594,-0.5681218302071726,-0.4325710959001453,1
-1.2273795611937608,-0.0306338506285448,-0.4325710959001453,0
-0.2457493000504842,0.5584009860828592,-0.4325710959001453,0
-0.3674054684639838,-0.5681218302071726,-0.4325710959001453,0
-1.5770433152957206,0.5068541289500829,-0.4325710959001453,1
0.8586389679436596,2.4848872164151103,2.2978338886456955,0
-0.877715807091801,0.2192838275796948,-0.4325710959001453,0
1.3663745965359058,1.926950299138171,3.203033131419893,0
-1.5770433152957206,2.192139695908893,-0.4325710959001453,1
-0.765149220882594,1.2115404361823916,-0.4325710959001453,1
-1.5770433152957206,-0.5681218302071726,-0.4325710959001453,0
-1.2273795611937608,1.53095388583332,-0.4325710959001453,1
-1.022839377182731,0.2192838275796948,-0.4325710959001453,1
-1.022839377182731,-0.5681218302071726,-0.4325710959001453,0
-1.5770433152957206,-0.5681218302071726,-0.4325710959001453,1
1.5920974337368563,3.023010576138695,3.4938398836777567,0
0.0467448735305326,-0.5681218302071726,0.9598667734222364,0
0.6872859467395543,2.081665444523818,1.8222411394545417,0
0.9438412135531068,2.0639533693161307,2.609714815737937,0
-0.877715807091801,-0.2290046717040085,-0.4325710959001453,1
-0.3674054684639838,-0.5681218302071726,-0.4325710959001453,0
0.7410024077619953,0.3084833078746191,0.0315748605406486,0
-1.5770433152957206,0.4492296453023196,-0.4325710959001453,1
-0.3674054684639838,-0.5681218302071726,-0.4325710959001453,0
-0.765149220882594,-0.5681218302071726,-0.4325710959001453,0
-1.5770433152957206,0.3839003938708738,-0.4325710959001453,1
-1.5770433152957206,0.5584009860828592,-0.4325710959001453,1
-1.022839377182731,0.7230175523740379,-0.4325710959001453,1
-1.2273795611937608,0.2192838275796948,-0.4325710959001453,1
-0.2457493000504842,1.1850884459564108,-0.4325710959001453,1
-0.877715807091801,0.3084833078746191,-0.4325710959001453,1
-1.022839377182731,0.8459712874532468,-0.4325710959001453,1
0.3543460942739389,1.6700218592038678,1.7228559768763452,0
-1.2273795611937608,-0.5681218302071726,-0.4325710959001453,0
0.3964086276324924,-0.5681218302071726,-0.4325710959001453,0
-1.5770433152957206,0.2192838275796948,-0.4325710959001453,1
0.8463843208511401,1.1119311452380842,-0.4325710959001453,0
-1.5770433152957206,1.817032592625003,-0.4325710959001453,1
-0.3674054684639838,-0.5681218302071726,-0.4325710959001453,0
-0.5280520529898413,1.3359226179489203,-0.4325710959001453,0
-0.3674054684639838,-0.5681218302071726,-0.4325710959001453,1
-1.5770433152957206,-0.2290046717040085,-0.4325710959001453,1
-1.5770433152957206,0.2192838275796948,-0.4325710959001453,1
0.0665300824794515,1.699385228901109,1.4240127298630303,0
-1.022839377182731,-0.5681218302071726,-0.4325710959001453,0
-0.0412091160394543,-0.5681218302071726,-0.4325710959001453,1
-0.2831336716225083,0.5068541289500829,-0.4325710959001453,1
0.2962984314355189,1.3050128051470606,-0.4325710959001453,0
0.0855684990432483,1.54417746494519,1.3807963763081137,1
-0.0412091160394543,-0.5681218302071726,-0.4325710959001453,0
-0.0916970337920332,-0.5681218302071726,-0.4325710959001453,0
-0.0658217126786743,0.686760772221084,1.284973036327954,0
0.5873139771947735,-0.5681218302071726,-0.4325710959001453,0
-1.022839377182731,0.2192838275796948,-0.4325710959001453,1
-1.5770433152957206,1.4267833651808035,-0.4325710959001453,1
0.6076304744118864,-0.5681218302071726,-0.4325710959001453,0
-1.5770433152957206,-0.5681218302071726,-0.4325710959001453,0
1.393649247711654,2.4283344585909945,2.0702512317278594,0
1.034107675498931,1.917917870721943,1.6061052752870657,0
-0.5280520529898413,-0.5681218302071726,-0.4325710959001453,0
-1.022839377182731,0.1101124867991555,-0.4325710959001453,0
-1.5770433152957206,-0.5681218302071726,-0.4325710959001453,0
1.3452896937413985,2.4877399512782277,2.6025530247998376,0
-0.5280520529898413,-0.5681218302071726,-0.4325710959001453,0
0.6397724371562382,-0.5681218302071726,-0.4325710959001453,0
-1.5770433152957206,1.488993099287626,-0.4325710959001453,1
0.6009488116435222,1.8353584295144048,1.6955207092422502,0
0.004682340171979,1.0443421085287103,-0.4325710959001453,0
-0.877715807091801,0.3839003938708738,-0.4325710959001453,0
-1.022839377182731,0.3839003938708738,-0.4325710959001453,1
-1.5770433152957206,0.2192838275796948,-0.4325710959001453,1
0.0261518851231485,-0.5681218302071726,-0.4325710959001453,0
-1.5770433152957206,0.1101124867991555,-0.4325710959001453,1
-0.1189716849677815,-0.5681218302071726,-0.4325710959001453,0
-0.5954130541524439,-0.5681218302071726,-0.4325710959001453,0
0.4883822254343152,1.699385228901109,-0.4325710959001453,0
-0.6731756230807712,-0.5681218302071726,-0.4325710959001453,0
-1.5770433152957206,0.7567718071583226,-0.4325710959001453,1
-1.2273795611937608,2.161719936263319,-0.4325710959001453,1
0.5733003492880002,-0.5681218302071726,-0.4325710959001453,0
-0.5954130541524439,0.7567718071583226,-0.4325710959001453,0
-0.2457493000504842,1.5818300881073382,-0.4325710959001453,0
-1.5770433152957206,1.74036902788353,-0.4325710959001453,1
-1.022839377182731,1.5173629384722735,-0.4325710959001453,1
-0.5280520529898413,0.1101124867991555,-0.4325710959001453,1
-1.2273795611937608,1.708794031236369,0.0315748605406486,1
-0.5280520529898413,-0.5681218302071726,-0.4325710959001453,0
0.6009488116435222,2.2630751385710366,-0.4325710959001453,1
-1.5770433152957206,0.8459712874532468,-0.4325710959001453,1
1.7638500914826154,-0.5681218302071726,-0.4325710959001453,0
0.004682340171979,-0.5681218302071726,-0.4325710959001453,1
-0.415485466780634,-0.5681218302071726,-0.4325710959001453,0
-1.5770433152957206,-0.5681218302071726,-0.4325710959001453,1
-0.3674054684639838,-0.5681218302071726,-0.4325710959001453,0
1.7348581978030868,3.2900854765504697,3.1285541026698,0
-0.765149220882594,0.5584009860828592,-0.4325710959001453,0
-1.2273795611937608,0.7883468038054837,-0.4325710959001453,1
-0.5954130541524439,1.062134710877202,-0.4325710959001453,0
0.0467448735305326,-0.5681218302071726,1.4240127298630303,0
-0.0177417143620239,0.5068541289500829,-0.4325710959001453,0
-0.765149220882594,-0.5681218302071726,-0.4325710959001453,1
-0.765149220882594,0.3839003938708738,-0.4325710959001453,1
0.8861259778529252,2.75001573560934,1.3807963763081137,1
-1.5770433152957206,0.3084833078746191,0.3030828399198684,1
0.9800067921572414,-0.5681218302071726,-0.4325710959001453,0
-1.5770433152957206,2.026481078866254,-0.4325710959001453,1
2.284780994260765,2.4229521970164525,-0.4325710959001453,0
-0.877715807091801,0.3084833078746191,-0.4325710959001453,0
0.7410024077619953,1.0793028809228633,-0.4325710959001453,0
-1.2273795611937608,1.627910490126098,-0.4325710959001453,1
-0.6731756230807712,-0.5681218302071726,-0.4325710959001453,0
-0.877715807091801,-0.5681218302071726,-0.4325710959001453,0
-0.3235118689788113,1.7359811720782892,-0.4325710959001453,1
-1.5770433152957206,-0.2290046717040085,-0.4325710959001453,1
-1.022839377182731,0.2192838275796948,-0.4325710959001453,1
-0.877715807091801,0.686760772221084,-0.4325710959001453,1
0.0261518851231485,1.941643374649341,-0.4325710959001453,1
0.7510919073680482,2.7980554620043367,-0.4325710959001453,1
0.6335057955252451,-0.5681218302071726,0.4957208169814426,0
2.0894711256573455,3.2434188857481328,3.4173435849078135,0
-1.5770433152957206,0.6050307903411093,-0.4325710959001453,1
1.360439726152664,2.5407069622176315,1.5734343533696875,0
-1.022839377182731,1.0066894853665624,-0.4325710959001453,1
-1.5770433152957206,0.3839003938708738,-0.4325710959001453,1
-0.3674054684639838,1.1984931924996616,1.038736775739882,1
-1.2273795611937608,-0.0306338506285448,-0.4325710959001453,1
-1.5770433152957206,0.2192838275796948,-0.4325710959001453,1
-1.5770433152957206,0.1101124867991555,-0.4325710959001453,1
-1.2273795611937608,0.3839003938708738,-0.4325710959001453,1
-1.5770433152957206,-0.5681218302071726,-0.4325710959001453,0
0.6397724371562382,-0.5681218302071726,-0.4325710959001453,0
1.8572750471810624,4.147433498821399,0.3030828399198684,1
-0.765149220882594,-0.0306338506285448,-0.4325710959001453,1
-0.765149220882594,-0.5681218302071726,-0.4325710959001453,0
0.1712754552140784,1.689791928536755,0.6451424404881,0
-1.5770433152957206,0.8724232776792274,-0.4325710959001453,1
-1.2273795611937608,0.4492296453023196,-0.4325710959001453,1
-1.5770433152957206,0.3839003938708738,0.4957208169814426,1
-1.5770433152957206,0.2192838275796948,-0.4325710959001453,1
0.3862172069908325,1.0066894853665624,1.928754210408993,0
-1.5770433152957206,1.0258779307242485,-0.4325710959001453,1
-0.3235118689788113,1.5878331406350068,-0.4325710959001453,1
0.004682340171979,0.7567718071583226,-0.4325710959001453,0
-0.4686354390697412,-0.5681218302071726,-0.4325710959001453,0
0.7094635032652221,1.5878331406350068,-0.4325710959001453,0
-0.877715807091801,-0.5681218302071726,-0.4325710959001453,0
-1.5770433152957206,-0.5681218302071726,-0.4325710959001453,0
1.1918961324697128,2.6088994604378484,2.440410944181936,0
0.3543460942739389,-0.5681218302071726,-0.4325710959001453,0
-1.022839377182731,1.689791928536755,-0.4325710959001453,1
-1.5770433152957206,0.3084833078746191,-0.4325710959001453,1
1.358945034202793,-0.5681218302071726,-0.4325710959001453,0
0.6335057955252451,-0.5681218302071726,-0.4325710959001453,0
0.2445137053491873,2.0794861863866942,0.4957208169814426,0
1.719712497717464,-0.5681218302071726,1.8449423327489076,0
-1.022839377182731,-0.5681218302071726,-0.4325710959001453,0
-1.5770433152957206,0.2192838275796948,-0.4325710959001453,1
-0.0916970337920332,-0.5681218302071726,-0.4325710959001453,1
-1.5770433152957206,0.1101124867991555,-0.4325710959001453,1
0.1216165568165608,-0.5681218302071726,-0.4325710959001453,0
-0.2457493000504842,-0.5681218302071726,-0.4325710959001453,0
-0.3674054684639838,0.9658956466438964,-0.4325710959001453,1
-1.5770433152957206,0.5584009860828592,-0.4325710959001453,1
0.0261518851231485,-0.5681218302071726,-0.4325710959001453,1
0.838045979536275,2.2493784935746373,2.274741218538306,0
0.2018580406300959,1.2720176546932715,-0.4325710959001453,0
-0.5954130541524439,1.616790860501491,-0.4325710959001453,1
-0.415485466780634,1.0793028809228633,-0.4325710959001453,1
-0.877715807091801,-0.5681218302071726,-0.4325710959001453,0
-0.6731756230807712,-0.5681218302071726,-0.4325710959001453,0
-0.6731756230807712,1.4588763530281292,1.1092883969288942,1
0.8586389679436596,-0.5681218302071726,-0.4325710959001453,0
-1.5770433152957206,0.686760772221084,-0.4325710959001453,1
0.976824080249506,2.3102503638923007,-0.4325710959001453,1
0.1039144540514755,2.3643796996464626,-0.4325710959001453,1
1.1684287307922825,1.8530225374057288,-0.4325710959001453,0
-1.2273795611937608,0.7883468038054837,-0.4325710959001453,1
-0.6731756230807712,1.3359226179489203,0.3030828399198684,1
-1.2273795611937608,-0.2290046717040085,-0.4325710959001453,0
1.7731552489840416,-0.5681218302071726,2.440410944181936,0
-1.022839377182731,-0.5681218302071726,-0.4325710959001453,0
-1.5770433152957206,0.3084833078746191,-0.4325710959001453,0
-1.022839377182731,-0.5681218302071726,-0.4325710959001453,0
-1.2273795611937608,0.1101124867991555,-0.4325710959001453,1
-1.022839377182731,0.5584009860828592,0.0315748605406486,1
-0.3235118689788113,-0.5681218302071726,-0.4325710959001453,1
-1.5770433152957206,0.3839003938708738,-0.4325710959001453,1
-0.3235118689788113,-0.5681218302071726,-0.4325710959001453,1
-0.6731756230807712,-0.5681218302071726,-0.4325710959001453,0
-0.0412091160394543,-0.5681218302071726,-0.4325710959001453,0
-1.5770433152957206,0.3839003938708738,-0.4325710959001453,1
-0.6731756230807712,-0.5681218302071726,-0.4325710959001453,0
-0.6731756230807712,-0.5681218302071726,-0.4325710959001453,1
-0.0916970337920332,-0.5681218302071726,-0.4325710959001453,0
-1.5770433152957206,1.2720176546932715,2.2978338886456955,1
-1.022839377182731,-0.5681218302071726,-0.4325710959001453,0
-1.5770433152957206,-0.0306338506285448,-0.4325710959001453,1
-1.5770433152957206,-0.5681218302071726,0.4957208169814426,0
0.0855684990432483,-0.5681218302071726,-0.4325710959001453,0
-1.022839377182731,-0.5681218302071726,-0.4325710959001453,1
-1.5770433152957206,0.4492296453023196,-0.4325710959001453,1
-1.5770433152957206,0.7230175523740379,-0.4325710959001453,1
-0.6731756230807712,-0.5681218302071726,-0.4325710959001453,1
-1.2273795611937608,-0.5681218302071726,0.0315748605406486,0
-1.5770433152957206,2.473306968262871,-0.4325710959001453,1
1.4326281150055675,-0.5681218302071726,-0.4325710959001453,0
-0.877715807091801,-0.5681218302071726,-0.4325710959001453,0
-1.2273795611937608,-0.5681218302071726,-0.4325710959001453,1
-0.415485466780634,0.8975181445860231,0.0315748605406486,1
0.4161938365814114,-0.5681218302071726,-0.4325710959001453,0
0.2018580406300959,-0.5681218302071726,0.0315748605406486,1
-0.877715807091801,1.3458066438697265,0.4957208169814426,1
-0.765149220882594,-0.5681218302071726,-0.4325710959001453,0
0.5803558232361381,-0.5681218302071726,-0.4325710959001453,0
0.6984965895207682,-0.5681218302071726,-0.4325710959001453,0
-0.6731756230807712,0.3084833078746191,-0.4325710959001453,1
0.9048812295684108,1.54417746494519,-0.4325710959001453,0
-0.2457493000504842,-0.5681218302071726,-0.4325710959001453,0
2.2300893919445626,2.990185213173285,4.232025471169711,0
-1.5770433152957206,0.2192838275796948,-0.4325710959001453,1
-0.877715807091801,0.3839003938708738,-0.4325710959001453,1
-0.877715807091801,0.686760772221084,-0.4325710959001453,1
-0.5280520529898413,0.2192838275796948,-0.4325710959001453,0
-0.2457493000504842,0.9867176248809476,-0.4325710959001453,0
-0.6731756230807712,-0.5681218302071726,-0.4325710959001453,0
0.1216165568165608,-0.5681218302071726,-0.4325710959001453,0
-1.2273795611937608,0.1101124867991555,-0.4325710959001453,1
-0.2831336716225083,-0.5681218302071726,-0.4325710959001453,0
-0.5954130541524439,0.3839003938708738,-0.4325710959001453,1
-1.5770433152957206,0.5584009860828592,-0.4325710959001453,1
-0.765149220882594,-0.5681218302071726,-0.4325710959001453,0
-1.2273795611937608,-0.5681218302071726,-0.4325710959001453,0
-0.2457493000504842,0.3084833078746191,-0.4325710959001453,0
-0.415485466780634,-0.5681218302071726,-0.4325710959001453,0
-1.5770433152957206,0.9441479488442734,-0.4325710959001453,0
0.2579667203099265,-0.5681218302071726,-0.4325710959001453,1
-0.3674054684639838,-0.5681218302071726,-0.4325710959001453,0
-1.5770433152957206,-0.5681218302071726,-0.4325710959001453,0
-1.022839377182731,-0.5681218302071726,-0.4325710959001453,0
0.2838420414232854,-0.5681218302071726,-0.4325710959001453,0
-0.1783882988878814,-0.5681218302071726,-0.4325710959001453,0
-0.877715807091801,-0.2290046717040085,0.0315748605406486,0
-0.5954130541524439,-0.5681218302071726,-0.4325710959001453,0
0.1867984696490057,2.299224710956967,-0.4325710959001453,1
1.252700527633758,3.239967066105013,-0.4325710959001453,1
-1.5770433152957206,0.5584009860828592,-0.4325710959001453,1
0.8586389679436596,2.388191827133131,2.037580309810482,0
-1.022839377182731,-0.5681218302071726,-0.4325710959001453,0
-0.5954130541524439,0.3084833078746191,-0.4325710959001453,0
-0.765149220882594,-0.5681218302071726,-0.4325710959001453,0
-0.877715807091801,-0.5681218302071726,-0.4325710959001453,0
-0.877715807091801,1.0258779307242485,-0.4325710959001453,1
-0.765149220882594,-0.0306338506285448,-0.4325710959001453,0
0.8974625934563751,1.563365910302876,-0.4325710959001453,0
-1.5770433152957206,0.8724232776792274,-0.4325710959001453,1
-1.5770433152957206,0.9213883734495016,-0.4325710959001453,1
-0.877715807091801,-0.5681218302071726,-0.4325710959001453,1
-1.5770433152957206,1.1119311452380842,-0.4325710959001453,1
-0.5954130541524439,-0.5681218302071726,-0.4325710959001453,0
-0.1783882988878814,-0.5681218302071726,-0.4325710959001453,0
0.2306920691341782,1.0258779307242485,2.341759211107079,0
-0.415485466780634,-0.5681218302071726,-0.4325710959001453,0
-0.765149220882594,-0.5681218302071726,-0.4325710959001453,0
-0.6731756230807712,-0.0306338506285448,-0.4325710959001453,1
-1.5770433152957206,0.6050307903411093,-0.4325710959001453,1
-0.6731756230807712,-0.5681218302071726,-0.4325710959001453,1
-0.6731756230807712,-0.5681218302071726,0.3030828399198684,0
-1.5770433152957206,0.3839003938708738,-0.4325710959001453,0
-0.765149220882594,1.1984931924996616,-0.4325710959001453,1
-0.765149220882594,0.5068541289500829,-0.4325710959001453,0
-0.0412091160394543,0.7230175523740379,-0.4325710959001453,0
-0.2109452827696042,-0.5681218302071726,-0.4325710959001453,0
-0.3235118689788113,-0.5681218302071726,0.3030828399198684,0
-1.5770433152957206,0.3084833078746191,-0.4325710959001453,1
2.2284896289843332,-0.5681218302071726,2.3523046427446186,0
0.4444886259491429,1.0066894853665624,0.0315748605406486,0
0.765857590683371,1.2242487517997116,0.7672287963606622,0
0.7040098483758988,3.429773095892193,-0.4325710959001453,1
-1.022839377182731,0.4492296453023196,-0.4325710959001453,1
2.8893325516977764,3.016619333806596,3.2935490110945693,0
-1.2273795611937608,0.2192838275796948,-0.4325710959001453,1
-0.6731756230807712,0.9658956466438964,-0.4325710959001453,1
-1.5770433152957206,0.2192838275796948,-0.4325710959001453,1
-0.2457493000504842,-0.5681218302071726,-0.4325710959001453,0
-1.5770433152957206,0.8459712874532468,-0.4325710959001453,0
-0.877715807091801,-0.5681218302071726,-0.4325710959001453,1
-0.0412091160394543,1.0793028809228633,-0.4325710959001453,0
-0.877715807091801,0.686760772221084,-0.4325710959001453,1
1.155152749756512,2.85852098691619,2.5343971881686533,1
-0.765149220882594,-0.5681218302071726,1.539087282718291,0
-1.5770433152957206,0.6050307903411093,0.8704513394670519,1
-0.3235118689788113,-0.5681218302071726,-0.4325710959001453,0
-0.1783882988878814,-0.5681218302071726,0.3030828399198684,0
-1.022839377182731,-0.5681218302071726,-0.4325710959001453,1
1.0536736024778586,-0.5681218302071726,-0.4325710959001453,0
-0.877715807091801,0.8975181445860231,-0.4325710959001453,1
-0.1783882988878814,1.7359811720782892,-0.4325710959001453,1
-0.877715807091801,-0.5681218302071726,-0.4325710959001453,1
0.7040098483758988,1.0258779307242485,-0.4325710959001453,0
-1.5770433152957206,0.8180069540049123,-0.4325710959001453,0
-0.765149220882594,-0.5681218302071726,-0.4325710959001453,0
-0.765149220882594,-0.5681218302071726,-0.4325710959001453,0
0.004682340171979,-0.5681218302071726,-0.4325710959001453,0
0.7307069858491658,2.3939680765540654,1.6061052752870657,1
-1.5770433152957206,2.174475588017569,-0.4325710959001453,1
2.583334170793562,-0.5681218302071726,1.1092883969288942,0
-0.877715807091801,-0.0306338506285448,-0.4325710959001453,0
-0.2831336716225083,0.686760772221084,-0.4325710959001453,0
1.5384233490223995,-0.5681218302071726,-0.4325710959001453,0
-0.765149220882594,-0.5681218302071726,-0.4325710959001453,1
-0.6731756230807712,-0.5681218302071726,-0.4325710959001453,0
-1.2273795611937608,-0.5681218302071726,-0.4325710959001453,1
-1.2273795611937608,1.1850884459564108,-0.4325710959001453,1
-0.765149220882594,0.8180069540049123,-0.4325710959001453,1
-1.5770433152957206,-0.5681218302071726,-0.4325710959001453,1
1.085544715194752,1.8767275095059897,2.9402784932817787,0
-1.5770433152957206,0.2192838275796948,-0.4325710959001453,1
-1.5770433152957206,-0.2290046717040085,-0.4325710959001453,1
-0.2109452827696042,-0.5681218302071726,-0.4325710959001453,0
-0.877715807091801,0.8724232776792274,-0.4325710959001453,1
0.9800067921572414,-0.5681218302071726,-0.4325710959001453,0
-1.5770433152957206,2.7701207052354446,-0.4325710959001453,1
-1.5770433152957206,0.5584009860828592,-0.4325710959001453,1
-1.5770433152957206,1.1119311452380842,-0.4325710959001453,1
1.4261188870924195,2.54578565117487,2.9136675319050047,0
-0.877715807091801,1.563365910302876,-0.4325710959001453,1
-0.0658217126786743,-0.5681218302071726,-0.4325710959001453,0
-0.877715807091801,-0.5681218302071726,-0.4325710959001453,0
-1.2273795611937608,1.0258779307242485,-0.4325710959001453,1
-0.877715807091801,0.8180069540049123,-0.4325710959001453,1
-0.3235118689788113,0.9213883734495016,-0.4325710959001453,1
-0.5280520529898413,1.873410597527548,-0.4325710959001453,1
0.0855684990432483,2.212527756030712,-0.4325710959001453,1
0.3758156392251084,1.9056092305151788,1.7491189927687478,1
-1.5770433152957206,0.8180069540049123,-0.4325710959001453,1
-1.5770433152957206,-0.5681218302071726,-0.4325710959001453,0
0.7307069858491658,-0.5681218302071726,-0.4325710959001453,0
-1.5770433152957206,-0.0306338506285448,-0.4325710959001453,1
-0.1478057134718639,-0.5681218302071726,-0.4325710959001453,0
-0.5954130541524439,-0.2290046717040085,-0.4325710959001453,0
-0.0658217126786743,-0.5681218302071726,-0.4325710959001453,0
-0.877715807091801,0.686760772221084,-0.4325710959001453,1
-1.2273795611937608,0.3084833078746191,-0.4325710959001453,1
-0.3674054684639838,-0.5681218302071726,-0.4325710959001453,0
-0.2109452827696042,0.8180069540049123,-0.4325710959001453,1
0.7754666081462114,1.524205604459575,1.7743907115598958,0
-1.5770433152957206,0.8724232776792274,-0.4325710959001453,1
-0.5954130541524439,0.6050307903411093,-0.4325710959001453,1
0.0261518851231485,-0.5681218302071726,-0.4325710959001453,0
-0.415485466780634,0.3839003938708738,-0.4325710959001453,1
0.4258028540442518,0.5584009860828592,-0.4325710959001453,0
-1.5770433152957206,0.6476004663777833,-0.4325710959001453,1
-0.877715807091801,-0.5681218302071726,-0.4325710959001453,0
-1.5770433152957206,-0.2290046717040085,-0.4325710959001453,1
0.7560619787430853,-0.5681218302071726,-0.4325710959001453,0
-1.5770433152957206,0.5584009860828592,-0.4325710959001453,1
1.0645225832786958,2.5286475541318216,1.3345972959078458,1
-0.0916970337920332,-0.5681218302071726,-0.4325710959001453,0
1.2796833314400575,3.2638275917199544,3.613703165425367,0
1.300276319847442,2.584621976711747,1.3345972959078458,1
0.4161938365814114,-0.5681218302071726,-0.4325710959001453,0
-1.5770433152957206,1.4510483037412485,-0.4325710959001453,1
-1.2273795611937608,0.1101124867991555,-0.4325710959001453,0
0.7706849783736722,2.388191827133131,0.6451424404881,1
0.0665300824794515,0.1101124867991555,1.4240127298630303,0
-1.5770433152957206,3.5759156097658193,-0.4325710959001453,1
-0.3674054684639838,-0.5681218302071726,-0.4325710959001453,1
0.9925405589874838,1.9056092305151788,1.667021894713126,0
1.9932583586736623,-0.5681218302071726,-0.4325710959001453,0
-0.6731756230807712,-0.2290046717040085,-0.4325710959001453,0
0.2579667203099265,2.026481078866254,-0.4325710959001453,1
-1.2273795611937608,1.3359226179489203,-0.4325710959001453,1
-1.5770433152957206,0.6050307903411093,-0.4325710959001453,1
2.0981899421388106,3.472377331505249,3.634067480787815,0
-0.1189716849677815,-0.5681218302071726,-0.4325710959001453,0
-0.765149220882594,-0.5681218302071726,-0.4325710959001453,0
-0.3235118689788113,-0.5681218302071726,1.2313747528014565,0
-0.5280520529898413,0.8975181445860231,0.8704513394670519,0
-1.022839377182731,0.6476004663777833,-0.4325710959001453,1
-0.877715807091801,-0.5681218302071726,-0.4325710959001453,0
-1.5770433152957206,0.5584009860828592,-0.4325710959001453,1
-0.5954130541524439,-0.5681218302071726,-0.4325710959001453,0
-1.5770433152957206,0.6050307903411093,-0.4325710959001453,1
-0.2109452827696042,0.6476004663777833,-0.4325710959001453,0
-1.2273795611937608,-0.5681218302071726,-0.4325710959001453,1
-1.5770433152957206,0.1101124867991555,-0.4325710959001453,1
-1.5770433152957206,0.6050307903411093,-0.4325710959001453,1
-0.765149220882594,0.1101124867991555,-0.4325710959001453,1
-1.5770433152957206,0.5584009860828592,-0.4325710959001453,1
-1.022839377182731,1.1119311452380842,-0.4325710959001453,1
-0.765149220882594,0.6050307903411093,-0.4325710959001453,1
-0.765149220882594,-0.5681218302071726,-0.4325710959001453,0
0.4258028540442518,-0.5681218302071726,-0.4325710959001453,0
-0.877715807091801,1.9502519716995996,0.8704513394670519,1
-0.765149220882594,-0.5681218302071726,-0.4325710959001453,0
0.004682340171979,2.016646724770746,-0.4325710959001453,1
-1.5770433152957206,-0.5681218302071726,-0.4325710959001453,1
-0.5280520529898413,-0.5681218302071726,-0.4325710959001453,0
-1.2273795611937608,1.0793028809228633,-0.4325710959001453,1
-0.877715807091801,-0.5681218302071726,-0.4325710959001453,1
0.3758156392251084,3.5789823308989988,-0.4325710959001453,1
2.686805888334687,-0.5681218302071726,-0.4325710959001453,0
-0.3235118689788113,-0.5681218302071726,-0.4325710959001453,1
-0.3235118689788113,-0.5681218302071726,-0.4325710959001453,0
-0.415485466780634,-0.5681218302071726,-0.4325710959001453,0
-1.5770433152957206,0.8180069540049123,-0.4325710959001453,1
-1.5770433152957206,1.0793028809228633,-0.4325710959001453,1
0.6335057955252451,-0.5681218302071726,0.0315748605406486,0
-0.2831336716225083,-0.5681218302071726,-0.4325710959001453,0
-1.5770433152957206,-0.5681218302071726,-0.4325710959001453,0
-0.6731756230807712,-0.5681218302071726,-0.4325710959001453,0
-0.765149220882594,-0.5681218302071726,-0.4325710959001453,0
-0.877715807091801,1.3050128051470606,-0.4325710959001453,1
0.5733003492880002,-0.5681218302071726,-0.4325710959001453,0
0.6459621855374788,-0.5681218302071726,0.0315748605406486,0
-0.877715807091801,-0.5681218302071726,-0.4325710959001453,0
0.0467448735305326,-0.5681218302071726,-0.4325710959001453,0
-0.4686354390697412,1.6700218592038678,-0.4325710959001453,1
-0.415485466780634,-0.5681218302071726,-0.4325710959001453,0
-1.5770433152957206,-0.2290046717040085,-0.4325710959001453,1
-1.5770433152957206,1.0258779307242485,-0.4325710959001453,1
-0.0412091160394543,-0.5681218302071726,-0.4325710959001453,0
-0.2831336716225083,1.0793028809228633,0.7672287963606622,1
-1.022839377182731,0.1101124867991555,-0.4325710959001453,1
0.9335106512296872,-0.5681218302071726,0.7672287963606622,0
-1.5770433152957206,0.5584009860828592,-0.4325710959001453,1
-0.6731756230807712,-0.5681218302071726,-0.4325710959001453,0
0.8121706584229164,-0.5681218302071726,-0.4325710959001453,0
0.0855684990432483,1.4430929635357743,1.667021894713126,1
0.5129948220735353,-0.5681218302071726,-0.4325710959001453,0
-0.2109452827696042,-0.5681218302071726,0.8704513394670519,1
-1.2273795611937608,-0.5681218302071726,-0.4325710959001453,1
0.1387184713323555,-0.5681218302071726,-0.4325710959001453,0
0.4799037373859414,-0.5681218302071726,-0.4325710959001453,0
-1.022839377182731,0.2192838275796948,-0.4325710959001453,1
-0.2457493000504842,1.1571241125080765,-0.4325710959001453,1
1.2935049676550667,-0.5681218302071726,0.9598667734222364,0
-0.877715807091801,0.8724232776792274,-0.4325710959001453,1
-1.5770433152957206,3.0162975694787515,-0.4325710959001453,1
-0.877715807091801,0.686760772221084,-0.4325710959001453,1
2.7181098606283447,-0.5681218302071726,-0.4325710959001453,0
0.6520769048170684,-0.5681218302071726,-0.4325710959001453,0
-1.022839377182731,1.1119311452380842,-0.4325710959001453,1
-1.022839377182731,-0.5681218302071726,-0.4325710959001453,0
0.6520769048170684,-0.5681218302071726,-0.4325710959001453,0
-0.3235118689788113,-0.5681218302071726,-0.4325710959001453,0
-0.0916970337920332,-0.5681218302071726,-0.4325710959001453,0
0.807726064349583,-0.5681218302071726,-0.4325710959001453,1
-0.6731756230807712,0.3839003938708738,-0.4325710959001453,1
-1.022839377182731,-0.5681218302071726,-0.4325710959001453,0
-1.022839377182731,-0.5681218302071726,-0.4325710959001453,0
0.2018580406300959,0.8724232776792274,1.7228559768763452,0
1.455389486947005,2.605929844990575,2.145568859297143,0
0.365195075074776,3.126754699811075,1.6061052752870657,1
0.2164810402606826,-0.5681218302071726,-0.4325710959001453,0
-1.2273795611937608,0.6050307903411093,-0.4325710959001453,1
-1.5770433152957206,1.744717880010124,1.3345972959078458,1
1.0671987601865252,-0.5681218302071726,-0.4325710959001453,0
-1.2273795611937608,-0.2290046717040085,-0.4325710959001453,1
-0.6731756230807712,0.2192838275796948,-0.4325710959001453,1
-1.022839377182731,-0.5681218302071726,-0.4325710959001453,0
-0.3674054684639838,-0.5681218302071726,-0.4325710959001453,0
-1.5770433152957206,0.7883468038054837,0.3030828399198684,1
0.2018580406300959,1.8530225374057288,-0.4325710959001453,1
0.4258028540442518,-0.5681218302071726,-0.4325710959001453,0
1.1529057163573548,-0.5681218302071726,-0.4325710959001453,0
1.0397758043899754,1.4816359284229008,1.7743907115598958,0
-0.6731756230807712,-0.5681218302071726,-0.4325710959001453,0
-0.5280520529898413,-0.5681218302071726,-0.4325710959001453,0
-1.2273795611937608,0.7883468038054837,-0.4325710959001453,1
-1.5770433152957206,0.4492296453023196,-0.4325710959001453,1
-0.5280520529898413,-0.5681218302071726,-0.4325710959001453,0
0.930019577338098,-0.5681218302071726,-0.4325710959001453,0
-0.4686354390697412,0.3084833078746191,-0.4325710959001453,1
-1.5770433152957206,-0.5681218302071726,-0.4325710959001453,1
-1.022839377182731,0.3839003938708738,-0.4325710959001453,1
-1.022839377182731,1.142518769919737,-0.4325710959001453,1
2.255778335247333,-0.5681218302071726,2.2132649492095418,0
0.0261518851231485,-0.5681218302071726,-0.4325710959001453,0
-1.5770433152957206,2.7796106230003135,-0.4325710959001453,1
-1.5770433152957206,0.1101124867991555,-0.4325710959001453,0
-1.022839377182731,-0.2290046717040085,-0.4325710959001453,1
-0.765149220882594,1.1713060516577414,-0.4325710959001453,1
-1.5770433152957206,0.3084833078746191,-0.4325710959001453,1
-1.022839377182731,-0.5681218302071726,-0.4325710959001453,0
-1.5770433152957206,0.7883468038054837,-0.4325710959001453,1
-1.2273795611937608,-0.2290046717040085,-0.4325710959001453,1
2.714556251137787,-0.5681218302071726,-0.4325710959001453,0
-0.765149220882594,1.2832651073474377,-0.4325710959001453,1
-1.5770433152957206,0.2192838275796948,-0.4325710959001453,1
-1.2273795611937608,0.7567718071583226,-0.4325710959001453,1
-1.5770433152957206,-0.2290046717040085,0.4957208169814426,0
-1.2273795611937608,1.2242487517997116,-0.4325710959001453,1
0.1712754552140784,-0.5681218302071726,-0.4325710959001453,0
-1.5770433152957206,0.9441479488442734,-0.4325710959001453,1
0.2838420414232854,-0.5681218302071726,0.3030828399198684,0
-0.765149220882594,0.686760772221084,-0.4325710959001453,0
0.6009488116435222,-0.5681218302071726,-0.4325710959001453,0
1.390846695147753,2.5295188680626612,1.3345972959078458,0
-0.765149220882594,-0.5681218302071726,-0.4325710959001453,0
-0.1189716849677815,1.0066894853665624,-0.4325710959001453,1
-1.2273795611937608,0.6050307903411093,-0.4325710959001453,1
-0.765149220882594,-0.5681218302071726,-0.4325710959001453,0
-0.3674054684639838,1.8929829131621676,-0.4325710959001453,1
-0.877715807091801,0.9213883734495016,0.3030828399198684,1
-0.765149220882594,0.6050307903411093,-0.4325710959001453,1
-0.5280520529898413,-0.5681218302071726,-0.4325710959001453,0
-1.5770433152957206,0.3839003938708738,-0.4325710959001453,1
-0.877715807091801,0.9213883734495016,-0.4325710959001453,1
-0.4686354390697412,-0.5681218302071726,-0.4325710959001453,0
-0.877715807091801,-0.5681218302071726,-0.4325710959001453,0
-0.2109452827696042,-0.5681218302071726,-0.4325710959001453,0
-0.2457493000504842,-0.5681218302071726,-0.4325710959001453,0
0.6699885436865246,-0.5681218302071726,-0.4325710959001453,0
-1.2273795611937608,0.686760772221084,-0.4325710959001453,0
-0.877715807091801,0.3839003938708738,-0.4325710959001453,1
-0.2109452827696042,0.7567718071583226,-0.4325710959001453,1
-1.5770433152957206,2.445170275241553,-0.4325710959001453,1
-0.1783882988878814,-0.5681218302071726,-0.4325710959001453,1
-0.5280520529898413,0.9658956466438964,-0.4325710959001453,1
-1.022839377182731,-0.5681218302071726,-0.4325710959001453,1
-1.5770433152957206,0.6050307903411093,-0.4325710959001453,1
0.0261518851231485,-0.5681218302071726,-0.4325710959001453,0
-0.6731756230807712,-0.5681218302071726,-0.4325710959001453,1
-0.877715807091801,-0.5681218302071726,-0.4325710959001453,0
-0.6731756230807712,1.392436448127977,-0.4325710959001453,1
-0.0658217126786743,0.8459712874532468,-0.4325710959001453,1
0.5209392093160381,-0.5681218302071726,1.2313747528014565,0
-0.877715807091801,-0.5681218302071726,-0.4325710959001453,0
-0.415485466780634,-0.5681218302071726,-0.4325710959001453,0
-0.2457493000504842,-0.5681218302071726,-0.4325710959001453,0
-1.5770433152957206,0.6476004663777833,-0.4325710959001453,1
1.4274274693152396,-0.5681218302071726,-0.4325710959001453,0
-0.2109452827696042,-0.5681218302071726,-0.4325710959001453,0
0.3543460942739389,-0.5681218302071726,-0.4325710959001453,0
-1.022839377182731,-0.5681218302071726,-0.4325710959001453,1
-0.1189716849677815,-0.5681218302071726,-0.4325710959001453,1
0.4161938365814114,-0.5681218302071726,-0.4325710959001453,0
0.8252742046034711,3.756500158395908,-0.4325710959001453,1
0.0665300824794515,1.9530881688764088,1.6061052752870657,1
-1.5770433152957206,0.4492296453023196,-0.4325710959001453,1
-1.5770433152957206,0.7230175523740379,-0.4325710959001453,1
-1.5770433152957206,0.686760772221084,-0.4325710959001453,1
0.8626585761754951,-0.5681218302071726,0.4957208169814426,0
-1.2273795611937608,0.3839003938708738,-0.4325710959001453,1
-1.5770433152957206,0.4492296453023196,-0.4325710959001453,1
-1.5770433152957206,0.8724232776792274,-0.4325710959001453,1
-1.2273795611937608,1.5033836262225244,-0.4325710959001453,1
1.0397758043899754,3.101997637683876,2.683818811675311,1
-0.4686354390697412,0.2192838275796948,-0.4325710959001453,1
-0.0412091160394543,1.2487159821318428,-0.4325710959001453,1
-0.0916970337920332,1.0793028809228633,-0.4325710959001453,1
-0.5954130541524439,-0.5681218302071726,-0.4325710959001453,1
-0.877715807091801,0.9441479488442734,-0.4325710959001453,1
-1.5770433152957206,1.0793028809228633,-0.4325710959001453,1
-0.3674054684639838,-0.5681218302071726,-0.4325710959001453,0
2.7135363192011392,-0.5681218302071726,-0.4325710959001453,0
-1.5770433152957206,1.5506575946855556,-0.4325710959001453,1
-0.877715807091801,0.6050307903411093,-0.4325710959001453,1
2.3144635648724416,3.930127970764531,4.214099553714426,0
-1.5770433152957206,0.3839003938708738,-0.4325710959001453,1
2.191659595818088,-0.5681218302071726,-0.4325710959001453,0
-0.765149220882594,-0.5681218302071726,-0.4325710959001453,1
-0.5954130541524439,-0.5681218302071726,-0.4325710959001453,1
0.854587073356152,2.5372916419407328,3.251187311222495,0
0.1712754552140784,0.6050307903411093,-0.4325710959001453,0
-1.2273795611937608,-0.5681218302071726,-0.4325710959001453,1
-1.2273795611937608,0.3839003938708738,-0.4325710959001453,1
-1.2273795611937608,-0.2290046717040085,-0.4325710959001453,1
-0.5280520529898413,-0.5681218302071726,-0.4325710959001453,0
0.4712803109185204,1.89617017292232,1.7987432523486395,0
-0.877715807091801,-0.5681218302071726,-0.4325710959001453,1
-1.5770433152957206,0.8180069540049123,-0.4325710959001453,1
-0.877715807091801,0.6050307903411093,-0.4325710959001453,0
-1.5770433152957206,-0.0306338506285448,-0.4325710959001453,1
-1.2273795611937608,1.062134710877202,-0.4325710959001453,1
-1.5770433152957206,-0.0306338506285448,-0.4325710959001453,1
-0.6731756230807712,0.686760772221084,-0.4325710959001453,1
-1.5770433152957206,-0.5681218302071726,-0.4325710959001453,0
-0.765149220882594,-0.5681218302071726,-0.4325710959001453,0
1.637168299016598,2.161719936263319,3.3309677434147273,0
2.04921017598641,-0.5681218302071726,-0.4325710959001453,0
-0.877715807091801,-0.5681218302071726,-0.4325710959001453,0
-1.5770433152957206,0.3084833078746191,-0.4325710959001453,1
0.1039144540514755,-0.5681218302071726,-0.4325710959001453,0
-0.0412091160394543,1.9752045962321263,1.284973036327954,1
1.1392091782617773,-0.5681218302071726,-0.4325710959001453,0
-0.415485466780634,-0.5681218302071726,-0.4325710959001453,0
-1.2273795611937608,1.53095388583332,-0.4325710959001453,1
0.725479393327068,-0.5681218302071726,-0.4325710959001453,0
-0.5280520529898413,1.3050128051470606,-0.4325710959001453,1
-1.022839377182731,-0.5681218302071726,-0.4325710959001453,1
1.431332971382674,2.477197586323623,3.4666631249968476,0
-1.5770433152957206,-0.0306338506285448,-0.4325710959001453,1
-0.877715807091801,-0.0306338506285448,-0.4325710959001453,0
-0.765149220882594,0.7567718071583226,-0.4325710959001453,1
-0.5954130541524439,0.2192838275796948,-0.4325710959001453,1
-1.5770433152957206,0.3839003938708738,0.0315748605406486,1
-1.5770433152957206,0.7883468038054837,-0.4325710959001453,1
-1.5770433152957206,2.473306968262871,-0.4325710959001453,1
-0.0412091160394543,-0.5681218302071726,-0.4325710959001453,0
0.0855684990432483,-0.5681218302071726,-0.4325710959001453,0
0.2962984314355189,-0.5681218302071726,-0.4325710959001453,0
-0.0412091160394543,-0.5681218302071726,-0.4325710959001453,0
-1.5770433152957206,-0.5681218302071726,-0.4325710959001453,0
1.0777637152132795,1.3359226179489203,0.4957208169814426,0
-1.5770433152957206,2.081665444523818,-0.4325710959001453,1
0.0467448735305326,-0.5681218302071726,-0.4325710959001453,0
-0.5954130541524439,-0.5681218302071726,-0.4325710959001453,0
-1.022839377182731,1.2242487517997116,-0.4325710959001453,1
1.115521344785331,-0.5681218302071726,-0.4325710959001453,0
-0.765149220882594,-0.5681218302071726,-0.4325710959001453,0
-0.6731756230807712,-0.5681218302071726,-0.4325710959001453,0
-1.5770433152957206,0.4492296453023196,-0.4325710959001453,1
-0.3235118689788113,1.0793028809228633,-0.4325710959001453,0
0.6459621855374788,-0.5681218302071726,-0.4325710959001453,0
-0.4686354390697412,0.686760772221084,-0.4325710959001453,1
-1.5770433152957206,-0.5681218302071726,-0.4325710959001453,0
0.8252742046034711,1.689791928536755,-0.4325710959001453,0
1.4479158959720118,2.473306968262871,1.4240127298630303,0
-1.2273795611937608,0.9658956466438964,-0.4325710959001453,1
-1.5770433152957206,0.4492296453023196,0.0315748605406486,1
-1.5770433152957206,0.8459712874532468,-0.4325710959001453,1
-1.5770433152957206,0.5068541289500829,-0.4325710959001453,1
0.6581183921644651,2.385862095860032,1.6061052752870657,1
0.1216165568165608,1.744717880010124,2.542321790356445,1
0.3432586553433853,-0.5681218302071726,-0.4325710959001453,0
-1.5770433152957206,-0.0306338506285448,-0.4325710959001453,1
-1.2273795611937608,-0.0306338506285448,-0.4325710959001453,1
-1.5770433152957206,2.325016008789693,-0.4325710959001453,1
-0.5280520529898413,0.6050307903411093,-0.4325710959001453,1
-0.6731756230807712,-0.5681218302071726,-0.4325710959001453,0
0.1387184713323555,1.8865454170885845,-0.4325710959001453,1
1.0047704467895118,-0.5681218302071726,0.0315748605406486,0
-1.5770433152957206,1.142518769919737,-0.4325710959001453,1
-1.5770433152957206,0.4492296453023196,-0.4325710959001453,1
1.7056060522721488,2.593867782132654,2.5263776783101486,0
0.9831695496272048,-0.5681218302071726,-0.4325710959001453,0
-0.2831336716225083,-0.5681218302071726,-0.4325710959001453,0
-1.022839377182731,-0.5681218302071726,-0.4325710959001453,0
-1.2273795611937608,0.1101124867991555,-0.4325710959001453,1
0.1867984696490057,-0.5681218302071726,-0.4325710959001453,0
0.6581183921644651,-0.5681218302071726,-0.4325710959001453,0
-0.2831336716225083,0.6476004663777833,-0.4325710959001453,1
-0.415485466780634,1.727085606236835,-0.4325710959001453,0
-0.6731756230807712,-0.5681218302071726,-0.4325710959001453,1
-0.877715807091801,-0.2290046717040085,-0.4325710959001453,1
0.6581183921644651,-0.5681218302071726,-0.4325710959001453,0
-1.5770433152957206,1.770029178082959,-0.4325710959001453,1
0.2018580406300959,0.6050307903411093,-0.4325710959001453,1
0.5661447943626426,1.0958889656614867,-0.4325710959001453,1
-1.022839377182731,0.3084833078746191,-0.4325710959001453,1
-1.5770433152957206,-0.5681218302071726,-0.4325710959001453,0
0.7754666081462114,1.5818300881073382,0.3030828399198684,0
-1.5770433152957206,0.2192838275796948,-0.4325710959001453,1
-1.5770433152957206,-0.5681218302071726,-0.4325710959001453,0
-0.0412091160394543,1.2605055319526657,2.3729099937345945,0
-1.5770433152957206,-0.5681218302071726,-0.4325710959001453,1
-1.5770433152957206,1.708794031236369,-0.4325710959001453,1
-1.2273795611937608,0.8180069540049123,-0.4325710959001453,1
0.8295674914879012,1.689791928536755,-0.4325710959001453,1
-0.877715807091801,1.3458066438697265,-0.4325710959001453,1
-1.022839377182731,0.8724232776792274,0.3030828399198684,1
-0.6731756230807712,1.5173629384722735,1.3807963763081137,1
0.1552595651522323,-0.5681218302071726,-0.4325710959001453,0
-1.022839377182731,-0.5681218302071726,-0.4325710959001453,1
-1.022839377182731,0.6050307903411093,-0.4325710959001453,1
0.6142247926792929,2.11527471704512,1.6061052752870657,1
-0.2831336716225083,-0.5681218302071726,-0.4325710959001453,0
0.5287604227906182,-0.5681218302071726,-0.4325710959001453,0
-1.2273795611937608,-0.0306338506285448,-0.4325710959001453,1
1.835635826464982,2.791984120683341,1.7491189927687478,0
-1.2273795611937608,-0.2290046717040085,-0.4325710959001453,1
2.0627433973491014,-0.5681218302071726,-0.4325710959001453,0
-1.5770433152957206,2.2352873314254835,-0.4325710959001453,1
-0.415485466780634,1.0066894853665624,-0.4325710959001453,1
-1.022839377182731,-0.5681218302071726,-0.4325710959001453,1
-0.3674054684639838,-0.5681218302071726,-0.4325710959001453,1
0.7148588291767358,2.135165368692827,1.539087282718291,0
-0.5954130541524439,-0.5681218302071726,-0.4325710959001453,0
-1.2273795611937608,-0.2290046717040085,-0.4325710959001453,1
-0.3674054684639838,0.686760772221084,-0.4325710959001453,1
-1.022839377182731,-0.2290046717040085,-0.4325710959001453,1
0.5941774594511474,0.8180069540049123,0.6451424404881,0
-0.3235118689788113,-0.5681218302071726,-0.4325710959001453,0
-1.2273795611937608,1.2832651073474377,-0.4325710959001453,1
-0.2457493000504842,0.8180069540049123,-0.4325710959001453,0
-0.415485466780634,-0.5681218302071726,-0.4325710959001453,0
0.4444886259491429,1.1571241125080765,-0.4325710959001453,0
0.7040098483758988,-0.5681218302071726,-0.4325710959001453,0
-1.5770433152957206,-0.5681218302071726,-0.4325710959001453,1
-1.5770433152957206,1.1119311452380842,-0.4325710959001453,1
-1.022839377182731,-0.5681218302071726,-0.4325710959001453,1
-0.765149220882594,0.7567718071583226,0.3030828399198684,1
0.2579667203099265,-0.5681218302071726,-0.4325710959001453,0
0.1216165568165608,1.2832651073474377,-0.4325710959001453,1
2.1893561298795863,-0.5681218302071726,2.037580309810482,0
-1.5770433152957206,0.3084833078746191,-0.4325710959001453,1
-1.5770433152957206,0.3084833078746191,-0.4325710959001453,1
0.9011855488340156,2.279310924261301,2.7088542908910305,0
-0.5280520529898413,-0.5681218302071726,-0.4325710959001453,0
-1.5770433152957206,0.3084833078746191,-0.4325710959001453,1
-1.5770433152957206,1.0258779307242485,-0.4325710959001453,1
-1.5770433152957206,1.1984931924996616,-0.4325710959001453,1
-0.2831336716225083,-0.5681218302071726,-0.4325710959001453,0
1.1856034334423962,-0.5681218302071726,-0.4325710959001453,0
-0.877715807091801,2.839954253269647,1.6372560579145814,1
-0.5954130541524439,1.3743142784764515,-0.4325710959001453,1
-1.5770433152957206,0.6476004663777833,-0.4325710959001453,1
-1.022839377182731,-0.5681218302071726,0.6451424404881,1
-1.5770433152957206,-0.5681218302071726,-0.4325710959001453,1
0.6520769048170684,-0.5681218302071726,2.895320601503058,0
0.6009488116435222,-0.5681218302071726,-0.4325710959001453,0
-0.765149220882594,0.3839003938708738,0.3030828399198684,1
-0.6731756230807712,0.3084833078746191,-0.4325710959001453,1
-0.765149220882594,-0.5681218302071726,-0.4325710959001453,1
-0.6731756230807712,0.8724232776792274,-0.4325710959001453,0
-0.5280520529898413,-0.5681218302071726,-0.4325710959001453,0
-1.022839377182731,1.0258779307242485,-0.4325710959001453,1
-1.022839377182731,-0.5681218302071726,-0.4325710959001453,0
-0.1783882988878814,-0.5681218302071726,-0.4325710959001453,0
-0.5954130541524439,0.3084833078746191,-0.4325710959001453,0
-0.765149220882594,0.8180069540049123,-0.4325710959001453,1
1.2280879309945378,-0.5681218302071726,-0.4325710959001453,0
-0.0412091160394543,-0.5681218302071726,-0.4325710959001453,0
-1.5770433152957206,0.3084833078746191,-0.4325710959001453,0
0.6397724371562382,2.0015143027162714,-0.4325710959001453,0
-1.022839377182731,1.1984931924996616,-0.4325710959001453,1
0.4352322531452082,-0.5681218302071726,-0.4325710959001453,1
-0.877715807091801,-0.5681218302071726,-0.4325710959001453,1
-1.5770433152957206,1.3050128051470606,-0.4325710959001453,1
0.7510919073680482,-0.5681218302071726,-0.4325710959001453,0
-1.5770433152957206,1.4099112572578554,-0.4325710959001453,1
-1.2273795611937608,-0.5681218302071726,0.3030828399198684,0
2.0008633996521223,-0.5681218302071726,-0.4325710959001453,0
-0.3235118689788113,-0.5681218302071726,-0.4325710959001453,0
-0.877715807091801,-0.5681218302071726,-0.4325710959001453,0
-0.5280520529898413,-0.5681218302071726,-0.4325710959001453,0
1.28836613037433,-0.5681218302071726,0.9598667734222364,0
-1.5770433152957206,-0.0306338506285448,-0.4325710959001453,0
-0.0412091160394543,1.9911595745531945,-0.4325710959001453,1
-1.022839377182731,-0.0306338506285448,-0.4325710959001453,0
-1.5770433152957206,0.1101124867991555,-0.4325710959001453,1
-1.2273795611937608,0.4492296453023196,-0.4325710959001453,1
-0.1478057134718639,1.4350061241646506,1.4646082539681988,1
1.0167108424339464,-0.5681218302071726,-0.4325710959001453,0
-1.2273795611937608,0.3084833078746191,-0.4325710959001453,1
-1.5770433152957206,1.1119311452380842,-0.4325710959001453,1
0.0467448735305326,-0.5681218302071726,-0.4325710959001453,0
-0.5954130541524439,-0.5681218302071726,-0.4325710959001453,0
0.6397724371562382,1.684923802372891,1.8668990889798236,0
1.698020072266052,2.7796106230003135,3.5727098859954025,0
-1.5770433152957206,0.6050307903411093,-0.4325710959001453,0
-0.877715807091801,-0.5681218302071726,-0.4325710959001453,1
0.6520769048170684,-0.5681218302071726,0.4957208169814426,0
-0.6731756230807712,-0.5681218302071726,-0.4325710959001453,0
-0.877715807091801,0.2192838275796948,-0.4325710959001453,0
-1.2273795611937608,-0.5681218302071726,-0.4325710959001453,0
-0.4686354390697412,-0.5681218302071726,-0.4325710959001453,0
-1.022839377182731,-0.5681218302071726,-0.4325710959001453,0
-1.5770433152957206,-0.0306338506285448,-0.4325710959001453,1
-0.5280520529898413,2.47134999508216,0.3030828399198684,1
1.3184420790459226,2.4654316651349477,2.7897689392846217,0
-1.2273795611937608,1.3359226179489203,-0.4325710959001453,1
-1.5770433152957206,0.1101124867991555,-0.4325710959001453,1
-0.2831336716225083,1.1850884459564108,-0.4325710959001453,1
0.4883822254343152,-0.5681218302071726,-0.4325710959001453,0
-1.022839377182731,0.5068541289500829,-0.4325710959001453,1
-0.6731756230807712,-0.2290046717040085,-0.4325710959001453,0
0.6397724371562382,-0.5681218302071726,0.0315748605406486,0
-0.2831336716225083,-0.5681218302071726,-0.4325710959001453,0
-0.2831336716225083,1.2487159821318428,1.2313747528014565,0
-0.5280520529898413,-0.5681218302071726,-0.4325710959001453,0
-0.765149220882594,2.1312514066754513,0.3030828399198684,1
1.0777637152132795,1.5818300881073382,1.4240127298630303,0
0.0261518851231485,1.2605055319526657,-0.4325710959001453,1
0.8338245476714128,1.6649519418872756,1.3345972959078458,0
2.290481147158423,-0.5681218302071726,-0.4325710959001453,0
-0.2831336716225083,-0.5681218302071726,-0.4325710959001453,0
-1.5770433152957206,1.142518769919737,1.173110101473787,1
-1.5770433152957206,0.1101124867991555,-0.4325710959001453,1
-1.2273795611937608,0.686760772221084,-0.4325710959001453,1
-1.022839377182731,-0.5681218302071726,-0.4325710959001453,0
0.2962984314355189,2.5286475541318216,-0.4325710959001453,1
2.1355002176744677,-0.5681218302071726,1.2313747528014565,0
-1.5770433152957206,1.0258779307242485,-0.4325710959001453,1
0.8505023695485082,-0.5681218302071726,-0.4325710959001453,0
1.1856034334423962,1.649419124816712,0.3030828399198684,0
0.784896007247168,1.5818300881073382,1.8881586863038244,0
-1.2273795611937608,0.2192838275796948,-0.4325710959001453,1
-0.2831336716225083,-0.5681218302071726,-0.4325710959001453,1
-0.2831336716225083,1.689791928536755,-0.4325710959001453,1
-1.022839377182731,-0.5681218302071726,-0.4325710959001453,0
-0.6731756230807712,0.686760772221084,-0.4325710959001453,1
-0.5280520529898413,0.3084833078746191,-0.4325710959001453,1
-1.2273795611937608,-0.2290046717040085,-0.4325710959001453,1
0.8899332273512435,2.261572087794819,0.8704513394670519,0
-0.0658217126786743,-0.5681218302071726,-0.4325710959001453,0
-1.5770433152957206,-0.5681218302071726,0.0315748605406486,0
-0.3674054684639838,-0.5681218302071726,-0.4325710959001453,0
1.088111937855069,1.3359226179489203,2.1734737748342488,0
-1.022839377182731,-0.5681218302071726,-0.4325710959001453,0
-0.2109452827696042,2.11527471704512,-0.4325710959001453,1
-1.022839377182731,0.5068541289500829,-0.4325710959001453,1
-1.5770433152957206,0.686760772221084,-0.4325710959001453,0
-1.5770433152957206,0.3839003938708738,-0.4325710959001453,0
-0.3674054684639838,-0.5681218302071726,-0.4325710959001453,0
-1.5770433152957206,0.2192838275796948,-0.4325710959001453,1
-0.415485466780634,0.5068541289500829,-0.4325710959001453,1
-0.765149220882594,-0.5681218302071726,-0.4325710959001453,0
0.7201970606210935,-0.5681218302071726,-0.4325710959001453,0
0.1387184713323555,1.5104232101609056,2.5182609599054024,0
-1.5770433152957206,-0.2290046717040085,-0.4325710959001453,1
-1.5770433152957206,0.9213883734495016,-0.4325710959001453,1
0.4352322531452082,-0.5681218302071726,2.200262189788212,0
-0.0916970337920332,0.2192838275796948,-0.4325710959001453,0
-1.5770433152957206,0.3084833078746191,-0.4325710959001453,0
-1.5770433152957206,0.686760772221084,-0.4325710959001453,1
-0.3674054684639838,-0.5681218302071726,-0.4325710959001453,0
-1.2273795611937608,0.8459712874532468,-0.4325710959001453,1
-0.5954130541524439,-0.5681218302071726,-0.4325710959001453,0
1.1529057163573548,-0.5681218302071726,1.038736775739882,0
-0.5280520529898413,-0.5681218302071726,-0.4325710959001453,0
-1.022839377182731,-0.5681218302071726,-0.4325710959001453,0
-0.6731756230807712,-0.5681218302071726,-0.4325710959001453,1
-0.877715807091801,-0.5681218302071726,0.4957208169814426,1
-0.4686354390697412,0.8459712874532468,0.4957208169814426,0
-1.022839377182731,0.7883468038054837,-0.4325710959001453,1
-0.2831336716225083,-0.5681218302071726,-0.4325710959001453,0
-1.022839377182731,0.4492296453023196,-0.4325710959001453,1
0.3543460942739389,1.1119311452380842,1.038736775739882,0
-1.5770433152957206,0.3839003938708738,-0.4325710959001453,1
-1.022839377182731,-0.5681218302071726,-0.4325710959001453,0
0.6335057955252451,2.1429005913704073,1.9853756190234169,0
-0.5280520529898413,0.686760772221084,-0.4325710959001453,0
0.2018580406300959,-0.2290046717040085,1.6955207092422502,0
0.0855684990432483,0.8724232776792274,-0.4325710959001453,1
-1.2273795611937608,1.0066894853665624,-0.4325710959001453,1
0.5873139771947735,-0.5681218302071726,-0.4325710959001453,0
-0.0916970337920332,-0.5681218302071726,-0.4325710959001453,0
1.4688099635670988,-0.5681218302071726,-0.4325710959001453,0
-1.022839377182731,0.2192838275796948,-0.4325710959001453,1
-1.022839377182731,-0.5681218302071726,-0.4325710959001453,0
-0.877715807091801,-0.5681218302071726,-0.4325710959001453,0
-0.5954130541524439,-0.5681218302071726,-0.4325710959001453,0
-0.877715807091801,-0.5681218302071726,-0.4325710959001453,1
-1.5770433152957206,0.1101124867991555,-0.4325710959001453,1
-0.877715807091801,-0.0306338506285448,-0.4325710959001453,0
1.0777637152132795,-0.5681218302071726,1.1092883969288942,0
-1.5770433152957206,0.2192838275796948,-0.4325710959001453,1
-1.5770433152957206,0.7883468038054837,-0.4325710959001453,1
-0.6731756230807712,-0.5681218302071726,-0.4325710959001453,0
-1.5770433152957206,1.2832651073474377,-0.4325710959001453,1
2.7047826150270544,-0.5681218302071726,-0.4325710959001453,0
0.838045979536275,-0.5681218302071726,-0.4325710959001453,0
-1.5770433152957206,0.1101124867991555,-0.4325710959001453,1
-0.4686354390697412,-0.5681218302071726,-0.4325710959001453,0
-1.022839377182731,2.1561497511281673,-0.4325710959001453,1
-1.5770433152957206,0.3084833078746191,-0.4325710959001453,1
1.1640421104205612,-0.5681218302071726,-0.4325710959001453,0
-0.2831336716225083,0.5068541289500829,-0.4325710959001453,1
-0.877715807091801,-0.5681218302071726,-0.4325710959001453,0
-1.5770433152957206,0.686760772221084,-0.4325710959001453,1
-1.5770433152957206,-0.0306338506285448,-0.4325710959001453,1
-0.3235118689788113,-0.5681218302071726,-0.4325710959001453,1
-0.6731756230807712,0.9658956466438964,0.7672287963606622,0
-0.0412091160394543,-0.5681218302071726,-0.4325710959001453,0
-1.022839377182731,1.0258779307242485,-0.4325710959001453,1
-1.022839377182731,0.3084833078746191,-0.4325710959001453,0
-0.2109452827696042,-0.5681218302071726,-0.4325710959001453,0
-1.5770433152957206,0.5068541289500829,0.3030828399198684,1
-1.2273795611937608,0.9213883734495016,-0.4325710959001453,1
-0.765149220882594,-0.0306338506285448,0.0315748605406486,0
-0.5280520529898413,0.9213883734495016,1.6061052752870657,0
-0.765149220882594,-0.5681218302071726,-0.4325710959001453,0
-1.5770433152957206,-0.2290046717040085,-0.4325710959001453,1
-1.2273795611937608,0.4492296453023196,-0.4325710959001453,1
-1.2273795611937608,1.3649950892274123,-0.4325710959001453,1
-0.765149220882594,-0.5681218302071726,-0.4325710959001453,0
-0.765149220882594,-0.5681218302071726,-0.4325710959001453,0
-1.022839377182731,0.1101124867991555,-0.4325710959001453,0
-0.877715807091801,0.7230175523740379,-0.4325710959001453,1
0.0467448735305326,-0.5681218302071726,-0.4325710959001453,0
1.098252141870052,-0.5681218302071726,-0.4325710959001453,0
0.1552595651522323,0.7567718071583226,-0.4325710959001453,1
1.5883116136119206,-0.5681218302071726,-0.4325710959001453,0
-1.5770433152957206,1.0066894853665624,-0.4325710959001453,1
0.6699885436865246,-0.5681218302071726,-0.4325710959001453,0
-0.415485466780634,0.7567718071583226,-0.4325710959001453,1
-0.4686354390697412,1.3359226179489203,-0.4325710959001453,1
-0.1783882988878814,-0.5681218302071726,-0.4325710959001453,0
-1.5770433152957206,0.2192838275796948,-0.4325710959001453,1
-0.877715807091801,-0.2290046717040085,-0.4325710959001453,1
-0.765149220882594,0.7883468038054837,-0.4325710959001453,1
-0.3674054684639838,1.0793028809228633,-0.4325710959001453,1
-0.877715807091801,-0.5681218302071726,-0.4325710959001453,0
1.6864228221106814,2.978155458889226,0.3030828399198684,0
-1.5770433152957206,0.8724232776792274,-0.4325710959001453,1
-0.6731756230807712,1.2720176546932715,-0.4325710959001453,1
-0.1189716849677815,-0.5681218302071726,-0.4325710959001453,1
-1.5770433152957206,-0.5681218302071726,-0.4325710959001453,1
-0.1783882988878814,-0.5681218302071726,-0.4325710959001453,0
-0.877715807091801,1.1119311452380842,-0.4325710959001453,1
-1.5770433152957206,1.2942597867369503,-0.4325710959001453,1
0.8295674914879012,1.6387829962991305,2.2863870958953356,0
0.8295674914879012,1.831747766315578,1.4646082539681988,0
-0.877715807091801,-0.5681218302071726,-0.4325710959001453,0
-0.2831336716225083,-0.5681218302071726,-0.4325710959001453,0
1.072508895155673,-0.5681218302071726,-0.4325710959001453,0
-1.5770433152957206,0.7567718071583226,-0.4325710959001453,1
-0.5954130541524439,-0.5681218302071726,-0.4325710959001453,0
-1.022839377182731,2.345727784831695,-0.4325710959001453,1
-0.877715807091801,0.5068541289500829,-0.4325710959001453,1
-0.1478057134718639,-0.5681218302071726,-0.4325710959001453,0
0.7148588291767358,-0.5681218302071726,-0.4325710959001453,0
0.5941774594511474,1.727085606236835,0.8704513394670519,0
-1.5770433152957206,0.1101124867991555,-0.4325710959001453,1
0.4161938365814114,1.820753086926065,2.037580309810482,0
0.4352322531452082,2.261572087794819,1.9087640372938008,1
-1.2273795611937608,0.2192838275796948,-0.4325710959001453,1
-1.5770433152957206,0.6050307903411093,-0.4325710959001453,1
-1.2273795611937608,-0.0306338506285448,-0.4325710959001453,1
-1.5770433152957206,0.7567718071583226,-0.4325710959001453,1
-1.2273795611937608,0.2192838275796948,-0.4325710959001453,1
-0.1478057134718639,-0.5681218302071726,-0.4325710959001453,1
-1.5770433152957206,0.3839003938708738,-0.4325710959001453,0
-1.5770433152957206,1.7741232826678148,-0.4325710959001453,1
-0.877715807091801,-0.5681218302071726,-0.4325710959001453,0
0.6142247926792929,2.3444586722060237,1.4240127298630303,1
-0.2457493000504842,1.0066894853665624,-0.4325710959001453,0
0.5515217947320558,-0.5681218302071726,-0.4325710959001453,0
-1.2273795611937608,-0.2290046717040085,-0.4325710959001453,1
0.9606021627541153,1.9911595745531945,2.3310450454206175,0
-1.5770433152957206,1.1119311452380842,-0.4325710959001453,1
-1.5770433152957206,0.2192838275796948,-0.4325710959001453,1
-1.5770433152957206,-0.5681218302071726,-0.4325710959001453,1
-0.877715807091801,2.026481078866254,-0.4325710959001453,1
-1.5770433152957206,0.1101124867991555,-0.4325710959001453,1
-0.5280520529898413,-0.5681218302071726,-0.4325710959001453,0
2.217419993098162,-0.5681218302071726,-0.4325710959001453,0
-0.1783882988878814,-0.5681218302071726,-0.4325710959001453,0
2.02541608795281,-0.5681218302071726,1.173110101473787,0
0.4883822254343152,-0.5681218302071726,-0.4325710959001453,0
-0.2457493000504842,-0.5681218302071726,-0.4325710959001453,0
-0.1478057134718639,-0.5681218302071726,-0.4325710959001453,0
-0.4686354390697412,1.899336803024952,-0.4325710959001453,1
-1.2273795611937608,-0.0306338506285448,-0.4325710959001453,1
-1.5770433152957206,0.3084833078746191,-0.4325710959001453,1
-1.5770433152957206,1.062134710877202,-0.4325710959001453,1
-1.5770433152957206,0.686760772221084,-0.4325710959001453,1
0.5129948220735353,-0.5681218302071726,-0.4325710959001453,1
0.6872859467395543,1.5996226904558295,2.1734737748342488,0
0.3543460942739389,-0.5681218302071726,-0.4325710959001453,0
-0.3674054684639838,0.6050307903411093,-0.4325710959001453,0
-0.2109452827696042,-0.5681218302071726,-0.4325710959001453,0
-1.5770433152957206,0.1101124867991555,-0.4325710959001453,1
-0.765149220882594,-0.5681218302071726,-0.4325710959001453,0
-1.2273795611937608,-0.5681218302071726,-0.4325710959001453,1
-0.6731756230807712,-0.5681218302071726,-0.4325710959001453,1
-0.6731756230807712,-0.5681218302071726,-0.4325710959001453,0
-1.2273795611937608,0.2192838275796948,-0.4325710959001453,1
-1.5770433152957206,1.2115404361823916,-0.4325710959001453,1
0.7460723817344526,-0.5681218302071726,-0.4325710959001453,0
-1.5770433152957206,0.3084833078746191,-0.4325710959001453,1
-1.022839377182731,-0.5681218302071726,-0.4325710959001453,0
-1.022839377182731,-0.5681218302071726,-0.4325710959001453,0
0.1039144540514755,-0.5681218302071726,-0.4325710959001453,0
-0.2109452827696042,-0.5681218302071726,-0.4325710959001453,0
-0.877715807091801,-0.0306338506285448,-0.4325710959001453,1
-0.6731756230807712,0.6050307903411093,0.3030828399198684,1
-0.4686354390697412,-0.5681218302071726,-0.4325710959001453,0
-0.415485466780634,0.8180069540049123,-0.4325710959001453,1
-1.022839377182731,-0.5681218302071726,-0.4325710959001453,0
-0.877715807091801,0.7230175523740379,0.0315748605406486,1
-0.765149220882594,-0.5681218302071726,-0.4325710959001453,0
-1.5770433152957206,-0.5681218302071726,-0.4325710959001453,1
0.1552595651522323,1.062134710877202,1.6955207092422502,0
-1.5770433152957206,2.8201746673563055,-0.4325710959001453,1
-0.765149220882594,-0.5681218302071726,-0.4325710959001453,0
-0.6731756230807712,1.6387829962991305,1.539087282718291,1
-1.5770433152957206,0.6476004663777833,-0.4325710959001453,0
0.4883822254343152,-0.5681218302071726,-0.4325710959001453,0
-1.5770433152957206,0.6050307903411093,-0.4325710959001453,0
0.0261518851231485,-0.5681218302071726,-0.4325710959001453,0
0.004682340171979,-0.5681218302071726,-0.4325710959001453,0
-1.2273795611937608,0.5584009860828592,-0.4325710959001453,1
-0.5954130541524439,-0.5681218302071726,-0.4325710959001453,0
-0.877715807091801,0.8180069540049123,-0.4325710959001453,1
-0.2831336716225083,-0.5681218302071726,-0.4325710959001453,0
1.007782146266425,1.727085606236835,1.284973036327954,0
0.8505023695485082,1.537610351002826,1.2313747528014565,0
-0.3235118689788113,0.8975181445860231,-0.4325710959001453,1
-0.6731756230807712,-0.5681218302071726,-0.4325710959001453,0
-0.2457493000504842,1.820753086926065,0.9598667734222364,1
-0.4686354390697412,0.4492296453023196,-0.4325710959001453,0
0.9265041752092282,-0.5681218302071726,-0.4325710959001453,0
-0.877715807091801,-0.5681218302071726,-0.4325710959001453,0
-1.5770433152957206,0.3084833078746191,-0.4325710959001453,1
1.2433757119609818,-0.5681218302071726,-0.4325710959001453,0
-0.1189716849677815,0.7230175523740379,-0.4325710959001453,0
-0.2109452827696042,0.3084833078746191,-0.4325710959001453,0
-0.877715807091801,-0.5681218302071726,-0.4325710959001453,0
-1.2273795611937608,0.3084833078746191,-0.4325710959001453,0
-0.6731756230807712,1.4430929635357743,-0.4325710959001453,1
-0.1189716849677815,-0.5681218302071726,-0.4325710959001453,0
0.9606021627541153,1.4430929635357743,1.7987432523486395,0
0.2306920691341782,-0.5681218302071726,-0.4325710959001453,0
0.5129948220735353,-0.5681218302071726,-0.4325710959001453,0
-1.022839377182731,1.142518769919737,-0.4325710959001453,1
-1.022839377182731,0.686760772221084,-0.4325710959001453,1
-0.5280520529898413,-0.5681218302071726,-0.4325710959001453,0
-0.0658217126786743,-0.5681218302071726,-0.4325710959001453,0
0.760983560843897,-0.5681218302071726,-0.4325710959001453,0
2.250437412433602,-0.5681218302071726,-0.4325710959001453,0
-1.5770433152957206,0.6050307903411093,-0.4325710959001453,0
2.2590565053099945,-0.5681218302071726,-0.4325710959001453,0
-1.2273795611937608,0.5068541289500829,-0.4325710959001453,1
-1.5770433152957206,0.3084833078746191,-0.4325710959001453,1
-1.2273795611937608,0.3839003938708738,-0.4325710959001453,1
-0.1189716849677815,-0.5681218302071726,-0.4325710959001453,0
2.9720833568400775,-0.5681218302071726,-0.4325710959001453,0
-1.5770433152957206,1.1119311452380842,-0.4325710959001453,1
0.4063982246411257,-0.5681218302071726,-0.4325710959001453,0
2.6558396461357847,3.065553794470858,5.25349280860897,0
-0.5280520529898413,0.8180069540049123,-0.4325710959001453,1
-1.5770433152957206,0.7883468038054837,0.3030828399198684,1
-0.415485466780634,-0.5681218302071726,-0.4325710959001453,0
0.8209440650204803,0.4492296453023196,-0.4325710959001453,0
-1.5770433152957206,-0.5681218302071726,-0.4325710959001453,0
-0.765149220882594,-0.5681218302071726,-0.4325710959001453,0
-1.5770433152957206,0.3084833078746191,-0.4325710959001453,1
-0.3235118689788113,-0.5681218302071726,-0.4325710959001453,1
0.4967205667491803,1.3258347833841115,1.6372560579145814,0
0.7148588291767358,-0.5681218302071726,-0.4325710959001453,0
0.6520769048170684,-0.5681218302071726,0.4957208169814426,0
0.1552595651522323,-0.5681218302071726,-0.4325710959001453,0
-1.022839377182731,-0.5681218302071726,-0.4325710959001453,0
-1.5770433152957206,2.4283344585909945,-0.4325710959001453,1
-1.022839377182731,1.0258779307242485,-0.4325710959001453,1
-1.022839377182731,1.3359226179489203,-0.4325710959001453,0
-1.2273795611937608,-0.0306338506285448,0.9598667734222364,0
-0.4686354390697412,1.0066894853665624,0.0315748605406486,0
0.4712803109185204,-0.5681218302071726,-0.4325710959001453,0
-1.022839377182731,-0.0306338506285448,-0.4325710959001453,0
-1.5770433152957206,0.2192838275796948,-0.4325710959001453,1
-1.022839377182731,-0.5681218302071726,-0.4325710959001453,1
-0.877715807091801,-0.5681218302071726,-0.4325710959001453,0
0.2838420414232854,-0.5681218302071726,-0.4325710959001453,0
-1.2273795611937608,-0.5681218302071726,-0.4325710959001453,0
1.042586163547305,-0.5681218302071726,-0.4325710959001453,0
-1.5770433152957206,0.3084833078746191,-0.4325710959001453,1
-0.877715807091801,0.6050307903411093,-0.4325710959001453,1
-0.5280520529898413,0.3084833078746191,-0.4325710959001453,0
-1.5770433152957206,0.1101124867991555,-0.4325710959001453,0
-0.877715807091801,-0.5681218302071726,-0.4325710959001453,1
-0.4686354390697412,-0.0306338506285448,0.3030828399198684,0
0.2962984314355189,-0.5681218302071726,-0.4325710959001453,0
-1.5770433152957206,0.6050307903411093,-0.4325710959001453,1
-0.5280520529898413,-0.5681218302071726,-0.4325710959001453,0
0.2164810402606826,-0.5681218302071726,-0.4325710959001453,0
0.950612565745482,-0.5681218302071726,0.0315748605406486,0
-0.1189716849677815,-0.5681218302071726,-0.4325710959001453,0
-0.877715807091801,0.3084833078746191,-0.4325710959001453,1
-0.5954130541524439,-0.5681218302071726,-0.4325710959001453,0
-0.3235118689788113,-0.5681218302071726,-0.4325710959001453,0
-0.877715807091801,-0.5681218302071726,-0.4325710959001453,0
-0.5954130541524439,-0.5681218302071726,-0.4325710959001453,1
-1.022839377182731,-0.5681218302071726,-0.4325710959001453,0
-0.3674054684639838,-0.5681218302071726,-0.4325710959001453,0
-0.765149220882594,0.686760772221084,-0.4325710959001453,0
-1.2273795611937608,2.4829761099113665,0.4957208169814426,1
-1.5770433152957206,0.3084833078746191,-0.4325710959001453,1
-0.0412091160394543,-0.5681218302071726,-0.4325710959001453,0
-1.5770433152957206,0.8724232776792274,-0.4325710959001453,1
0.6335057955252451,-0.5681218302071726,0.6451424404881,0
0.1552595651522323,-0.5681218302071726,-0.4325710959001453,0
-1.5770433152957206,1.2487159821318428,-0.4325710959001453,1
0.2962984314355189,-0.5681218302071726,-0.4325710959001453,0
2.0784462222168796,3.306186983434828,3.8247740429839614,0
-1.5770433152957206,0.9213883734495016,-0.4325710959001453,1
0.4967205667491803,1.2605055319526657,1.284973036327954,0
0.7094635032652221,-0.5681218302071726,-0.4325710959001453,0
-1.5770433152957206,-0.5681218302071726,-0.4325710959001453,0
-0.1189716849677815,-0.5681218302071726,-0.4325710959001453,0
3.5289100807479707,-0.5681218302071726,-0.4325710959001453,0
-1.5770433152957206,0.3839003938708738,-0.4325710959001453,1
-1.022839377182731,-0.5681218302071726,-0.4325710959001453,0
0.8165764345851058,1.2487159821318428,-0.4325710959001453,1
-0.877715807091801,-0.5681218302071726,-0.4325710959001453,0
-0.765149220882594,0.9213883734495016,-0.4325710959001453,0
-1.2273795611937608,0.1101124867991555,-0.4325710959001453,1
-0.1189716849677815,1.689791928536755,-0.4325710959001453,1
-0.2109452827696042,1.3649950892274123,-0.4325710959001453,1
0.320324789584565,2.0066106263285306,-0.4325710959001453,1
0.9863126013152558,-0.5681218302071726,-0.4325710959001453,0
0.7510919073680482,1.80186106244558,2.0206269721479675,0
1.0564077997623138,-0.5681218302071726,-0.4325710959001453,0
-0.3235118689788113,-0.5681218302071726,-0.4325710959001453,0
-1.5770433152957206,0.686760772221084,-0.4325710959001453,1
-0.2109452827696042,-0.5681218302071726,-0.4325710959001453,0
-1.5770433152957206,-0.0306338506285448,0.0315748605406486,1
-0.4686354390697412,1.0066894853665624,-0.4325710959001453,1
-1.2273795611937608,-0.5681218302071726,-0.4325710959001453,0
0.4883822254343152,-0.5681218302071726,-0.4325710959001453,1
2.1188520770289325,-0.5681218302071726,1.038736775739882,0
-1.2273795611937608,0.3839003938708738,-0.4325710959001453,1
1.310265916856075,2.026481078866254,0.4957208169814426,0
-1.5770433152957206,0.2192838275796948,-0.4325710959001453,1
-1.2273795611937608,-0.0306338506285448,-0.4325710959001453,1
-1.022839377182731,1.616790860501491,-0.4325710959001453,1
-0.1783882988878814,2.486790886687977,0.6451424404881,1
-1.5770433152957206,0.2192838275796948,0.0315748605406486,1
1.181364264260536,2.7806537846809216,2.431174645062264,1
-0.0177417143620239,-0.5681218302071726,-0.4325710959001453,1
1.668916207882831,-0.5681218302071726,0.4957208169814426,0
-1.5770433152957206,0.6476004663777833,-0.4325710959001453,1
-0.765149220882594,-0.5681218302071726,-0.4325710959001453,0
-0.5280520529898413,-0.5681218302071726,-0.4325710959001453,0
-0.877715807091801,0.6050307903411093,-0.4325710959001453,1
-1.5770433152957206,-0.0306338506285448,-0.4325710959001453,0
-1.5770433152957206,0.9213883734495016,-0.4325710959001453,1
-1.022839377182731,1.1119311452380842,-0.4325710959001453,1
-0.765149220882594,2.0639533693161307,0.3030828399198684,0
-1.5770433152957206,0.1101124867991555,-0.4325710959001453,1
-0.877715807091801,-0.5681218302071726,-0.4325710959001453,0
-1.5770433152957206,-0.5681218302071726,-0.4325710959001453,0
-0.3674054684639838,-0.5681218302071726,-0.4325710959001453,0
0.8422323783677529,3.1790714117728114,4.022326161756315,1
-0.6731756230807712,-0.5681218302071726,-0.4325710959001453,0
-0.5954130541524439,-0.5681218302071726,-0.4325710959001453,0
-0.0916970337920332,-0.5681218302071726,-0.4325710959001453,0
-0.5954130541524439,-0.5681218302071726,-0.4325710959001453,0
-1.5770433152957206,1.0066894853665624,-0.4325710959001453,1
0.6699885436865246,0.7883468038054837,-0.4325710959001453,0
-0.1783882988878814,0.9867176248809476,1.038736775739882,0
-1.2273795611937608,0.5068541289500829,-0.4325710959001453,1
-1.5770433152957206,2.1008538898815035,-0.4325710959001453,1
-0.3674054684639838,-0.5681218302071726,-0.4325710959001453,1
1.208302722045619,-0.5681218302071726,0.0315748605406486,0
-0.5280520529898413,-0.5681218302071726,-0.4325710959001453,1
-1.5770433152957206,0.8975181445860231,-0.4325710959001453,1
-0.5954130541524439,1.0258779307242485,-0.4325710959001453,1
0.2962984314355189,1.2605055319526657,-0.4325710959001453,1
0.4535782081534356,-0.5681218302071726,-0.4325710959001453,0
-0.877715807091801,-0.0306338506285448,-0.4325710959001453,0
0.1216165568165608,-0.5681218302071726,-0.4325710959001453,0
0.5129948220735353,-0.5681218302071726,-0.4325710959001453,0
-1.5770433152957206,-0.5681218302071726,-0.4325710959001453,1
-1.5770433152957206,1.0258779307242485,-0.4325710959001453,1
1.1251303622481712,-0.5681218302071726,0.6451424404881,0
-1.022839377182731,-0.5681218302071726,-0.4325710959001453,0
-0.5280520529898413,-0.5681218302071726,-0.4325710959001453,0
-0.765149220882594,-0.2290046717040085,-0.4325710959001453,0
-0.0658217126786743,-0.5681218302071726,-0.4325710959001453,0
-1.5770433152957206,-0.5681218302071726,-0.4325710959001453,1
-1.5770433152957206,2.510887250356892,-0.4325710959001453,1
-0.765149220882594,1.6333769452401143,-0.4325710959001453,1
-1.5770433152957206,0.686760772221084,-0.4325710959001453,1
-1.5770433152957206,-0.5681218302071726,-0.4325710959001453,1
-1.2273795611937608,0.9658956466438964,0.0315748605406486,1
-0.3674054684639838,-0.5681218302071726,-0.4325710959001453,0
-1.5770433152957206,0.4492296453023196,-0.4325710959001453,1
-0.6731756230807712,-0.5681218302071726,-0.4325710959001453,0
-0.877715807091801,-0.5681218302071726,-0.4325710959001453,0
-1.5770433152957206,0.5068541289500829,-0.4325710959001453,1
-0.877715807091801,-0.0306338506285448,-0.4325710959001453,1
-0.2457493000504842,-0.5681218302071726,0.4957208169814426,0
-0.0177417143620239,-0.5681218302071726,-0.4325710959001453,0
-1.5770433152957206,0.3084833078746191,-0.4325710959001453,0
0.3543460942739389,1.4012518693803664,-0.4325710959001453,0
1.706358413580917,-0.5681218302071726,-0.4325710959001453,0
-1.5770433152957206,0.3839003938708738,-0.4325710959001453,1
-1.5770433152957206,0.9213883734495016,-0.4325710959001453,1
0.3319220397399356,1.142518769919737,-0.4325710959001453,0
-1.022839377182731,0.4492296453023196,-0.4325710959001453,1
-1.022839377182731,-0.5681218302071726,-0.4325710959001453,0
0.5049233192541921,1.0066894853665624,1.173110101473787,0
0.8974625934563751,1.8599133927693656,2.1596666656830443,0
-1.5770433152957206,0.5584009860828592,-0.4325710959001453,1
-1.5770433152957206,0.1101124867991555,-0.4325710959001453,1
-1.2273795611937608,0.686760772221084,-0.4325710959001453,0
-0.2831336716225083,-0.5681218302071726,-0.4325710959001453,1
-1.5770433152957206,-0.0306338506285448,-0.4325710959001453,1
-1.022839377182731,-0.5681218302071726,-0.4325710959001453,0
-1.022839377182731,-0.2290046717040085,-0.4325710959001453,1
-0.5954130541524439,1.0066894853665624,-0.4325710959001453,1
-0.2831336716225083,-0.5681218302071726,-0.4325710959001453,1
-1.5770433152957206,1.127463962308648,-0.4325710959001453,1
-1.5770433152957206,0.6476004663777833,-0.4325710959001453,1
-0.765149220882594,-0.2290046717040085,-0.4325710959001453,0
-1.2273795611937608,0.1101124867991555,-0.4325710959001453,1
0.7201970606210935,2.326336502554498,0.6451424404881,1
-1.2273795611937608,0.4492296453023196,-0.4325710959001453,1
0.1867984696490057,-0.5681218302071726,-0.4325710959001453,0
-0.877715807091801,-0.0306338506285448,-0.4325710959001453,0
0.2306920691341782,1.1984931924996616,0.7672287963606622,1
-1.5770433152957206,0.7230175523740379,-0.4325710959001453,1
-0.1189716849677815,-0.5681218302071726,-0.4325710959001453,0
0.6335057955252451,-0.5681218302071726,-0.4325710959001453,1
-0.3235118689788113,-0.5681218302071726,-0.4325710959001453,0
-1.5770433152957206,0.7230175523740379,-0.4325710959001453,1
-0.765149220882594,-0.5681218302071726,-0.4325710959001453,0
0.4799037373859414,1.4099112572578554,-0.4325710959001453,0
-0.1478057134718639,0.5584009860828592,-0.4325710959001453,0
-0.5280520529898413,1.6598289354660951,1.038736775739882,1
-1.5770433152957206,1.3554949335835398,-0.4325710959001453,1
-1.2273795611937608,0.1101124867991555,-0.4325710959001453,1
0.7560619787430853,0.7567718071583226,0.6451424404881,0
-0.4686354390697412,-0.5681218302071726,-0.4325710959001453,0
-0.5954130541524439,-0.5681218302071726,-0.4325710959001453,0
1.2849109239621557,1.3554949335835398,-0.4325710959001453,0
0.967153659565359,1.7822101220389384,1.3807963763081137,0
-1.022839377182731,-0.5681218302071726,-0.4325710959001453,1
0.2306920691341782,-0.5681218302071726,-0.4325710959001453,0
-0.1783882988878814,0.686760772221084,-0.4325710959001453,0
-0.3235118689788113,-0.5681218302071726,-0.4325710959001453,0
0.950612565745482,-0.5681218302071726,-0.4325710959001453,0
0.1552595651522323,-0.5681218302071726,-0.4325710959001453,0
0.004682340171979,-0.5681218302071726,-0.4325710959001453,0
-1.5770433152957206,-0.0306338506285448,-0.4325710959001453,1
-0.1478057134718639,-0.5681218302071726,-0.4325710959001453,0
-0.6731756230807712,-0.5681218302071726,-0.4325710959001453,1
-0.3235118689788113,-0.5681218302071726,-0.4325710959001453,1
-0.0658217126786743,1.1984931924996616,-0.4325710959001453,0
1.1662401886870657,2.0066106263285306,2.696453546317052,0
0.8586389679436596,-0.5681218302071726,0.3030828399198684,0
1.28836613037433,-0.5681218302071726,-0.4325710959001453,0
0.807726064349583,-0.5681218302071726,-0.4325710959001453,0
-0.877715807091801,-0.5681218302071726,-0.4325710959001453,1
0.1867984696490057,1.0258779307242485,0.7672287963606622,0
-1.5770433152957206,3.677751531187704,-0.4325710959001453,1
-1.5770433152957206,0.2192838275796948,-0.4325710959001453,1
-0.877715807091801,0.2192838275796948,-0.4325710959001453,1
-0.877715807091801,0.1101124867991555,-0.4325710959001453,1
-0.0412091160394543,-0.5681218302071726,-0.4325710959001453,0
0.320324789584565,1.2942597867369503,-0.4325710959001453,1
0.4535782081534356,-0.5681218302071726,-0.4325710959001453,0
-0.2457493000504842,-0.5681218302071726,-0.4325710959001453,0
-1.5770433152957206,0.8180069540049123,-0.4325710959001453,1
1.772496257167242,-0.5681218302071726,-0.4325710959001453,0
0.6009488116435222,-0.5681218302071726,-0.4325710959001453,0
-1.5770433152957206,0.3084833078746191,-0.4325710959001453,1
-1.5770433152957206,0.4492296453023196,-0.4325710959001453,1
1.8989807104436285,-0.5681218302071726,-0.4325710959001453,0
-0.765149220882594,-0.5681218302071726,-0.4325710959001453,0
-0.0177417143620239,-0.5681218302071726,-0.4325710959001453,0
1.6640343165822968,2.749460724043462,2.957449205096374,0
-0.1783882988878814,-0.5681218302071726,-0.4325710959001453,1
0.4967205667491803,0.8459712874532468,-0.4325710959001453,0
-0.0658217126786743,-0.5681218302071726,-0.4325710959001453,1
0.6815857938418957,0.8724232776792274,-0.4325710959001453,1
-1.5770433152957206,-0.0306338506285448,-0.4325710959001453,1
-1.5770433152957206,0.686760772221084,-0.4325710959001453,1
-0.877715807091801,-0.5681218302071726,-0.4325710959001453,0
-0.1189716849677815,-0.5681218302071726,-0.4325710959001453,0
0.4625069043209565,-0.0306338506285448,-0.4325710959001453,0
-0.5954130541524439,-0.5681218302071726,-0.4325710959001453,1
0.1867984696490057,-0.5681218302071726,-0.4325710959001453,0
-0.877715807091801,0.8724232776792274,0.9598667734222364,1
-0.4686354390697412,-0.5681218302071726,-0.4325710959001453,0
-1.5770433152957206,0.5068541289500829,-0.4325710959001453,1
0.3543460942739389,1.980580943114402,2.262889208789434,1
-1.5770433152957206,0.3084833078746191,-0.4325710959001453,1
-0.2457493000504842,-0.5681218302071726,-0.4325710959001453,0
-1.5770433152957206,0.1101124867991555,-0.4325710959001453,1
1.0536736024778586,-0.5681218302071726,0.7672287963606622,0
-1.5770433152957206,-0.0306338506285448,-0.4325710959001453,1
-1.5770433152957206,1.3649950892274123,-0.4325710959001453,0
0.1216165568165608,-0.5681218302071726,0.0315748605406486,0
-0.6731756230807712,-0.5681218302071726,0.3030828399198684,0
-0.0916970337920332,2.424033396667212,1.8449423327489076,1
-0.3674054684639838,-0.5681218302071726,0.4957208169814426,0
1.675352763006972,-0.5681218302071726,-0.4325710959001453,0
-1.5770433152957206,-0.5681218302071726,-0.4325710959001453,0
-0.5280520529898413,2.299224710956967,-0.4325710959001453,1
-0.877715807091801,-0.5681218302071726,-0.4325710959001453,0
-0.2831336716225083,0.8724232776792274,-0.4325710959001453,1
-1.5770433152957206,0.5068541289500829,-0.4325710959001453,1
-0.2457493000504842,-0.5681218302071726,-0.4325710959001453,0
-0.877715807091801,0.6050307903411093,-0.4325710959001453,1
-1.5770433152957206,-0.2290046717040085,-0.4325710959001453,1
1.5709147805469357,2.4933959985832828,2.458509912696359,0
-0.415485466780634,0.3839003938708738,-0.4325710959001453,0
0.3084546380625055,-0.5681218302071726,-0.4325710959001453,0
-1.2273795611937608,0.5068541289500829,-0.4325710959001453,1
-1.022839377182731,-0.5681218302071726,-0.4325710959001453,0
0.5209392093160381,1.2832651073474377,1.1092883969288942,0
-1.5770433152957206,3.418020634301397,-0.4325710959001453,1
-0.4686354390697412,-0.5681218302071726,-0.4325710959001453,0
0.5049233192541921,-0.5681218302071726,-0.4325710959001453,0
-0.5954130541524439,-0.5681218302071726,-0.4325710959001453,1
-0.3674054684639838,0.3084833078746191,-0.4325710959001453,1
-1.022839377182731,0.2192838275796948,-0.4325710959001453,0
-0.1783882988878814,0.8180069540049123,0.7672287963606622,1
-1.5770433152957206,0.2192838275796948,-0.4325710959001453,1
-0.765149220882594,-0.5681218302071726,-0.4325710959001453,1
-0.415485466780634,1.6111348131964356,-0.4325710959001453,1
-1.5770433152957206,0.3084833078746191,-0.4325710959001453,1
-1.5770433152957206,0.6476004663777833,-0.4325710959001453,1
-1.5770433152957206,0.1101124867991555,-0.4325710959001453,1
-0.0916970337920332,1.5818300881073382,-0.4325710959001453,1
-0.1783882988878814,1.1713060516577414,-0.4325710959001453,0
-1.2273795611937608,0.8180069540049123,-0.4325710959001453,1
-1.2273795611937608,-0.5681218302071726,-0.4325710959001453,0
-1.5770433152957206,-0.2290046717040085,-0.4325710959001453,1
1.010775972050704,-0.5681218302071726,-0.4325710959001453,0
-1.5770433152957206,0.3084833078746191,-0.4325710959001453,1
-0.2457493000504842,-0.5681218302071726,-0.4325710959001453,0
-0.2457493000504842,-0.5681218302071726,-0.4325710959001453,0
-1.2273795611937608,0.4492296453023196,-0.4325710959001453,1
-1.5770433152957206,0.3839003938708738,-0.4325710959001453,1
-1.022839377182731,-0.5681218302071726,-0.4325710959001453,1
0.2164810402606826,-0.5681218302071726,-0.4325710959001453,1
0.2306920691341782,1.2942597867369503,1.3345972959078458,0
-0.0916970337920332,-0.5681218302071726,-0.4325710959001453,0
-0.0916970337920332,-0.5681218302071726,-0.4325710959001453,0
0.9085500323869288,1.062134710877202,-0.4325710959001453,0
-1.5770433152957206,-0.5681218302071726,-0.4325710959001453,0
-0.3674054684639838,-0.5681218302071726,-0.4325710959001453,0
-1.5770433152957206,3.134146367706794,-0.4325710959001453,1
1.7474878518266477,2.3643796996464626,0.4957208169814426,0
-1.022839377182731,-0.5681218302071726,-0.4325710959001453,0
-1.5770433152957206,0.2192838275796948,-0.4325710959001453,1
-1.5770433152957206,1.3258347833841115,-0.4325710959001453,1
-0.1189716849677815,-0.5681218302071726,-0.4325710959001453,0
-1.2273795611937608,1.0066894853665624,-0.4325710959001453,1
0.9736211605117748,1.708794031236369,1.9853756190234169,0
-1.2273795611937608,1.689791928536755,-0.4325710959001453,1
0.9638885467812528,-0.5681218302071726,1.284973036327954,0
-1.022839377182731,-0.5681218302071726,-0.4325710959001453,0
-0.2457493000504842,-0.5681218302071726,-0.4325710959001453,0
-1.022839377182731,-0.5681218302071726,-0.4325710959001453,0
-0.877715807091801,1.1119311452380842,-0.4325710959001453,1
-1.022839377182731,-0.5681218302071726,-0.4325710959001453,0
-1.022839377182731,-0.0306338506285448,-0.4325710959001453,1
-1.5770433152957206,2.0361216399187105,-0.4325710959001453,1
0.7754666081462114,1.3554949335835398,1.4240127298630303,1
-1.5770433152957206,3.006216440496318,-0.4325710959001453,1
-0.2831336716225083,-0.5681218302071726,-0.4325710959001453,0
-0.5280520529898413,-0.0306338506285448,0.8704513394670519,1
-1.5770433152957206,-0.5681218302071726,0.7672287963606622,0
-0.5954130541524439,1.1119311452380842,-0.4325710959001453,1
1.3544342008914716,-0.5681218302071726,-0.4325710959001453,0
-0.877715807091801,-0.5681218302071726,-0.4325710959001453,0
2.7247435961567295,3.562399760089843,4.2383130391460915,0
0.3543460942739389,-0.5681218302071726,-0.4325710959001453,0
-1.2273795611937608,-0.2290046717040085,-0.4325710959001453,1
0.8861259778529252,-0.5681218302071726,-0.4325710959001453,0
-0.6731756230807712,1.3649950892274123,-0.4325710959001453,1
0.0855684990432483,-0.5681218302071726,-0.4325710959001453,0
-1.022839377182731,-0.5681218302071726,-0.4325710959001453,0
-0.1189716849677815,1.4430929635357743,-0.4325710959001453,1
-1.5770433152957206,1.0258779307242485,-0.4325710959001453,1
-1.5770433152957206,0.4492296453023196,-0.4325710959001453,1
-1.5770433152957206,-0.5681218302071726,-0.4325710959001453,1
-0.765149220882594,-0.5681218302071726,-0.4325710959001453,1
-0.2457493000504842,-0.5681218302071726,-0.4325710959001453,0
-0.6731756230807712,0.7883468038054837,-0.4325710959001453,0
-0.6731756230807712,-0.5681218302071726,-0.4325710959001453,0
-1.5770433152957206,0.5584009860828592,0.0315748605406486,1
0.4063982246411257,1.3554949335835398,-0.4325710959001453,0
-1.5770433152957206,-0.0306338506285448,-0.4325710959001453,1
2.231684097689947,-0.5681218302071726,-0.4325710959001453,0
-0.2831336716225083,0.4492296453023196,-0.4325710959001453,0
-0.2109452827696042,1.689791928536755,-0.4325710959001453,0
0.9539644595661042,3.3490976519483926,-0.4325710959001453,0
-0.2831336716225083,-0.5681218302071726,-0.4325710959001453,0
-0.4686354390697412,0.6050307903411093,-0.4325710959001453,1
-1.5770433152957206,-0.5681218302071726,-0.4325710959001453,0
-1.022839377182731,-0.5681218302071726,-0.4325710959001453,1
-0.765149220882594,0.7567718071583226,-0.4325710959001453,0
-0.2109452827696042,-0.5681218302071726,-0.4325710959001453,0
-0.3235118689788113,-0.5681218302071726,-0.4325710959001453,0
-0.0412091160394543,0.3839003938708738,0.4957208169814426,0
-1.022839377182731,0.2192838275796948,-0.4325710959001453,0
-1.2273795611937608,0.5068541289500829,-0.4325710959001453,1
0.5129948220735353,-0.5681218302071726,-0.4325710959001453,0
-0.6731756230807712,0.2192838275796948,-0.4325710959001453,0
0.6640883809412628,-0.5681218302071726,-0.4325710959001453,0
0.004682340171979,-0.5681218302071726,-0.4325710959001453,1
-0.2831336716225083,-0.5681218302071726,-0.4325710959001453,0
-0.5280520529898413,-0.5681218302071726,-0.4325710959001453,1
-0.3674054684639838,0.686760772221084,-0.4325710959001453,1
2.718615481763208,-0.5681218302071726,-0.4325710959001453,0
0.0665300824794515,1.062134710877202,-0.4325710959001453,0
1.393649247711654,-0.5681218302071726,0.6451424404881,0
-1.022839377182731,-0.5681218302071726,-0.4325710959001453,0
-0.877715807091801,-0.5681218302071726,-0.4325710959001453,0
-0.5954130541524439,-0.2290046717040085,-0.4325710959001453,1
-0.877715807091801,1.0066894853665624,-0.4325710959001453,1
0.6520769048170684,-0.5681218302071726,-0.4325710959001453,0
-1.5770433152957206,0.3839003938708738,-0.4325710959001453,1
-1.5770433152957206,0.3839003938708738,-0.4325710959001453,1
1.4479158959720118,-0.5681218302071726,-0.4325710959001453,0
-1.022839377182731,0.6050307903411093,-0.4325710959001453,1
1.5288949996918204,-0.5681218302071726,-0.4325710959001453,0
-0.2109452827696042,-0.5681218302071726,0.0315748605406486,0
0.9800067921572414,-0.5681218302071726,-0.4325710959001453,0
-1.5770433152957206,1.770029178082959,-0.4325710959001453,1
-1.5770433152957206,0.5068541289500829,1.1092883969288942,0
1.870478631809702,3.0150083918082906,3.4321074821370656,0
-1.022839377182731,-0.5681218302071726,-0.4325710959001453,0
-0.2831336716225083,1.0066894853665624,-0.4325710959001453,1
-1.022839377182731,-0.5681218302071726,-0.4325710959001453,0
-0.765149220882594,-0.5681218302071726,-0.4325710959001453,0
-0.3235118689788113,-0.5681218302071726,-0.4325710959001453,0
-1.5770433152957206,-0.0306338506285448,-0.4325710959001453,1
-1.5770433152957206,1.689791928536755,-0.4325710959001453,0
-0.1783882988878814,1.616790860501491,-0.4325710959001453,1
-1.2273795611937608,-0.0306338506285448,-0.4325710959001453,0
0.0855684990432483,-0.5681218302071726,-0.4325710959001453,0
-0.6731756230807712,-0.5681218302071726,-0.4325710959001453,0
-1.5770433152957206,0.6476004663777833,-0.4325710959001453,1
-0.0177417143620239,0.9213883734495016,1.173110101473787,0
-0.877715807091801,0.6050307903411093,-0.4325710959001453,1
0.7094635032652221,2.2041357382169973,-0.4325710959001453,1
0.9539644595661042,-0.5681218302071726,-0.4325710959001453,0
-0.1189716849677815,-0.5681218302071726,-0.4325710959001453,0
-1.5770433152957206,0.8724232776792274,-0.4325710959001453,1
-1.5770433152957206,0.9213883734495016,-0.4325710959001453,1
-1.5770433152957206,0.6476004663777833,-0.4325710959001453,1
-1.5770433152957206,0.1101124867991555,-0.4325710959001453,0
-0.1189716849677815,-0.5681218302071726,-0.4325710959001453,0
0.2306920691341782,-0.5681218302071726,-0.4325710959001453,0
-0.4686354390697412,-0.5681218302071726,-0.4325710959001453,0
-1.5770433152957206,-0.0306338506285448,-0.4325710959001453,1
-1.5770433152957206,1.0958889656614867,-0.4325710959001453,1
-0.0412091160394543,0.2192838275796948,-0.4325710959001453,1
-0.3235118689788113,0.7883468038054837,-0.4325710959001453,0
2.716082292930845,-0.5681218302071726,-0.4325710959001453,0
-0.765149220882594,-0.5681218302071726,-0.4325710959001453,0
-0.0658217126786743,1.0066894853665624,-0.4325710959001453,0
1.6745526705886218,2.3183595436201876,2.8319637502011346,0
-0.765149220882594,-0.5681218302071726,-0.4325710959001453,0
0.7460723817344526,-0.5681218302071726,0.6451424404881,0
1.231953529710898,-0.5681218302071726,-0.4325710959001453,0
-1.5770433152957206,0.9441479488442734,-0.4325710959001453,1
-0.6731756230807712,-0.5681218302071726,-0.4325710959001453,1
0.0665300824794515,1.2487159821318428,1.3807963763081137,0
-1.5770433152957206,-0.2290046717040085,-0.4325710959001453,1
-0.4686354390697412,-0.5681218302071726,-0.4325710959001453,0
-0.5954130541524439,0.8975181445860231,-0.4325710959001453,1
0.5287604227906182,-0.5681218302071726,-0.4325710959001453,0
1.0137521350432226,-0.5681218302071726,-0.4325710959001453,0
-0.6731756230807712,1.1119311452380842,-0.4325710959001453,1
0.0665300824794515,-0.5681218302071726,-0.4325710959001453,0
-0.2831336716225083,-0.5681218302071726,-0.4325710959001453,1
2.325820198259827,-0.5681218302071726,-0.4325710959001453,0
-1.022839377182731,1.0258779307242485,-0.4325710959001453,1
-1.5770433152957206,0.7567718071583226,-0.4325710959001453,1
-0.1783882988878814,-0.5681218302071726,-0.4325710959001453,0
-0.0177417143620239,0.686760772221084,-0.4325710959001453,0
-0.3674054684639838,-0.5681218302071726,-0.4325710959001453,1
-0.877715807091801,0.3839003938708738,-0.4325710959001453,1
-1.2273795611937608,-0.2290046717040085,-0.4325710959001453,1
0.7802033393237299,-0.5681218302071726,-0.4325710959001453,1
-1.5770433152957206,0.8459712874532468,-0.4325710959001453,1
-0.2109452827696042,-0.5681218302071726,-0.4325710959001453,0
0.0467448735305326,1.1571241125080765,0.7672287963606622,0
-0.5954130541524439,-0.5681218302071726,-0.4325710959001453,0
-0.3235118689788113,-0.5681218302071726,-0.4325710959001453,1
-0.6731756230807712,-0.5681218302071726,-0.4325710959001453,0
-1.5770433152957206,-0.0306338506285448,-0.4325710959001453,1
-0.765149220882594,-0.5681218302071726,-0.4325710959001453,0
0.1712754552140784,-0.5681218302071726,-0.4325710959001453,1
-0.5954130541524439,-0.5681218302071726,-0.4325710959001453,0
-1.2273795611937608,0.5584009860828592,1.502882732180676,0
1.5059362782672556,-0.5681218302071726,-0.4325710959001453,0
-1.5770433152957206,-0.0306338506285448,-0.4325710959001453,1
-0.877715807091801,0.8724232776792274,-0.4325710959001453,1
0.2838420414232854,0.1101124867991555,1.6372560579145814,0
-0.2457493000504842,-0.5681218302071726,-0.4325710959001453,0
-0.3235118689788113,-0.5681218302071726,-0.4325710959001453,0
-1.5770433152957206,0.7567718071583226,-0.4325710959001453,0
0.8121706584229164,1.3359226179489203,1.6372560579145814,0
-1.2273795611937608,-0.0306338506285448,-0.4325710959001453,1
-0.1783882988878814,-0.5681218302071726,-0.4325710959001453,0
0.1216165568165608,-0.5681218302071726,-0.4325710959001453,0
-0.4686354390697412,0.3084833078746191,-0.4325710959001453,0
-0.765149220882594,1.142518769919737,-0.4325710959001453,1
-1.022839377182731,0.5068541289500829,-0.4325710959001453,1
-0.6731756230807712,-0.5681218302071726,-0.4325710959001453,0
0.1387184713323555,0.9658956466438964,-0.4325710959001453,0
-1.2273795611937608,0.9658956466438964,-0.4325710959001453,1
0.2838420414232854,-0.5681218302071726,-0.4325710959001453,1
-0.4686354390697412,-0.5681218302071726,-0.4325710959001453,0
-1.022839377182731,0.2192838275796948,-0.4325710959001453,1
-1.5770433152957206,0.1101124867991555,-0.4325710959001453,1
-0.1478057134718639,-0.5681218302071726,-0.4325710959001453,0
-0.877715807091801,-0.5681218302071726,-0.4325710959001453,0
0.6397724371562382,1.2242487517997116,0.8704513394670519,0
-1.022839377182731,-0.5681218302071726,-0.4325710959001453,0
-0.6731756230807712,-0.5681218302071726,-0.4325710959001453,0
-1.2273795611937608,1.0793028809228633,-0.4325710959001453,1
-0.5280520529898413,2.0066106263285306,-0.4325710959001453,1
-0.5954130541524439,0.7230175523740379,-0.4325710959001453,1
-1.5770433152957206,0.3084833078746191,-0.4325710959001453,1
-0.765149220882594,-0.5681218302071726,-0.4325710959001453,1
-0.765149220882594,0.8724232776792274,-0.4325710959001453,1
-0.6731756230807712,-0.0306338506285448,0.0315748605406486,1
-1.5770433152957206,-0.0306338506285448,-0.4325710959001453,1
-0.765149220882594,-0.5681218302071726,-0.4325710959001453,0
-1.5770433152957206,0.3839003938708738,-0.4325710959001453,1
2.811497922464488,-0.5681218302071726,-0.4325710959001453,0
-0.4686354390697412,0.4492296453023196,-0.4325710959001453,1
-0.765149220882594,-0.5681218302071726,-0.4325710959001453,0
0.9831695496272048,-0.5681218302071726,-0.4325710959001453,0
1.348356318164092,2.224039878771318,1.8668990889798236,0
-1.5770433152957206,-0.0306338506285448,-0.4325710959001453,0
-1.2273795611937608,-0.0306338506285448,-0.4325710959001453,1
-0.765149220882594,1.0258779307242485,-0.4325710959001453,1
-1.2273795611937608,0.8724232776792274,-0.4325710959001453,1
-1.5770433152957206,-0.0306338506285448,-0.4325710959001453,1
-0.2831336716225083,-0.5681218302071726,-0.4325710959001453,0
-0.877715807091801,-0.5681218302071726,-0.4325710959001453,1
-0.4686354390697412,-0.0306338506285448,-0.4325710959001453,1
-1.5770433152957206,0.2192838275796948,-0.4325710959001453,1
-1.5770433152957206,0.3839003938708738,-0.4325710959001453,1
0.7802033393237299,-0.5681218302071726,-0.4325710959001453,0
-1.022839377182731,0.7230175523740379,-0.4325710959001453,1
-0.765149220882594,-0.5681218302071726,-0.4325710959001453,0
0.6929224094453451,3.03213204680521,2.3729099937345945,1
-0.5280520529898413,-0.5681218302071726,-0.4325710959001453,0
-0.0177417143620239,-0.5681218302071726,-0.4325710959001453,0
-1.5770433152957206,0.8724232776792274,-0.4325710959001453,1
-0.5954130541524439,0.5068541289500829,-0.4325710959001453,1
-1.5770433152957206,0.4492296453023196,-0.4325710959001453,1
-0.2831336716225083,1.7940951431534302,-0.4325710959001453,1
-1.5770433152957206,-0.0306338506285448,-0.4325710959001453,1
-0.765149220882594,-0.0306338506285448,-0.4325710959001453,0
0.1712754552140784,1.4267833651808035,1.173110101473787,0
-0.765149220882594,-0.5681218302071726,-0.4325710959001453,0
1.208302722045619,-0.5681218302071726,-0.4325710959001453,0
-0.765149220882594,-0.5681218302071726,-0.4325710959001453,0
-0.2831336716225083,-0.5681218302071726,-0.4325710959001453,0
-0.5954130541524439,1.1119311452380842,-0.4325710959001453,1
0.7040098483758988,1.2242487517997116,-0.4325710959001453,1
-1.5770433152957206,-0.5681218302071726,-0.4325710959001453,0
-1.5770433152957206,2.3393490420242076,-0.4325710959001453,1
-1.5770433152957206,0.3084833078746191,-0.4325710959001453,1
-1.5770433152957206,-0.5681218302071726,-0.4325710959001453,0
-1.2273795611937608,0.1101124867991555,-0.4325710959001453,1
-0.6731756230807712,-0.2290046717040085,-0.4325710959001453,0
-1.022839377182731,-0.5681218302071726,-0.4325710959001453,1
-0.6731756230807712,-0.5681218302071726,-0.4325710959001453,0
1.1392091782617773,-0.5681218302071726,-0.4325710959001453,0
-0.5954130541524439,0.686760772221084,-0.4325710959001453,1
-0.877715807091801,1.4012518693803664,-0.4325710959001453,1
0.5515217947320558,1.883294623448354,1.4646082539681988,0
-1.5770433152957206,0.686760772221084,-0.4325710959001453,1
-1.5770433152957206,0.3839003938708738,-0.4325710959001453,1
0.5209392093160381,-0.5681218302071726,-0.4325710959001453,0
-1.5770433152957206,1.0258779307242485,-0.4325710959001453,1
1.4615339985292182,2.1390482671921784,2.5655479707961693,0
-1.5770433152957206,1.2115404361823916,0.3030828399198684,1
-1.022839377182731,0.8459712874532468,-0.4325710959001453,1
0.765857590683371,1.5506575946855556,0.3030828399198684,0
0.930019577338098,2.224039878771318,1.4240127298630303,1
-0.877715807091801,1.1571241125080765,-0.4325710959001453,0
-0.5954130541524439,0.6050307903411093,-0.4325710959001453,1
-0.1189716849677815,-0.5681218302071726,-0.4325710959001453,0
0.0665300824794515,1.3743142784764515,-0.4325710959001453,0
-0.6731756230807712,1.142518769919737,-0.4325710959001453,1
-0.6731756230807712,1.4430929635357743,-0.4325710959001453,0
-1.022839377182731,0.3084833078746191,-0.4325710959001453,1
-0.3674054684639838,0.7567718071583226,0.6451424404881,0
-0.2831336716225083,0.3084833078746191,-0.4325710959001453,0
0.0467448735305326,-0.5681218302071726,-0.4325710959001453,0
-1.2273795611937608,1.3554949335835398,-0.4325710959001453,1
-0.0412091160394543,0.7567718071583226,-0.4325710959001453,0
2.2567892737901163,2.6162455840840564,4.170537053307859,0
-0.1783882988878814,-0.5681218302071726,-0.4325710959001453,0
1.495767684303308,0.5068541289500829,1.7491189927687478,0
1.034107675498931,-0.5681218302071726,-0.4325710959001453,0
-1.022839377182731,-0.5681218302071726,-0.4325710959001453,0
0.1552595651522323,2.5712172301684957,-0.4325710959001453,1
-0.6731756230807712,-0.5681218302071726,-0.4325710959001453,0
-1.022839377182731,0.4492296453023196,-0.4325710959001453,1
0.004682340171979,-0.5681218302071726,-0.4325710959001453,0
-1.2273795611937608,-0.0306338506285448,-0.4325710959001453,1
-0.877715807091801,-0.5681218302071726,-0.4325710959001453,0
1.010775972050704,2.652762696623748,2.657810840946764,0
1.2338752774217585,-0.5681218302071726,-0.4325710959001453,0
-1.5770433152957206,0.3839003938708738,-0.4325710959001453,1
-1.022839377182731,-0.5681218302071726,-0.4325710959001453,0
0.6207340205924411,-0.5681218302071726,-0.4325710959001453,0
-1.5770433152957206,-0.0306338506285448,-0.4325710959001453,1
-1.022839377182731,0.4492296453023196,-0.4325710959001453,1
-0.877715807091801,1.1119311452380842,-0.4325710959001453,1
-0.0177417143620239,-0.5681218302071726,0.3030828399198684,0
0.0467448735305326,0.686760772221084,-0.4325710959001453,0
-0.5280520529898413,1.1984931924996616,-0.4325710959001453,1
1.5310280183624958,-0.5681218302071726,0.3030828399198684,0
-1.5770433152957206,0.4492296453023196,-0.4325710959001453,1
-1.5770433152957206,-0.0306338506285448,-0.4325710959001453,1
-1.5770433152957206,0.6050307903411093,-0.4325710959001453,1
-1.5770433152957206,0.686760772221084,0.9598667734222364,1
-1.5770433152957206,0.2192838275796948,0.4957208169814426,1
-0.3235118689788113,-0.5681218302071726,-0.4325710959001453,0
-0.877715807091801,-0.5681218302071726,-0.4325710959001453,0
-0.4686354390697412,0.8975181445860231,-0.4325710959001453,0
-0.765149220882594,0.8975181445860231,-0.4325710959001453,1
-0.0177417143620239,-0.5681218302071726,-0.4325710959001453,1
-1.5770433152957206,-0.5681218302071726,-0.4325710959001453,1
-0.877715807091801,0.4492296453023196,0.0315748605406486,1
-1.022839377182731,2.503598584560099,-0.4325710959001453,1
-0.6731756230807712,-0.2290046717040085,-0.4325710959001453,0
-1.5770433152957206,0.5584009860828592,-0.4325710959001453,1
-1.022839377182731,-0.2290046717040085,-0.4325710959001453,0
0.7802033393237299,1.8530225374057288,-0.4325710959001453,0
-1.5770433152957206,0.7883468038054837,-0.4325710959001453,1
1.0167108424339464,-0.5681218302071726,2.5805962685689217,0
-0.2457493000504842,-0.5681218302071726,-0.4325710959001453,0
0.784896007247168,0.7230175523740379,-0.4325710959001453,0
0.004682340171979,2.917476743882944,1.1092883969288942,1
0.0467448735305326,1.0066894853665624,-0.4325710959001453,0
0.1552595651522323,-0.5681218302071726,-0.4325710959001453,0
2.8678410764391056,-0.5681218302071726,0.0315748605406486,0
-0.877715807091801,0.6476004663777833,-0.4325710959001453,0
-1.5770433152957206,0.3839003938708738,-0.4325710959001453,1
-0.877715807091801,-0.5681218302071726,-0.4325710959001453,0
-0.4686354390697412,2.2336962970384016,-0.4325710959001453,1
1.1960480749531,-0.5681218302071726,0.0315748605406486,0
0.5209392093160381,-0.5681218302071726,-0.4325710959001453,0
-1.5770433152957206,-0.5681218302071726,0.0315748605406486,1
-1.5770433152957206,0.9213883734495016,-0.4325710959001453,1
-0.877715807091801,-0.5681218302071726,-0.4325710959001453,0
-0.5954130541524439,0.8724232776792274,-0.4325710959001453,1
-0.877715807091801,-0.5681218302071726,-0.4325710959001453,1
-0.2109452827696042,-0.5681218302071726,-0.4325710959001453,0
-0.1189716849677815,-0.5681218302071726,-0.4325710959001453,1
1.048160343622728,-0.5681218302071726,-0.4325710959001453,0
-1.5770433152957206,0.6476004663777833,-0.4325710959001453,1
-1.022839377182731,-0.5681218302071726,-0.4325710959001453,0
1.9156376708217937,-0.5681218302071726,1.173110101473787,0
-1.022839377182731,0.2192838275796948,-0.4325710959001453,1
1.624948991737328,3.3157042513883077,3.7691417602857222,0
2.150994039773284,-0.5681218302071726,-0.4325710959001453,0
-1.5770433152957206,0.6050307903411093,-0.4325710959001453,1
0.6207340205924411,1.0066894853665624,0.3030828399198684,0
0.6640883809412628,0.2192838275796948,1.6372560579145814,0
-0.765149220882594,0.6050307903411093,-0.4325710959001453,1
0.3862172069908325,-0.5681218302071726,-0.4325710959001453,0
-0.5280520529898413,0.3084833078746191,-0.4325710959001453,1
1.4853898932285607,2.68737333471336,3.048452046518644,0
-1.5770433152957206,2.3643796996464626,-0.4325710959001453,1
-1.022839377182731,1.5818300881073382,-0.4325710959001453,1
2.3162619916043985,-0.5681218302071726,0.6451424404881,0
-0.877715807091801,-0.5681218302071726,-0.4325710959001453,1
0.1039144540514755,-0.5681218302071726,-0.4325710959001453,0
-1.5770433152957206,1.315534557827101,-0.4325710959001453,1
0.7201970606210935,1.6700218592038678,-0.4325710959001453,0
-1.5770433152957206,0.5068541289500829,-0.4325710959001453,0
-0.3674054684639838,-0.0306338506285448,-0.4325710959001453,1
-1.022839377182731,0.9213883734495016,-0.4325710959001453,1
0.0467448735305326,-0.5681218302071726,-0.4325710959001453,0
-1.2273795611937608,0.7883468038054837,-0.4325710959001453,1
-1.5770433152957206,-0.5681218302071726,-0.4325710959001453,1
-1.2273795611937608,0.6050307903411093,0.7672287963606622,0
-0.3235118689788113,0.686760772221084,0.0315748605406486,0
0.6984965895207682,-0.5681218302071726,0.7672287963606622,0
0.2445137053491873,1.5818300881073382,2.145568859297143,0
-0.765149220882594,-0.5681218302071726,-0.4325710959001453,0
-1.5770433152957206,0.686760772221084,-0.4325710959001453,1
-0.0658217126786743,-0.5681218302071726,-0.4325710959001453,0
-0.6731756230807712,0.686760772221084,-0.4325710959001453,1
-0.877715807091801,0.3839003938708738,-0.4325710959001453,1
1.1081925258486456,1.988536283319876,2.1164503121281273,0
-0.765149220882594,1.2832651073474377,-0.4325710959001453,1
-1.2273795611937608,1.1850884459564108,-0.4325710959001453,1
-0.0658217126786743,-0.5681218302071726,-0.4325710959001453,0
-1.5770433152957206,2.1690495511482655,-0.4325710959001453,1
0.7510919073680482,-0.5681218302071726,0.4957208169814426,0
-1.5770433152957206,0.1101124867991555,-0.4325710959001453,0
0.0665300824794515,-0.5681218302071726,-0.4325710959001453,0
-0.1783882988878814,0.9213883734495016,-0.4325710959001453,0
-0.877715807091801,0.2192838275796948,-0.4325710959001453,0
-0.5280520529898413,-0.2290046717040085,-0.4325710959001453,0
-1.5770433152957206,-0.2290046717040085,-0.4325710959001453,1
0.6520769048170684,1.6649519418872756,2.1164503121281273,0
0.2962984314355189,-0.5681218302071726,-0.4325710959001453,0
-0.415485466780634,-0.5681218302071726,-0.4325710959001453,0
-1.5770433152957206,-0.2290046717040085,-0.4325710959001453,1
-1.5770433152957206,1.0258779307242485,-0.4325710959001453,1
1.470012486577592,2.580717385812368,2.3310450454206175,0
-0.5280520529898413,-0.5681218302071726,0.9598667734222364,0
0.8252742046034711,0.4492296453023196,1.7987432523486395,0
-1.5770433152957206,2.1111976714272234,-0.4325710959001453,1
-1.5770433152957206,0.5068541289500829,-0.4325710959001453,1
-0.2831336716225083,0.1101124867991555,0.8704513394670519,0
-1.022839377182731,0.6050307903411093,-0.4325710959001453,1
-0.877715807091801,1.3554949335835398,-0.4325710959001453,1
-0.0658217126786743,-0.5681218302071726,-0.4325710959001453,0
-0.877715807091801,0.2192838275796948,0.3030828399198684,0
-1.5770433152957206,0.2192838275796948,-0.4325710959001453,1
0.5803558232361381,1.926950299138171,1.038736775739882,0
-0.765149220882594,-0.5681218302071726,0.0315748605406486,1
-1.2273795611937608,1.2487159821318428,-0.4325710959001453,1
-0.5954130541524439,0.3839003938708738,-0.4325710959001453,1
1.2690627672897257,2.2539867785986796,2.440410944181936,0
-0.5280520529898413,3.76178855725582,-0.4325710959001453,1
0.5287604227906182,1.53095388583332,0.3030828399198684,0
-1.5770433152957206,0.6050307903411093,-0.4325710959001453,0
-0.877715807091801,0.7883468038054837,-0.4325710959001453,1
-1.2273795611937608,0.5068541289500829,0.0315748605406486,1
0.7358809610927927,1.8530225374057288,1.173110101473787,0
-0.6731756230807712,-0.5681218302071726,-0.4325710959001453,0
-1.022839377182731,-0.0306338506285448,-0.4325710959001453,1
-1.5770433152957206,-0.0306338506285448,-0.4325710959001453,1
-0.3235118689788113,0.6050307903411093,-0.4325710959001453,1
-0.4686354390697412,-0.5681218302071726,0.0315748605406486,0
1.0618321333598728,-0.5681218302071726,-0.4325710959001453,0
-0.4686354390697412,2.2041357382169973,-0.4325710959001453,1
-0.3235118689788113,0.686760772221084,-0.4325710959001453,1
-1.022839377182731,-0.5681218302071726,-0.4325710959001453,0
-1.5770433152957206,0.3084833078746191,0.8704513394670519,1
1.8567173266554624,2.8119356168474123,1.3807963763081137,0
0.1387184713323555,-0.5681218302071726,1.7228559768763452,0
-0.4686354390697412,1.1571241125080765,-0.4325710959001453,1
-0.6731756230807712,-0.0306338506285448,-0.4325710959001453,0
-1.022839377182731,-0.5681218302071726,-0.4325710959001453,0
0.3964086276324924,-0.5681218302071726,0.4957208169814426,0
1.0225767011321365,1.805698279314976,1.1092883969288942,0
-1.5770433152957206,1.0066894853665624,-0.4325710959001453,1
-1.5770433152957206,1.142518769919737,-0.4325710959001453,1
-0.2457493000504842,-0.5681218302071726,-0.4325710959001453,0
-1.5770433152957206,0.3084833078746191,-0.4325710959001453,1
-0.3235118689788113,-0.5681218302071726,-0.4325710959001453,1
-0.5280520529898413,-0.5681218302071726,-0.4325710959001453,0
-0.2457493000504842,-0.5681218302071726,-0.4325710959001453,0
-0.4686354390697412,0.8724232776792274,-0.4325710959001453,1
-1.022839377182731,-0.0306338506285448,-0.4325710959001453,1
-0.877715807091801,-0.5681218302071726,-0.4325710959001453,1
-1.022839377182731,-0.5681218302071726,0.3030828399198684,0
0.2962984314355189,1.9473992368364832,-0.4325710959001453,1
-1.5770433152957206,2.0361216399187105,-0.4325710959001453,1
-1.5770433152957206,0.5068541289500829,-0.4325710959001453,1
-1.2273795611937608,1.3554949335835398,-0.4325710959001453,1
-1.2273795611937608,-0.2290046717040085,-0.4325710959001453,1
-0.6731756230807712,0.686760772221084,-0.4325710959001453,1
1.115521344785331,-0.5681218302071726,0.7672287963606622,0
-0.877715807091801,0.3839003938708738,-0.4325710959001453,1
0.320324789584565,-0.5681218302071726,-0.4325710959001453,0
0.8252742046034711,1.7781834108893912,1.038736775739882,0
3.802045079446299,3.206227365832707,4.531171874184404,0
1.839114862075145,-0.5681218302071726,-0.4325710959001453,0
-0.877715807091801,0.8180069540049123,0.6451424404881,1
-0.0412091160394543,-0.5681218302071726,-0.4325710959001453,0
-1.022839377182731,-0.5681218302071726,-0.4325710959001453,0
0.365195075074776,-0.5681218302071726,-0.4325710959001453,0
-1.5770433152957206,-0.2290046717040085,1.038736775739882,0
-0.4686354390697412,-0.5681218302071726,-0.4325710959001453,0
1.6069628383202483,-0.5681218302071726,-0.4325710959001453,0
-1.5770433152957206,0.686760772221084,-0.4325710959001453,1
-1.022839377182731,-0.5681218302071726,-0.4325710959001453,0
-0.765149220882594,-0.5681218302071726,-0.4325710959001453,0
-1.5770433152957206,0.3839003938708738,-0.4325710959001453,1
-1.5770433152957206,0.8180069540049123,-0.4325710959001453,1
0.4352322531452082,1.53095388583332,1.6955207092422502,0
0.1867984696490057,-0.5681218302071726,-0.4325710959001453,0
-1.2273795611937608,0.4492296453023196,-0.4325710959001453,1
-0.3235118689788113,0.6050307903411093,-0.4325710959001453,1
-0.877715807091801,1.0793028809228633,-0.4325710959001453,1
0.2838420414232854,-0.5681218302071726,-0.4325710959001453,0
-1.5770433152957206,3.3906473496252745,-0.4325710959001453,1
-1.2273795611937608,0.9213883734495016,-0.4325710959001453,1
-0.6731756230807712,0.9658956466438964,-0.4325710959001453,1
-1.2273795611937608,0.1101124867991555,-0.4325710959001453,1
0.6335057955252451,2.6486856510058505,1.8222411394545417,1
-0.4686354390697412,1.3359226179489203,-0.4325710959001453,1
0.2962984314355189,-0.5681218302071726,-0.4325710959001453,0
-0.5280520529898413,-0.5681218302071726,-0.4325710959001453,0
-0.1189716849677815,-0.5681218302071726,-0.4325710959001453,0
-1.5770433152957206,0.3839003938708738,-0.4325710959001453,1
-1.2273795611937608,-0.2290046717040085,-0.4325710959001453,1
-0.1783882988878814,1.4267833651808035,0.4957208169814426,1
-1.5770433152957206,0.3839003938708738,-0.4325710959001453,1
-1.2273795611937608,-0.2290046717040085,-0.4325710959001453,1
-1.5770433152957206,0.3839003938708738,-0.4325710959001453,1
0.7560619787430853,-0.5681218302071726,-0.4325710959001453,0
-0.765149220882594,0.4492296453023196,-0.4325710959001453,1
-0.0658217126786743,-0.5681218302071726,-0.4325710959001453,0
-0.4686354390697412,-0.5681218302071726,-0.4325710959001453,0
0.5941774594511474,-0.5681218302071726,-0.4325710959001453,0
-1.5770433152957206,1.0258779307242485,-0.4325710959001453,1
-0.765149220882594,-0.5681218302071726,-0.4325710959001453,1
-0.6731756230807712,-0.5681218302071726,-0.4325710959001453,0
0.4625069043209565,-0.5681218302071726,-0.4325710959001453,0
-0.0177417143620239,-0.5681218302071726,-0.4325710959001453,0
-0.2457493000504842,-0.5681218302071726,-0.4325710959001453,1
0.8252742046034711,2.224039878771318,2.5182609599054024,1
-0.5954130541524439,1.315534557827101,-0.4325710959001453,1
-0.877715807091801,0.686760772221084,-0.4325710959001453,1
2.5028328555437054,3.2405779831161565,-0.4325710959001453,0
-1.2273795611937608,0.7883468038054837,-0.4325710959001453,1
-0.2109452827696042,-0.5681218302071726,-0.4325710959001453,0
-0.6731756230807712,0.6050307903411093,-0.4325710959001453,1
2.110823395665752,-0.5681218302071726,-0.4325710959001453,0
0.1867984696490057,1.1119311452380842,1.4646082539681988,0
-0.4686354390697412,-0.5681218302071726,-0.4325710959001453,0
-0.0916970337920332,1.744717880010124,1.539087282718291,1
0.9863126013152558,-0.5681218302071726,-0.4325710959001453,0
-1.5770433152957206,0.6476004663777833,-0.4325710959001453,1
-1.022839377182731,-0.2290046717040085,-0.4325710959001453,1
-1.2273795611937608,-0.5681218302071726,-0.4325710959001453,1
-0.877715807091801,-0.5681218302071726,0.0315748605406486,0
-0.877715807091801,0.8180069540049123,-0.4325710959001453,1
0.2164810402606826,0.6050307903411093,1.038736775739882,0
0.8626585761754951,1.2487159821318428,-0.4325710959001453,0
-0.5280520529898413,0.6050307903411093,-0.4325710959001453,1
-0.5954130541524439,-0.5681218302071726,-0.4325710959001453,1
0.1216165568165608,-0.5681218302071726,-0.4325710959001453,1
-0.6731756230807712,1.3554949335835398,-0.4325710959001453,1
-0.0658217126786743,1.2720176546932715,-0.4325710959001453,1
-0.5280520529898413,-0.5681218302071726,-0.4325710959001453,0
2.525122085893663,-0.5681218302071726,-0.4325710959001453,0
-0.0177417143620239,-0.5681218302071726,-0.4325710959001453,0
0.3084546380625055,1.0443421085287103,2.0541150034646085,0
-0.877715807091801,1.2487159821318428,-0.4325710959001453,1
-1.5770433152957206,1.1119311452380842,-0.4325710959001453,1
-0.6731756230807712,-0.5681218302071726,-0.4325710959001453,0
-0.765149220882594,-0.5681218302071726,-0.4325710959001453,0
0.0665300824794515,-0.5681218302071726,-0.4325710959001453,0
-0.2109452827696042,-0.5681218302071726,-0.4325710959001453,0
-0.2109452827696042,0.3839003938708738,-0.4325710959001453,0
-0.1189716849677815,-0.5681218302071726,-0.4325710959001453,0
-1.022839377182731,-0.5681218302071726,-0.4325710959001453,0
0.2445137053491873,1.988536283319876,-0.4325710959001453,1
-1.5770433152957206,0.2192838275796948,0.0315748605406486,1
-0.0177417143620239,0.8180069540049123,-0.4325710959001453,0
-1.022839377182731,-0.5681218302071726,-0.4325710959001453,0
-1.5770433152957206,0.3084833078746191,-0.4325710959001453,1
-0.2457493000504842,-0.5681218302071726,-0.4325710959001453,0
-1.022839377182731,0.4492296453023196,-0.4325710959001453,1
-1.2273795611937608,-0.5681218302071726,-0.4325710959001453,0
1.478350827892457,2.190401709559497,2.51004464737991,0
-1.022839377182731,0.5584009860828592,-0.4325710959001453,0
-0.2831336716225083,1.1571241125080765,-0.4325710959001453,1
-1.5770433152957206,2.551644914533876,-0.4325710959001453,1
-0.877715807091801,-0.5681218302071726,-0.4325710959001453,1
-0.2457493000504842,-0.5681218302071726,-0.4325710959001453,0
-0.3674054684639838,-0.5681218302071726,-0.4325710959001453,0
-0.5954130541524439,-0.5681218302071726,-0.4325710959001453,0
-1.2273795611937608,-0.5681218302071726,0.0315748605406486,0
1.155152749756512,-0.5681218302071726,0.0315748605406486,0
0.4799037373859414,1.142518769919737,1.2313747528014565,0
0.7040098483758988,-0.5681218302071726,-0.4325710959001453,0
0.2164810402606826,-0.5681218302071726,1.284973036327954,0
-1.5770433152957206,0.2192838275796948,-0.4325710959001453,1
-1.022839377182731,0.2192838275796948,-0.4325710959001453,1
-1.022839377182731,-0.5681218302071726,-0.4325710959001453,0
-1.5770433152957206,0.9213883734495016,-0.4325710959001453,1
-0.6731756230807712,-0.5681218302071726,-0.4325710959001453,0
0.3964086276324924,2.8119356168474123,3.166828580882278,1
-1.5770433152957206,0.6476004663777833,-0.4325710959001453,1
-1.5770433152957206,0.686760772221084,-0.4325710959001453,1
0.0665300824794515,-0.5681218302071726,0.0315748605406486,0
-0.877715807091801,1.2487159821318428,-0.4325710959001453,1
-1.5770433152957206,-0.2290046717040085,-0.4325710959001453,1
-1.022839377182731,-0.5681218302071726,-0.4325710959001453,0
-1.5770433152957206,0.8180069540049123,-0.4325710959001453,1
-0.1478057134718639,-0.5681218302071726,-0.4325710959001453,0
-0.1478057134718639,-0.5681218302071726,-0.4325710959001453,0
-1.022839377182731,-0.5681218302071726,-0.4325710959001453,0
-0.1478057134718639,-0.5681218302071726,-0.4325710959001453,0
2.0777265956126443,-0.5681218302071726,-0.4325710959001453,0
-1.5770433152957206,1.4099112572578554,-0.4325710959001453,1
-0.877715807091801,0.7567718071583226,-0.4325710959001453,1
0.6520769048170684,1.817032592625003,2.5655479707961693,0
-1.5770433152957206,0.3084833078746191,-0.4325710959001453,1
0.1387184713323555,-0.5681218302071726,-0.4325710959001453,1
-1.2273795611937608,-0.5681218302071726,-0.4325710959001453,0
-1.5770433152957206,0.3839003938708738,-0.4325710959001453,0
-1.5770433152957206,0.1101124867991555,0.6451424404881,1
-0.765149220882594,0.5584009860828592,-0.4325710959001453,1
0.2962984314355189,-0.5681218302071726,-0.4325710959001453,0
-1.5770433152957206,0.6476004663777833,-0.4325710959001453,1
-1.022839377182731,1.4430929635357743,-0.4325710959001453,1
-0.877715807091801,-0.5681218302071726,-0.4325710959001453,0
-0.1189716849677815,-0.5681218302071726,-0.4325710959001453,0
-0.6731756230807712,0.2192838275796948,-0.4325710959001453,0
-0.5280520529898413,-0.5681218302071726,-0.4325710959001453,1
0.4712803109185204,1.744717880010124,-0.4325710959001453,0
-0.3674054684639838,-0.5681218302071726,-0.4325710959001453,0
0.7560619787430853,2.4848872164151103,0.4957208169814426,1
0.5873139771947735,1.5033836262225244,-0.4325710959001453,1
-1.5770433152957206,1.1850884459564108,-0.4325710959001453,1
1.955710228566189,-0.5681218302071726,-0.4325710959001453,0
-1.5770433152957206,0.686760772221084,-0.4325710959001453,1
-1.022839377182731,0.5584009860828592,-0.4325710959001453,1
3.3312280351981993,4.145292529592323,4.984316811138663,0
0.0467448735305326,-0.5681218302071726,-0.4325710959001453,0
-1.2273795611937608,0.6476004663777833,-0.4325710959001453,1
-0.3235118689788113,0.3084833078746191,1.173110101473787,0
-1.2273795611937608,-0.0306338506285448,-0.4325710959001453,1
-1.2273795611937608,1.1119311452380842,-0.4325710959001453,1
0.1552595651522323,-0.5681218302071726,-0.4325710959001453,0
-0.2831336716225083,-0.5681218302071726,0.3030828399198684,0
0.3862172069908325,-0.5681218302071726,-0.4325710959001453,0
-1.5770433152957206,0.9658956466438964,-0.4325710959001453,1
-1.2273795611937608,0.2192838275796948,0.3030828399198684,1
1.8556000323692152,3.2975689085401543,3.8059433871621446,0
0.2164810402606826,-0.5681218302071726,-0.4325710959001453,0
1.3765955167924404,1.9752045962321263,-0.4325710959001453,0
-0.877715807091801,0.5584009860828592,0.4957208169814426,1
0.4967205667491803,-0.5681218302071726,-0.4325710959001453,0
-0.6731756230807712,-0.5681218302071726,-0.4325710959001453,0
-1.5770433152957206,0.8180069540049123,-0.4325710959001453,1
-1.5770433152957206,1.7979935115312933,-0.4325710959001453,1
-0.3674054684639838,-0.5681218302071726,-0.4325710959001453,0
-0.877715807091801,-0.5681218302071726,-0.4325710959001453,0
-1.5770433152957206,-0.5681218302071726,-0.4325710959001453,0
-0.2831336716225083,-0.5681218302071726,-0.4325710959001453,0
-0.3674054684639838,-0.5681218302071726,-0.4325710959001453,0
-1.5770433152957206,0.8180069540049123,-0.4325710959001453,1
-1.5770433152957206,0.2192838275796948,-0.4325710959001453,0
0.7987176434621769,1.2832651073474377,-0.4325710959001453,0
1.5659739167198337,2.84955203467817,2.8906542337018863,0
-0.877715807091801,-0.5681218302071726,0.0315748605406486,0
-0.877715807091801,-0.5681218302071726,-0.4325710959001453,0
-1.2273795611937608,0.7883468038054837,-0.4325710959001453,1
-0.2457493000504842,0.9213883734495016,-0.4325710959001453,1
-0.5954130541524439,-0.5681218302071726,-0.4325710959001453,0
-0.877715807091801,1.3554949335835398,-0.4325710959001453,1
1.042586163547305,-0.5681218302071726,-0.4325710959001453,0
-1.5770433152957206,1.1713060516577414,-0.4325710959001453,1
-1.2273795611937608,-0.0306338506285448,-0.4325710959001453,0
0.9085500323869288,2.0502353871882937,1.8668990889798236,0
-0.765149220882594,-0.5681218302071726,-0.4325710959001453,0
-0.765149220882594,-0.5681218302071726,-0.4325710959001453,1
-1.022839377182731,1.1119311452380842,-0.4325710959001453,1
-0.877715807091801,0.3839003938708738,-0.4325710959001453,1
1.4114958874618326,2.517176957737025,2.909127710654263,0
-0.5280520529898413,-0.2290046717040085,-0.4325710959001453,1
-0.6731756230807712,0.5584009860828592,-0.4325710959001453,1
-1.022839377182731,-0.2290046717040085,-0.4325710959001453,1
-1.5770433152957206,0.5584009860828592,-0.4325710959001453,1
-0.877715807091801,-0.5681218302071726,-0.4325710959001453,0
-1.5770433152957206,0.1101124867991555,0.0315748605406486,1
0.2018580406300959,-0.5681218302071726,-0.4325710959001453,0
-0.877715807091801,0.6050307903411093,-0.4325710959001453,1
0.1867984696490057,1.2242487517997116,2.0206269721479675,0
2.180623225744028,3.671550016914989,4.4422758171352035,0
-1.5770433152957206,1.2487159821318428,-0.4325710959001453,1
-0.6731756230807712,0.6050307903411093,-0.4325710959001453,0
0.3319220397399356,0.7883468038054837,1.284973036327954,0
0.8165764345851058,2.2041357382169973,1.7491189927687478,0
0.5364622237509654,2.381169084883691,2.13116785115392,1
-1.5770433152957206,0.9441479488442734,-0.4325710959001453,1
-1.5770433152957206,0.2192838275796948,-0.4325710959001453,0
-1.022839377182731,0.2192838275796948,-0.4325710959001453,0
-1.2273795611937608,0.8724232776792274,-0.4325710959001453,1
-0.5954130541524439,-0.5681218302071726,-0.4325710959001453,0
1.467604567141663,2.277857007462158,3.0558105938621227,0
-0.5954130541524439,1.1713060516577414,-0.4325710959001453,1
-1.2273795611937608,0.3084833078746191,-0.4325710959001453,1
1.0698608147230533,3.791976477347694,3.340602745177679,1
-0.1478057134718639,1.689791928536755,-0.4325710959001453,1
-0.1189716849677815,-0.5681218302071726,-0.4325710959001453,0
0.0665300824794515,-0.5681218302071726,-0.4325710959001453,0
0.2838420414232854,-0.5681218302071726,-0.4325710959001453,0
-1.022839377182731,-0.5681218302071726,-0.4325710959001453,0
-1.022839377182731,-0.5681218302071726,-0.4325710959001453,0
-0.415485466780634,-0.5681218302071726,-0.4325710959001453,0
-1.5770433152957206,0.2192838275796948,-0.4325710959001453,1
1.0283751346738097,1.90248306880604,-0.4325710959001453,0
1.5767806392451258,-0.5681218302071726,-0.4325710959001453,0
-1.5770433152957206,-0.5681218302071726,-0.4325710959001453,0
-1.5770433152957206,-0.5681218302071726,-0.4325710959001453,0
-0.765149220882594,0.6050307903411093,-0.4325710959001453,0
-1.5770433152957206,0.1101124867991555,-0.4325710959001453,1
-1.5770433152957206,0.6050307903411093,-0.4325710959001453,1
-0.2831336716225083,-0.5681218302071726,-0.4325710959001453,0
-1.022839377182731,0.9213883734495016,-0.4325710959001453,1
-0.0658217126786743,0.6050307903411093,-0.4325710959001453,1
-0.0412091160394543,-0.5681218302071726,-0.4325710959001453,1
-1.022839377182731,0.6476004663777833,-0.4325710959001453,1
-1.022839377182731,-0.5681218302071726,-0.4325710959001453,1
-0.1478057134718639,0.686760772221084,-0.4325710959001453,1
-1.5770433152957206,-0.5681218302071726,-0.4325710959001453,1
1.9794485474059476,-0.5681218302071726,-0.4325710959001453,0
0.3862172069908325,-0.5681218302071726,-0.4325710959001453,0
-0.3235118689788113,-0.5681218302071726,-0.4325710959001453,1
0.3758156392251084,1.2605055319526657,1.2313747528014565,0
0.0665300824794515,1.8767275095059897,-0.4325710959001453,0
-1.022839377182731,-0.0306338506285448,-0.4325710959001453,1
-0.5280520529898413,-0.5681218302071726,-0.4325710959001453,0
-0.5954130541524439,-0.5681218302071726,1.8222411394545417,1
-0.5954130541524439,0.5068541289500829,-0.4325710959001453,0
0.3084546380625055,-0.5681218302071726,-0.4325710959001453,0
-1.022839377182731,-0.2290046717040085,-0.4325710959001453,1
-1.022839377182731,1.2487159821318428,-0.4325710959001453,1
-0.0412091160394543,0.686760772221084,-0.4325710959001453,1
-1.5770433152957206,1.1984931924996616,0.8704513394670519,1
-0.5954130541524439,-0.0306338506285448,-0.4325710959001453,0
0.0261518851231485,-0.5681218302071726,-0.4325710959001453,0
-1.022839377182731,-0.5681218302071726,-0.4325710959001453,0
-0.877715807091801,0.3839003938708738,-0.4325710959001453,1
-1.2273795611937608,0.8459712874532468,-0.4325710959001453,1
-1.022839377182731,1.1119311452380842,-0.4325710959001453,1
-0.3674054684639838,1.2605055319526657,-0.4325710959001453,1
1.8748041302429903,-0.5681218302071726,-0.4325710959001453,0
0.7410024077619953,2.172673587295824,1.6061052752870657,0
-0.5280520529898413,1.941643374649341,-0.4325710959001453,1
0.7754666081462114,-0.5681218302071726,-0.4325710959001453,0
-1.5770433152957206,0.2192838275796948,-0.4325710959001453,1
-0.0916970337920332,-0.5681218302071726,-0.4325710959001453,0
-0.415485466780634,-0.5681218302071726,-0.4325710959001453,0
0.7987176434621769,-0.5681218302071726,-0.4325710959001453,0
0.3758156392251084,-0.5681218302071726,-0.4325710959001453,0
-1.2273795611937608,0.2192838275796948,-0.4325710959001453,1
-0.4686354390697412,-0.5681218302071726,-0.4325710959001453,0
-1.022839377182731,-0.2290046717040085,-0.4325710959001453,1
0.6335057955252451,2.083835038513288,-0.4325710959001453,1
-1.5770433152957206,1.3458066438697265,-0.4325710959001453,1
0.1552595651522323,-0.5681218302071726,-0.4325710959001453,0
-1.5770433152957206,2.4820177498735716,-0.4325710959001453,1
-1.5770433152957206,0.1101124867991555,0.7672287963606622,0
0.6984965895207682,-0.5681218302071726,-0.4325710959001453,0
-0.5280520529898413,-0.5681218302071726,-0.4325710959001453,0
-0.5280520529898413,1.5033836262225244,-0.4325710959001453,1
-1.5770433152957206,1.3554949335835398,-0.4325710959001453,1
1.326487834351466,2.7370884116876986,2.644417973113814,1
-1.5770433152957206,-0.2290046717040085,-0.4325710959001453,1
0.3964086276324924,2.0215886116668935,0.3030828399198684,1
1.5092807645333954,-0.5681218302071726,1.038736775739882,0
0.2579667203099265,-0.5681218302071726,-0.4325710959001453,0
-0.1478057134718639,1.0258779307242485,-0.4325710959001453,1
-1.5770433152957206,0.4492296453023196,-0.4325710959001453,0
0.803241962255395,1.2487159821318428,0.0315748605406486,0
-0.3674054684639838,1.0066894853665624,-0.4325710959001453,1
-0.5954130541524439,0.8724232776792274,-0.4325710959001453,1
-0.3235118689788113,-0.5681218302071726,-0.4325710959001453,0
-0.4686354390697412,0.1101124867991555,-0.4325710959001453,0
-1.5770433152957206,0.1101124867991555,-0.4325710959001453,0
-1.2273795611937608,-0.5681218302071726,-0.4325710959001453,0
-1.5770433152957206,0.5584009860828592,-0.4325710959001453,1
-0.6731756230807712,0.3084833078746191,0.0315748605406486,0
-1.5770433152957206,-0.0306338506285448,-0.4325710959001453,0
-0.5954130541524439,-0.5681218302071726,-0.4325710959001453,0
1.0777637152132795,3.1226282218503356,3.5794398026395213,1
-0.877715807091801,-0.5681218302071726,-0.4325710959001453,0
-0.2109452827696042,1.0066894853665624,-0.4325710959001453,0
-1.5770433152957206,0.1101124867991555,-0.4325710959001453,1
-0.415485466780634,-0.5681218302071726,-0.4325710959001453,0
-1.022839377182731,-0.5681218302071726,-0.4325710959001453,1
-1.2273795611937608,-0.2290046717040085,-0.4325710959001453,1
-1.022839377182731,-0.5681218302071726,-0.4325710959001453,0
-0.3674054684639838,-0.5681218302071726,-0.4325710959001453,0
1.9030695528009285,-0.5681218302071726,-0.4325710959001453,0
-0.4686354390697412,0.686760772221084,-0.4325710959001453,1
-0.877715807091801,0.6050307903411093,-0.4325710959001453,1
-1.022839377182731,-0.5681218302071726,-0.4325710959001453,0
-0.6731756230807712,-0.5681218302071726,-0.4325710959001453,0
-1.022839377182731,-0.5681218302071726,-0.4325710959001453,0
-1.2273795611937608,0.6050307903411093,-0.4325710959001453,1
-0.877715807091801,-0.5681218302071726,-0.4325710959001453,0
-1.5770433152957206,-0.0306338506285448,-0.4325710959001453,1
-1.5770433152957206,-0.5681218302071726,0.6451424404881,1
-1.5770433152957206,-0.5681218302071726,0.9598667734222364,0
-0.5954130541524439,-0.5681218302071726,-0.4325710959001453,0
0.9986925640621322,1.6700218592038678,2.6376197312750436,0
-0.877715807091801,-0.5681218302071726,-0.4325710959001453,1
0.9335106512296872,2.0066106263285306,-0.4325710959001453,0
-0.765149220882594,1.2720176546932715,0.9598667734222364,1
0.7410024077619953,1.644129963650225,1.2313747528014565,0
-1.5770433152957206,1.142518769919737,-0.4325710959001453,1
-0.3235118689788113,0.9213883734495016,-0.4325710959001453,1
-1.022839377182731,-0.5681218302071726,-0.4325710959001453,0
0.7148588291767358,0.686760772221084,1.502882732180676,0
-1.5770433152957206,0.2192838275796948,-0.4325710959001453,1
-1.5770433152957206,0.3084833078746191,-0.4325710959001453,1
-1.5770433152957206,0.6476004663777833,-0.4325710959001453,1
0.2306920691341782,-0.5681218302071726,-0.4325710959001453,0
2.1023220457667926,3.372960117581765,3.326097750533804,0
-0.2457493000504842,1.744717880010124,-0.4325710959001453,1
-0.877715807091801,-0.5681218302071726,-0.4325710959001453,0
-0.1783882988878814,2.7837699903936244,0.0315748605406486,1
-0.3674054684639838,-0.5681218302071726,-0.4325710959001453,0
-0.765149220882594,-0.5681218302071726,-0.4325710959001453,0
-1.5770433152957206,0.7883468038054837,-0.4325710959001453,1
-1.5770433152957206,0.8459712874532468,-0.4325710959001453,1
0.004682340171979,2.9912027025719556,1.502882732180676,1
-1.5770433152957206,0.8459712874532468,-0.4325710959001453,1
-1.5770433152957206,1.5937634270968235,-0.4325710959001453,1
-1.5770433152957206,-0.0306338506285448,-0.4325710959001453,1
-1.022839377182731,-0.5681218302071726,-0.4325710959001453,0
-1.5770433152957206,-0.0306338506285448,-0.4325710959001453,1
-1.5770433152957206,0.9213883734495016,-0.4325710959001453,1
-0.6731756230807712,1.6700218592038678,-0.4325710959001453,1
-0.877715807091801,1.1850884459564108,-0.4325710959001453,0
-1.5770433152957206,0.5068541289500829,-0.4325710959001453,1
-0.4686354390697412,0.3839003938708738,-0.4325710959001453,0
-1.2273795611937608,1.1119311452380842,-0.4325710959001453,1
0.4444886259491429,-0.5681218302071726,-0.4325710959001453,0
-0.2831336716225083,1.0793028809228633,-0.4325710959001453,1
1.1251303622481712,-0.5681218302071726,-0.4325710959001453,0
-1.5770433152957206,-0.5681218302071726,-0.4325710959001453,1
-1.5770433152957206,0.1101124867991555,-0.4325710959001453,1
-1.2273795611937608,1.3359226179489203,-0.4325710959001453,1
-0.765149220882594,-0.5681218302071726,-0.4325710959001453,0
-0.2457493000504842,2.045575898227509,-0.4325710959001453,1
-0.765149220882594,-0.5681218302071726,-0.4325710959001453,0
-1.5770433152957206,0.6050307903411093,-0.4325710959001453,1
0.004682340171979,0.6050307903411093,-0.4325710959001453,0
-1.2273795611937608,-0.0306338506285448,-0.4325710959001453,1
2.4363127288238515,3.0377092874257383,-0.4325710959001453,0
-0.4686354390697412,-0.5681218302071726,-0.4325710959001453,0
-1.5770433152957206,1.1119311452380842,-0.4325710959001453,1
-0.5954130541524439,-0.5681218302071726,-0.4325710959001453,0
-1.5770433152957206,0.5584009860828592,-0.4325710959001453,0
-1.5770433152957206,1.817032592625003,-0.4325710959001453,1
-1.022839377182731,1.0958889656614867,-0.4325710959001453,1
-0.877715807091801,0.686760772221084,-0.4325710959001453,1
0.4625069043209565,2.083835038513288,0.8704513394670519,1
1.4453998899383718,1.9752045962321263,-0.4325710959001453,0
-0.6731756230807712,-0.2290046717040085,-0.4325710959001453,1
-0.877715807091801,-0.5681218302071726,-0.4325710959001453,0
-1.5770433152957206,2.2630751385710366,-0.4325710959001453,1
-1.5770433152957206,1.1119311452380842,-0.4325710959001453,1
-1.2273795611937608,1.127463962308648,-0.4325710959001453,1
-1.022839377182731,0.4492296453023196,-0.4325710959001453,1
-1.022839377182731,1.1119311452380842,-0.4325710959001453,1
-1.022839377182731,1.6700218592038678,-0.4325710959001453,1
-1.5770433152957206,0.8459712874532468,-0.4325710959001453,1
-0.765149220882594,-0.5681218302071726,-0.4325710959001453,0
-0.877715807091801,1.127463962308648,-0.4325710959001453,1
2.3869221268090266,3.489803231043679,3.1511458718165897,0
-1.5770433152957206,0.6476004663777833,-0.4325710959001453,1
0.2018580406300959,-0.5681218302071726,-0.4325710959001453,0
-1.5770433152957206,0.8975181445860231,-0.4325710959001453,1
-0.2831336716225083,0.686760772221084,-0.4325710959001453,1
0.1867984696490057,1.6700218592038678,-0.4325710959001453,1
-0.765149220882594,-0.2290046717040085,-0.4325710959001453,1
-0.2109452827696042,-0.5681218302071726,-0.4325710959001453,0
-1.5770433152957206,0.686760772221084,-0.4325710959001453,1
-1.5770433152957206,0.2192838275796948,-0.4325710959001453,1
-0.877715807091801,0.3839003938708738,-0.4325710959001453,1
-0.3674054684639838,-0.5681218302071726,-0.4325710959001453,1
-0.765149220882594,-0.2290046717040085,-0.4325710959001453,0
-0.4686354390697412,-0.2290046717040085,-0.4325710959001453,0
-0.877715807091801,0.9441479488442734,-0.4325710959001453,1
-1.5770433152957206,-0.5681218302071726,-0.4325710959001453,1
-0.765149220882594,-0.5681218302071726,-0.4325710959001453,1
-1.022839377182731,-0.5681218302071726,-0.4325710959001453,0
-1.5770433152957206,0.9213883734495016,-0.4325710959001453,1
-1.2273795611937608,0.3084833078746191,-0.4325710959001453,1
-0.2831336716225083,-0.5681218302071726,-0.4325710959001453,0
0.6459621855374788,-0.5681218302071726,-0.4325710959001453,0
-0.6731756230807712,0.7883468038054837,-0.4325710959001453,1
1.2103165297659846,-0.5681218302071726,-0.4325710959001453,0
1.276167929311188,1.935818988684244,-0.4325710959001453,0
-1.5770433152957206,2.473306968262871,-0.4325710959001453,1
-0.415485466780634,1.4430929635357743,-0.4325710959001453,1
-0.2457493000504842,1.3834592670318746,-0.4325710959001453,1
-1.2273795611937608,0.6050307903411093,-0.4325710959001453,1
-1.5770433152957206,0.7883468038054837,-0.4325710959001453,1
0.6271603261475461,-0.5681218302071726,-0.4325710959001453,0
-0.3235118689788113,-0.5681218302071726,-0.4325710959001453,0
-0.877715807091801,-0.5681218302071726,-0.4325710959001453,0
-1.5770433152957206,1.996364332606757,-0.4325710959001453,0
0.7802033393237299,-0.5681218302071726,-0.4325710959001453,0
-1.2273795611937608,-0.5681218302071726,-0.4325710959001453,1
0.6929224094453451,1.2487159821318428,0.6451424404881,0
-1.2273795611937608,0.7883468038054837,0.7672287963606622,1
-0.877715807091801,0.6050307903411093,0.9598667734222364,1
-1.5770433152957206,0.2192838275796948,0.0315748605406486,1
-0.2831336716225083,1.2115404361823916,-0.4325710959001453,1
-0.2457493000504842,-0.5681218302071726,-0.4325710959001453,0
-1.022839377182731,-0.5681218302071726,-0.4325710959001453,0
-0.3674054684639838,-0.5681218302071726,-0.4325710959001453,0
1.1483813975641368,-0.5681218302071726,-0.4325710959001453,0
-1.2273795611937608,1.0258779307242485,-0.4325710959001453,1
-1.5770433152957206,-0.5681218302071726,-0.4325710959001453,0
-1.5770433152957206,0.3839003938708738,-0.4325710959001453,0
-1.5770433152957206,0.2192838275796948,-0.4325710959001453,1
0.9438412135531068,-0.5681218302071726,-0.4325710959001453,0
0.4535782081534356,1.4430929635357743,2.440410944181936,1
-1.022839377182731,0.8180069540049123,-0.4325710959001453,1
-1.5770433152957206,0.8459712874532468,-0.4325710959001453,1
0.1387184713323555,-0.5681218302071726,-0.4325710959001453,0
-0.3674054684639838,-0.5681218302071726,-0.4325710959001453,1
-0.3235118689788113,-0.5681218302071726,-0.4325710959001453,0
-1.5770433152957206,0.8724232776792274,-0.4325710959001453,1
-1.5770433152957206,1.8599133927693656,-0.4325710959001453,1
0.0467448735305326,1.4430929635357743,-0.4325710959001453,1
-0.6731756230807712,1.4267833651808035,-0.4325710959001453,1
-1.2273795611937608,0.9213883734495016,-0.4325710959001453,0
-0.3674054684639838,-0.5681218302071726,-0.4325710959001453,0
0.1387184713323555,2.54240572310094,-0.4325710959001453,1
-0.3674054684639838,-0.5681218302071726,-0.4325710959001453,0
-1.022839377182731,-0.5681218302071726,-0.4325710959001453,1
-1.5770433152957206,0.4492296453023196,-0.4325710959001453,1
1.5949182695904622,1.9239579800678723,2.7026826244414837,0
-0.5954130541524439,0.7567718071583226,-0.4325710959001453,1
1.5331520558753324,-0.5681218302071726,-0.4325710959001453,0
-1.5770433152957206,0.3839003938708738,-0.4325710959001453,1
-0.765149220882594,-0.5681218302071726,-0.4325710959001453,1
-0.765149220882594,0.3839003938708738,-0.4325710959001453,1
-0.6731756230807712,-0.2290046717040085,-0.4325710959001453,1
-0.0177417143620239,-0.5681218302071726,-0.4325710959001453,0
-1.2273795611937608,0.1101124867991555,-0.4325710959001453,1
-1.022839377182731,0.686760772221084,-0.4325710959001453,1
0.3758156392251084,-0.5681218302071726,-0.4325710959001453,0
-1.2273795611937608,0.6476004663777833,-0.4325710959001453,1
-1.5770433152957206,0.2192838275796948,-0.4325710959001453,1
0.5803558232361381,2.7028864492833535,3.333389522074755,0
-0.4686354390697412,-0.5681218302071726,-0.4325710959001453,0
-1.5770433152957206,0.8975181445860231,-0.4325710959001453,1
-0.0916970337920332,1.0443421085287103,-0.4325710959001453,0
-1.022839377182731,-0.2290046717040085,-0.4325710959001453,1
-0.3235118689788113,0.7883468038054837,0.7672287963606622,0
-0.6731756230807712,-0.5681218302071726,-0.4325710959001453,1
-0.3674054684639838,0.7883468038054837,0.0315748605406486,0
-0.1478057134718639,0.9213883734495016,-0.4325710959001453,1
-1.5770433152957206,0.2192838275796948,-0.4325710959001453,1
0.4444886259491429,1.3554949335835398,2.3201566580421087,1
-0.4686354390697412,0.2192838275796948,0.6451424404881,0
-0.1478057134718639,-0.5681218302071726,-0.4325710959001453,1
-1.5770433152957206,0.5068541289500829,-0.4325710959001453,1
-1.022839377182731,0.8459712874532468,0.6451424404881,1
0.3758156392251084,1.142518769919737,-0.4325710959001453,0
-1.5770433152957206,-0.2290046717040085,-0.4325710959001453,1
-1.022839377182731,-0.5681218302071726,-0.4325710959001453,0
-0.765149220882594,1.2115404361823916,-0.4325710959001453,1
-0.1189716849677815,1.0443421085287103,-0.4325710959001453,0
-1.5770433152957206,-0.5681218302071726,-0.4325710959001453,0
-0.877715807091801,-0.5681218302071726,-0.4325710959001453,1
-0.3235118689788113,0.4492296453023196,-0.4325710959001453,0
-0.2831336716225083,0.686760772221084,-0.4325710959001453,1
-1.5770433152957206,-0.0306338506285448,-0.4325710959001453,0
-1.5770433152957206,0.1101124867991555,-0.4325710959001453,1
-0.0658217126786743,-0.5681218302071726,-0.4325710959001453,0
-0.6731756230807712,-0.5681218302071726,-0.4325710959001453,0
0.004682340171979,-0.5681218302071726,-0.4325710959001453,0
-0.877715807091801,-0.5681218302071726,-0.4325710959001453,0
-1.5770433152957206,0.5584009860828592,0.4957208169814426,1
-0.5280520529898413,-0.5681218302071726,-0.4325710959001453,1
-1.5770433152957206,0.9213883734495016,-0.4325710959001453,1
-1.5770433152957206,0.3084833078746191,-0.4325710959001453,1
-0.5954130541524439,1.4741664300079511,-0.4325710959001453,1
-1.2273795611937608,-0.2290046717040085,-0.4325710959001453,1
1.2849109239621557,-0.5681218302071726,-0.4325710959001453,0
-0.765149220882594,0.7883468038054837,-0.4325710959001453,1
1.1251303622481712,2.109146336586123,2.0206269721479675,0
-1.5770433152957206,1.1119311452380842,-0.4325710959001453,1
-1.5770433152957206,0.7883468038054837,-0.4325710959001453,1
0.8422323783677529,-0.5681218302071726,-0.4325710959001453,0
-1.5770433152957206,0.1101124867991555,-0.4325710959001453,1
-1.5770433152957206,-0.0306338506285448,-0.4325710959001453,1
-0.0658217126786743,2.299224710956967,-0.4325710959001453,1
-1.022839377182731,-0.5681218302071726,-0.4325710959001453,0
1.0645225832786958,-0.5681218302071726,-0.4325710959001453,0
-1.022839377182731,0.2192838275796948,-0.4325710959001453,1
-0.877715807091801,-0.5681218302071726,-0.4325710959001453,1
-1.2273795611937608,-0.0306338506285448,-0.4325710959001453,1
-1.5770433152957206,0.8180069540049123,-0.4325710959001453,1
-0.765149220882594,-0.5681218302071726,-0.4325710959001453,0
-1.2273795611937608,1.3554949335835398,-0.4325710959001453,1
-0.1783882988878814,-0.5681218302071726,-0.4325710959001453,1
-0.415485466780634,0.9441479488442734,-0.4325710959001453,1
-1.2273795611937608,0.686760772221084,-0.4325710959001453,1
-0.877715807091801,1.2487159821318428,1.667021894713126,1
1.5995848908809254,2.475256144717017,3.0181815335980273,0
-0.877715807091801,-0.5681218302071726,-0.4325710959001453,0
-1.5770433152957206,1.0958889656614867,-0.4325710959001453,1
-1.5770433152957206,0.686760772221084,-0.4325710959001453,1
0.807726064349583,1.9056092305151788,2.2132649492095418,0
-0.4686354390697412,-0.5681218302071726,-0.4325710959001453,0
1.3514044130209877,-0.5681218302071726,-0.4325710959001453,0
-1.022839377182731,1.4665811208118118,-0.4325710959001453,1
-1.2273795611937608,0.8975181445860231,-0.4325710959001453,1
-0.5280520529898413,-0.5681218302071726,-0.4325710959001453,1
-1.5770433152957206,-0.5681218302071726,-0.4325710959001453,0
-1.5770433152957206,0.6476004663777833,-0.4325710959001453,1
0.0665300824794515,-0.5681218302071726,-0.4325710959001453,1
-0.877715807091801,-0.5681218302071726,-0.4325710959001453,1
-1.5770433152957206,-0.0306338506285448,-0.4325710959001453,1
-0.6731756230807712,-0.5681218302071726,-0.4325710959001453,0
-0.6731756230807712,1.2832651073474377,-0.4325710959001453,1
-1.022839377182731,0.9867176248809476,-0.4325710959001453,1
-1.2273795611937608,-0.0306338506285448,-0.4325710959001453,1
0.9606021627541153,2.8124241267660355,2.77879129884772,1
-0.2109452827696042,0.8180069540049123,-0.4325710959001453,1
-0.5954130541524439,1.5506575946855556,-0.4325710959001453,1
-1.2273795611937608,-0.5681218302071726,-0.4325710959001453,0
-1.5770433152957206,0.3839003938708738,-0.4325710959001453,1
-1.5770433152957206,0.5068541289500829,-0.4325710959001453,1
-0.5954130541524439,-0.5681218302071726,-0.4325710959001453,1
-0.6731756230807712,-0.5681218302071726,-0.4325710959001453,0
-1.5770433152957206,-0.5681218302071726,-0.4325710959001453,1
-0.877715807091801,-0.5681218302071726,-0.4325710959001453,0
-0.5280520529898413,-0.5681218302071726,-0.4325710959001453,0
1.4248069015309877,2.0361216399187105,-0.4325710959001453,0
-0.2457493000504842,-0.5681218302071726,-0.4325710959001453,0
-1.5770433152957206,1.0958889656614867,-0.4325710959001453,1
-1.2273795611937608,-0.0306338506285448,-0.4325710959001453,1
1.208302722045619,-0.5681218302071726,-0.4325710959001453,0
-0.877715807091801,0.3084833078746191,0.0315748605406486,1
-1.5770433152957206,2.0361216399187105,-0.4325710959001453,1
-0.3674054684639838,-0.5681218302071726,-0.4325710959001453,0
2.2066600180960307,-0.5681218302071726,-0.4325710959001453,0
-0.2457493000504842,-0.5681218302071726,-0.4325710959001453,0
-0.877715807091801,-0.5681218302071726,-0.4325710959001453,0
-1.5770433152957206,0.686760772221084,-0.4325710959001453,1
-0.2457493000504842,0.686760772221084,-0.4325710959001453,1
-0.877715807091801,-0.5681218302071726,0.0315748605406486,0
1.626712833268663,-0.5681218302071726,-0.4325710959001453,0
1.1640421104205612,1.60541261179178,1.8449423327489076,0
-1.022839377182731,-0.5681218302071726,-0.4325710959001453,1
-1.5770433152957206,1.917917870721943,-0.4325710959001453,1
-0.2109452827696042,-0.5681218302071726,-0.4325710959001453,0
-1.2273795611937608,0.7230175523740379,-0.4325710959001453,1
-0.415485466780634,-0.5681218302071726,-0.4325710959001453,1
1.1684287307922825,-0.5681218302071726,-0.4325710959001453,1
0.8121706584229164,2.026481078866254,-0.4325710959001453,1
-1.2273795611937608,0.3084833078746191,-0.4325710959001453,1
-0.5280520529898413,-0.5681218302071726,-0.4325710959001453,0
1.2985919838451916,-0.5681218302071726,0.9598667734222364,0
0.838045979536275,1.9614994243537656,-0.4325710959001453,0
0.2445137053491873,-0.5681218302071726,-0.4325710959001453,0
-1.5770433152957206,0.8975181445860231,-0.4325710959001453,1
-1.2273795611937608,0.7883468038054837,-0.4325710959001453,1
0.8505023695485082,-0.5681218302071726,-0.4325710959001453,0
-0.877715807091801,1.60541261179178,0.0315748605406486,1
-1.2273795611937608,0.1101124867991555,-0.4325710959001453,1
-1.022839377182731,0.2192838275796948,-0.4325710959001453,1
-0.3674054684639838,-0.5681218302071726,-0.4325710959001453,0
-0.877715807091801,-0.5681218302071726,-0.4325710959001453,0
-0.2109452827696042,-0.5681218302071726,0.0315748605406486,0
0.2579667203099265,-0.5681218302071726,-0.4325710959001453,0
-1.5770433152957206,-0.5681218302071726,1.284973036327954,1
1.1415179153077633,-0.5681218302071726,-0.4325710959001453,0
3.1540067221861663,-0.5681218302071726,1.502882732180676,0
-1.2273795611937608,-0.2290046717040085,-0.4325710959001453,0
0.004682340171979,-0.5681218302071726,1.2313747528014565,0
1.410145262387225,2.6930148883020464,2.3201566580421087,0
-0.2109452827696042,-0.5681218302071726,-0.4325710959001453,1
0.4535782081534356,-0.5681218302071726,0.0315748605406486,0
-1.5770433152957206,0.1101124867991555,-0.4325710959001453,1
-0.5280520529898413,0.7883468038054837,-0.4325710959001453,1
-1.5770433152957206,1.2605055319526657,0.3030828399198684,1
-1.022839377182731,-0.5681218302071726,-0.4325710959001453,0
-1.5770433152957206,2.3020045061788226,-0.4325710959001453,1
1.446659461539133,-0.5681218302071726,-0.4325710959001453,0
-0.765149220882594,1.1984931924996616,-0.4325710959001453,1
-1.5770433152957206,1.718025298364073,-0.4325710959001453,1
-0.415485466780634,-0.5681218302071726,-0.4325710959001453,0
0.5129948220735353,1.6387829962991305,1.2313747528014565,0
-0.5280520529898413,-0.5681218302071726,0.3030828399198684,0
-1.5770433152957206,-0.2290046717040085,-0.4325710959001453,1
-0.6731756230807712,-0.5681218302071726,-0.4325710959001453,0
0.838045979536275,-0.5681218302071726,-0.4325710959001453,0
-1.5770433152957206,-0.2290046717040085,-0.4325710959001453,1
0.1552595651522323,1.6946120920867038,-0.4325710959001453,1
2.013698070684257,-0.5681218302071726,0.0315748605406486,0
-1.2273795611937608,-0.5681218302071726,-0.4325710959001453,1
-1.2273795611937608,-0.5681218302071726,-0.4325710959001453,1
-0.0412091160394543,-0.5681218302071726,-0.4325710959001453,0
-1.022839377182731,-0.5681218302071726,-0.4325710959001453,0
-0.765149220882594,-0.5681218302071726,-0.4325710959001453,0
-0.6731756230807712,0.9213883734495016,0.3030828399198684,1
0.0467448735305326,-0.5681218302071726,-0.4325710959001453,0
-0.415485466780634,0.9867176248809476,0.9598667734222364,0
-1.5770433152957206,0.5068541289500829,-0.4325710959001453,1
-1.2273795611937608,-0.0306338506285448,-0.4325710959001453,1
-1.022839377182731,-0.2290046717040085,-0.4325710959001453,0
-1.2273795611937608,0.1101124867991555,-0.4325710959001453,1
-0.5954130541524439,-0.5681218302071726,-0.4325710959001453,0
-0.2457493000504842,-0.5681218302071726,-0.4325710959001453,0
-1.5770433152957206,0.2192838275796948,-0.4325710959001453,1
0.1039144540514755,-0.5681218302071726,-0.4325710959001453,0
-1.5770433152957206,-0.0306338506285448,-0.4325710959001453,1
0.9011855488340156,1.4510483037412485,1.3807963763081137,0
-0.415485466780634,-0.5681218302071726,-0.4325710959001453,0
-0.765149220882594,0.1101124867991555,-0.4325710959001453,0
0.4063982246411257,-0.5681218302071726,-0.4325710959001453,0
-1.022839377182731,-0.2290046717040085,0.0315748605406486,0
-1.2273795611937608,0.6050307903411093,-0.4325710959001453,1
0.2838420414232854,-0.5681218302071726,-0.4325710959001453,0
-0.5280520529898413,1.935818988684244,0.0315748605406486,1
-1.022839377182731,-0.5681218302071726,-0.4325710959001453,0
-1.2273795611937608,-0.2290046717040085,-0.4325710959001453,1
-1.022839377182731,0.1101124867991555,-0.4325710959001453,1
-0.5954130541524439,-0.5681218302071726,-0.4325710959001453,0
0.3319220397399356,-0.5681218302071726,-0.4325710959001453,0
-1.5770433152957206,0.8975181445860231,-0.4325710959001453,1
-0.765149220882594,-0.2290046717040085,-0.4325710959001453,1
-1.2273795611937608,0.5068541289500829,-0.4325710959001453,1
0.4063982246411257,1.4741664300079511,2.037580309810482,1
0.365195075074776,-0.5681218302071726,-0.4325710959001453,0
-1.5770433152957206,0.9213883734495016,-0.4325710959001453,1
-1.2273795611937608,0.1101124867991555,-0.4325710959001453,1
-1.5770433152957206,0.1101124867991555,-0.4325710959001453,1
0.4063982246411257,1.5173629384722735,-0.4325710959001453,0
-0.5280520529898413,1.941643374649341,1.4646082539681988,1
-1.2273795611937608,0.5068541289500829,-0.4325710959001453,1
-0.0412091160394543,0.3839003938708738,1.667021894713126,0
-0.765149220882594,-0.5681218302071726,-0.4325710959001453,0
-0.0916970337920332,-0.5681218302071726,-0.4325710959001453,0
1.0671987601865252,-0.5681218302071726,-0.4325710959001453,0
-0.2457493000504842,-0.5681218302071726,-0.4325710959001453,0
-1.5770433152957206,-0.5681218302071726,-0.4325710959001453,0
-1.5770433152957206,-0.0306338506285448,0.0315748605406486,1
-0.2109452827696042,-0.5681218302071726,-0.4325710959001453,0
-1.5770433152957206,0.6050307903411093,-0.4325710959001453,1
-1.2273795611937608,-0.2290046717040085,-0.4325710959001453,1
-1.2273795611937608,-0.2290046717040085,-0.4325710959001453,0
-0.765149220882594,-0.5681218302071726,-0.4325710959001453,1
-0.3235118689788113,0.3839003938708738,-0.4325710959001453,1
-0.877715807091801,-0.5681218302071726,-0.4325710959001453,1
-1.2273795611937608,-0.5681218302071726,-0.4325710959001453,0
0.838045979536275,-0.5681218302071726,-0.4325710959001453,0
0.7802033393237299,0.8975181445860231,2.431174645062264,0
-0.877715807091801,-0.5681218302071726,-0.4325710959001453,0
-0.6731756230807712,-0.5681218302071726,-0.4325710959001453,1
-1.5770433152957206,0.7230175523740379,0.3030828399198684,1
-1.5770433152957206,2.8119356168474123,-0.4325710959001453,1
-0.0412091160394543,-0.5681218302071726,-0.4325710959001453,0
-1.5770433152957206,1.873410597527548,-0.4325710959001453,1
-1.5770433152957206,0.4492296453023196,-0.4325710959001453,0
-0.4686354390697412,-0.5681218302071726,-0.4325710959001453,0
-1.5770433152957206,-0.5681218302071726,-0.4325710959001453,0
-1.2273795611937608,1.0066894853665624,-0.4325710959001453,1
-0.2457493000504842,0.9441479488442734,-0.4325710959001453,1
-0.0916970337920332,0.9441479488442734,1.3345972959078458,0
-1.5770433152957206,0.5068541289500829,-0.4325710959001453,0
-1.5770433152957206,3.321085367168256,-0.4325710959001453,1
-0.0412091160394543,1.7359811720782892,-0.4325710959001453,1
-0.2109452827696042,1.0793028809228633,-0.4325710959001453,1
1.0196522977884843,-0.5681218302071726,-0.4325710959001453,0
-1.5770433152957206,2.341910527680917,-0.4325710959001453,1
-1.5770433152957206,-0.2290046717040085,-0.4325710959001453,1
-1.5770433152957206,1.3258347833841115,-0.4325710959001453,1
0.6984965895207682,1.3359226179489203,-0.4325710959001453,0
-0.877715807091801,0.8459712874532468,-0.4325710959001453,1
-0.877715807091801,1.5818300881073382,-0.4325710959001453,1
-1.5770433152957206,-0.0306338506285448,-0.4325710959001453,1
-0.2109452827696042,-0.5681218302071726,-0.4325710959001453,0
-1.5770433152957206,-0.5681218302071726,-0.4325710959001453,1
0.8165764345851058,1.9752045962321263,2.0541150034646085,0
-0.3674054684639838,0.686760772221084,0.6451424404881,0
-1.022839377182731,1.0066894853665624,-0.4325710959001453,1
0.4352322531452082,2.383521217504918,1.284973036327954,1
-1.5770433152957206,1.315534557827101,-0.4325710959001453,1
-0.6731756230807712,-0.5681218302071726,-0.4325710959001453,1
-1.5770433152957206,1.8667085387097304,-0.4325710959001453,1
-1.022839377182731,-0.2290046717040085,-0.4325710959001453,0
-1.5770433152957206,1.1119311452380842,-0.4325710959001453,1
1.440329915965915,-0.5681218302071726,-0.4325710959001453,0
-1.5770433152957206,1.0443421085287103,-0.4325710959001453,1
1.5025694704593149,-0.5681218302071726,0.7672287963606622,0
1.975936204833688,3.1920518476536217,3.484260019719571,0
-0.3674054684639838,1.5506575946855556,1.667021894713126,1
-0.765149220882594,-0.5681218302071726,-0.4325710959001453,1
-0.1783882988878814,-0.5681218302071726,-0.4325710959001453,1
-1.5770433152957206,-0.0306338506285448,-0.4325710959001453,1
0.2018580406300959,-0.5681218302071726,-0.4325710959001453,0
-0.5954130541524439,-0.5681218302071726,-0.4325710959001453,0
-0.5280520529898413,0.7883468038054837,-0.4325710959001453,1
0.1712754552140784,0.8459712874532468,-0.4325710959001453,0
-0.765149220882594,-0.5681218302071726,-0.4325710959001453,0
0.0467448735305326,2.6111149026063156,-0.4325710959001453,1
-1.022839377182731,-0.5681218302071726,-0.4325710959001453,1
-0.765149220882594,0.6050307903411093,-0.4325710959001453,1
0.7941523800511028,1.1984931924996616,1.038736775739882,0
-1.5770433152957206,-0.0306338506285448,-0.4325710959001453,1
-0.765149220882594,-0.5681218302071726,-0.4325710959001453,0
-1.5770433152957206,1.4430929635357743,-0.4325710959001453,1
-0.3674054684639838,0.5068541289500829,-0.4325710959001453,0
-0.0658217126786743,-0.5681218302071726,-0.4325710959001453,0
-0.765149220882594,-0.2290046717040085,-0.4325710959001453,0
-1.022839377182731,1.2942597867369503,-0.4325710959001453,1
-0.0412091160394543,-0.5681218302071726,-0.4325710959001453,0
-1.5770433152957206,0.2192838275796948,-0.4325710959001453,1
1.2280879309945378,-0.5681218302071726,-0.4325710959001453,0
0.3319220397399356,-0.5681218302071726,-0.4325710959001453,0
0.5364622237509654,1.941643374649341,0.8704513394670519,0
-0.6731756230807712,-0.5681218302071726,-0.4325710959001453,0
-0.5280520529898413,0.2192838275796948,0.6451424404881,0
0.8745287276975545,-0.5681218302071726,-0.4325710959001453,0
-0.2109452827696042,1.3554949335835398,-0.4325710959001453,0
-1.5770433152957206,0.1101124867991555,-0.4325710959001453,1
0.0467448735305326,-0.5681218302071726,-0.4325710959001453,0
-0.0916970337920332,2.3315831227320576,-0.4325710959001453,1
-0.3674054684639838,0.2192838275796948,-0.4325710959001453,0
-1.022839377182731,1.563365910302876,-0.4325710959001453,1
-1.5770433152957206,1.0443421085287103,-0.4325710959001453,1
-1.5770433152957206,0.686760772221084,-0.4325710959001453,1
0.0665300824794515,-0.5681218302071726,-0.4325710959001453,0
-0.765149220882594,0.2192838275796948,-0.4325710959001453,1
0.4063982246411257,1.4430929635357743,-0.4325710959001453,0
2.676473841151284,-0.5681218302071726,-0.4325710959001453,0
1.4651850988872908,2.4164143361245825,2.542321790356445,0
0.6815857938418957,1.84603323792629,1.9481648758552972,0
-1.022839377182731,-0.5681218302071726,-0.4325710959001453,0
-0.1478057134718639,-0.5681218302071726,-0.4325710959001453,0
0.4712803109185204,-0.5681218302071726,-0.4325710959001453,0
-1.5770433152957206,0.7567718071583226,-0.4325710959001453,1
0.0665300824794515,1.3458066438697265,-0.4325710959001453,1
-0.877715807091801,-0.2290046717040085,-0.4325710959001453,1
1.0254842490315104,1.80186106244558,3.144768480092224,0
-1.5770433152957206,0.2192838275796948,-0.4325710959001453,1
-0.415485466780634,-0.5681218302071726,-0.4325710959001453,1
-1.022839377182731,-0.5681218302071726,-0.4325710959001453,0
-0.5954130541524439,-0.5681218302071726,-0.4325710959001453,0
0.6699885436865246,-0.5681218302071726,-0.4325710959001453,0
-1.5770433152957206,1.53095388583332,-0.4325710959001453,1
-0.765149220882594,0.6050307903411093,-0.4325710959001453,1
0.0261518851231485,-0.5681218302071726,-0.4325710959001453,1
-0.877715807091801,1.1119311452380842,-0.4325710959001453,1
-1.5770433152957206,0.3839003938708738,-0.4325710959001453,1
-1.5770433152957206,0.2192838275796948,-0.4325710959001453,1
0.1867984696490057,0.8180069540049123,0.0315748605406486,1
-0.415485466780634,-0.5681218302071726,1.1092883969288942,1
-1.022839377182731,-0.5681218302071726,-0.4325710959001453,0
-0.6731756230807712,1.0958889656614867,1.2313747528014565,1
-1.2273795611937608,1.0958889656614867,-0.4325710959001453,1
-0.3674054684639838,-0.5681218302071726,-0.4325710959001453,0
-1.5770433152957206,0.5068541289500829,-0.4325710959001453,1
-0.6731756230807712,-0.5681218302071726,-0.4325710959001453,0
-0.5280520529898413,0.8180069540049123,-0.4325710959001453,1
-1.5770433152957206,0.6050307903411093,-0.4325710959001453,0
-0.2109452827696042,-0.5681218302071726,-0.4325710959001453,0
0.2962984314355189,1.2487159821318428,-0.4325710959001453,0
0.4625069043209565,0.4492296453023196,-0.4325710959001453,0
-0.765149220882594,0.9213883734495016,-0.4325710959001453,1
-0.765149220882594,0.1101124867991555,0.0315748605406486,1
-0.6731756230807712,-0.5681218302071726,-0.4325710959001453,0
-1.022839377182731,-0.5681218302071726,-0.4325710959001453,1
-1.022839377182731,-0.5681218302071726,-0.4325710959001453,0
-0.2109452827696042,-0.5681218302071726,-0.4325710959001453,0
-1.5770433152957206,0.3839003938708738,-0.4325710959001453,1
-1.5770433152957206,1.1119311452380842,-0.4325710959001453,1
-0.765149220882594,0.8180069540049123,-0.4325710959001453,1
-1.022839377182731,-0.5681218302071726,-0.4325710959001453,0
0.5803558232361381,2.7995615975484305,3.0296939272369627,0
-1.5770433152957206,0.3084833078746191,-0.4325710959001453,1
-0.5954130541524439,-0.2290046717040085,-0.4325710959001453,0
-0.765149220882594,0.3084833078746191,-0.4325710959001453,1
1.1057257328450452,2.562343666109828,2.644417973113814,0
0.7510919073680482,2.473306968262871,-0.4325710959001453,1
0.6815857938418957,-0.5681218302071726,-0.4325710959001453,0
-0.6731756230807712,-0.5681218302071726,-0.4325710959001453,0
0.365195075074776,1.575752461592351,1.038736775739882,1
-1.2273795611937608,2.11527471704512,-0.4325710959001453,1
0.5364622237509654,-0.5681218302071726,-0.4325710959001453,0
-1.5770433152957206,0.3084833078746191,-0.4325710959001453,1
-0.5954130541524439,-0.5681218302071726,-0.4325710959001453,1
-1.5770433152957206,0.6476004663777833,-0.4325710959001453,1
-1.2273795611937608,0.4492296453023196,-0.4325710959001453,1
-1.2273795611937608,-0.2290046717040085,-0.4325710959001453,1
-1.5770433152957206,0.3084833078746191,-0.4325710959001453,1
-1.5770433152957206,1.2832651073474377,-0.4325710959001453,1
-0.765149220882594,-0.5681218302071726,-0.4325710959001453,0
-0.3235118689788113,-0.5681218302071726,-0.4325710959001453,0
-0.4686354390697412,-0.5681218302071726,-0.4325710959001453,0
-0.4686354390697412,-0.5681218302071726,-0.4325710959001453,0
3.598877779990614,-0.5681218302071726,3.048452046518644,1
-0.0916970337920332,1.1984931924996616,1.6061052752870657,1
-1.5770433152957206,0.5584009860828592,-0.4325710959001453,1
-1.5770433152957206,-0.5681218302071726,-0.4325710959001453,1
0.4535782081534356,2.2336962970384016,1.038736775739882,1
-0.2457493000504842,2.1213272805421024,-0.4325710959001453,1
-0.0177417143620239,2.026481078866254,-0.4325710959001453,1
-0.3674054684639838,-0.5681218302071726,-0.4325710959001453,0
0.0665300824794515,2.2336962970384016,-0.4325710959001453,1
0.6872859467395543,2.9711461320795753,-0.4325710959001453,1
-0.765149220882594,1.0793028809228633,-0.4325710959001453,1
0.0665300824794515,0.7567718071583226,-0.4325710959001453,0
0.2838420414232854,-0.5681218302071726,-0.4325710959001453,0
-0.3674054684639838,-0.5681218302071726,-0.4325710959001453,0
-0.3674054684639838,-0.5681218302071726,-0.4325710959001453,1
-0.3674054684639838,-0.5681218302071726,-0.4325710959001453,1
-1.022839377182731,0.5584009860828592,-0.4325710959001453,1
-0.2831336716225083,1.3743142784764515,-0.4325710959001453,1
-1.2273795611937608,0.1101124867991555,-0.4325710959001453,1
0.5661447943626426,0.6476004663777833,1.539087282718291,0
-1.2273795611937608,0.1101124867991555,-0.4325710959001453,1
-0.3235118689788113,-0.5681218302071726,-0.4325710959001453,0
0.1216165568165608,0.6050307903411093,-0.4325710959001453,0
-1.5770433152957206,1.142518769919737,-0.4325710959001453,1
-0.765149220882594,-0.5681218302071726,-0.4325710959001453,0
-1.5770433152957206,0.9658956466438964,-0.4325710959001453,1
-0.877715807091801,-0.5681218302071726,-0.4325710959001453,0
-1.5770433152957206,0.7567718071583226,-0.4325710959001453,1
-0.5280520529898413,-0.5681218302071726,-0.4325710959001453,0
-0.877715807091801,-0.5681218302071726,-0.4325710959001453,0
1.1918961324697128,-0.5681218302071726,1.7743907115598958,0
-1.022839377182731,2.562343666109828,-0.4325710959001453,1
-1.022839377182731,-0.2290046717040085,-0.4325710959001453,1
-0.1783882988878814,-0.5681218302071726,-0.4325710959001453,0
-1.022839377182731,-0.5681218302071726,-0.4325710959001453,0
-0.1478057134718639,-0.5681218302071726,0.3030828399198684,0
-1.5770433152957206,0.2192838275796948,-0.4325710959001453,1
1.653291967770024,2.449290237633707,2.7210295548434305,0
-0.5954130541524439,0.8180069540049123,-0.4325710959001453,0
-0.877715807091801,1.524205604459575,0.7672287963606622,1
0.1039144540514755,-0.5681218302071726,-0.4325710959001453,0
-0.415485466780634,-0.5681218302071726,-0.4325710959001453,0
-1.5770433152957206,0.6050307903411093,-0.4325710959001453,1
-0.877715807091801,-0.5681218302071726,-0.4325710959001453,0
-1.5770433152957206,-0.0306338506285448,-0.4325710959001453,1
-0.3235118689788113,0.9658956466438964,-0.4325710959001453,0
-1.5770433152957206,0.8724232776792274,0.3030828399198684,1
-0.0412091160394543,2.4019419399074016,0.4957208169814426,1
0.5287604227906182,2.3183595436201876,0.6451424404881,1
1.8589445186353553,3.1940702707712427,3.1051734358827283,0
-1.5770433152957206,0.2192838275796948,-0.4325710959001453,1
-0.5954130541524439,-0.5681218302071726,-0.4325710959001453,0
-0.3235118689788113,-0.5681218302071726,-0.4325710959001453,0
-0.2457493000504842,-0.5681218302071726,-0.4325710959001453,0
-1.2273795611937608,-0.0306338506285448,-0.4325710959001453,0
-1.022839377182731,-0.0306338506285448,0.3030828399198684,0
-0.5954130541524439,-0.2290046717040085,-0.4325710959001453,1
0.9863126013152558,1.7359811720782892,-0.4325710959001453,0
-0.6731756230807712,0.6050307903411093,0.7672287963606622,1
-0.5280520529898413,-0.5681218302071726,-0.4325710959001453,0
-0.877715807091801,0.2192838275796948,-0.4325710959001453,0
3.0653903833077285,-0.5681218302071726,-0.4325710959001453,0
-1.5770433152957206,0.6476004663777833,-0.4325710959001453,1
1.2618560995253736,-0.5681218302071726,-0.4325710959001453,0
-0.415485466780634,0.5584009860828592,-0.4325710959001453,0
-0.877715807091801,1.6387829962991305,-0.4325710959001453,1
0.950612565745482,-0.5681218302071726,-0.4325710959001453,0
-1.022839377182731,-0.5681218302071726,-0.4325710959001453,1
-0.877715807091801,-0.5681218302071726,-0.4325710959001453,1
-0.2831336716225083,2.45843522618913,1.667021894713126,1
0.5941774594511474,-0.5681218302071726,-0.4325710959001453,0
-0.6731756230807712,0.1101124867991555,-0.4325710959001453,0
-0.5954130541524439,0.2192838275796948,-0.4325710959001453,1
0.6872859467395543,1.4665811208118118,1.2313747528014565,0
0.6520769048170684,-0.5681218302071726,-0.4325710959001453,0
-0.4686354390697412,1.1119311452380842,-0.4325710959001453,1
1.8333030677923052,3.07705914873164,3.3062556745262826,0
0.4625069043209565,-0.5681218302071726,-0.4325710959001453,0
-0.1783882988878814,-0.5681218302071726,-0.4325710959001453,0
-0.2109452827696042,-0.5681218302071726,-0.4325710959001453,0
-1.5770433152957206,-0.2290046717040085,-0.4325710959001453,1
-1.2273795611937608,-0.5681218302071726,-0.4325710959001453,0
-0.1783882988878814,1.0793028809228633,-0.4325710959001453,1
-1.5770433152957206,0.6476004663777833,-0.4325710959001453,1
0.0855684990432483,-0.5681218302071726,-0.4325710959001453,0
-0.765149220882594,0.7567718071583226,-0.4325710959001453,1
-1.5770433152957206,0.6476004663777833,-0.4325710959001453,1
-0.2457493000504842,0.7567718071583226,-0.4325710959001453,0
-0.5954130541524439,0.8724232776792274,-0.4325710959001453,1
-1.5770433152957206,1.488993099287626,-0.4325710959001453,1
-0.415485466780634,-0.5681218302071726,-0.4325710959001453,0
-0.5280520529898413,1.0793028809228633,-0.4325710959001453,1
-1.5770433152957206,0.2192838275796948,-0.4325710959001453,1
-1.5770433152957206,-0.5681218302071726,-0.4325710959001453,1
0.6271603261475461,1.5937634270968235,1.038736775739882,0
-1.5770433152957206,0.5584009860828592,-0.4325710959001453,1
-1.5770433152957206,0.5068541289500829,-0.4325710959001453,1
-1.5770433152957206,0.6476004663777833,-0.4325710959001453,1
0.7094635032652221,-0.5681218302071726,-0.4325710959001453,0
-1.5770433152957206,1.127463962308648,-0.4325710959001453,1
1.348356318164092,-0.5681218302071726,-0.4325710959001453,0
-1.5770433152957206,-0.2290046717040085,-0.4325710959001453,1
-1.5770433152957206,0.8180069540049123,-0.4325710959001453,1
-1.5770433152957206,1.1119311452380842,-0.4325710959001453,1
0.2579667203099265,-0.5681218302071726,-0.4325710959001453,0
-0.3235118689788113,0.3839003938708738,-0.4325710959001453,0
1.1918961324697128,1.6333769452401143,1.928754210408993,0
-1.2273795611937608,-0.0306338506285448,-0.4325710959001453,1
0.4352322531452082,0.8724232776792274,2.0541150034646085,1
-0.877715807091801,-0.5681218302071726,-0.4325710959001453,0
1.918114151809262,1.0443421085287103,3.574398716826554,0
-0.2109452827696042,0.6476004663777833,-0.4325710959001453,1
-0.877715807091801,-0.5681218302071726,-0.4325710959001453,0
0.2838420414232854,1.4962412710112405,0.4957208169814426,0
-1.5770433152957206,-0.5681218302071726,-0.4325710959001453,1
-0.6731756230807712,-0.5681218302071726,-0.4325710959001453,0
-0.415485466780634,1.4816359284229008,-0.4325710959001453,1
-0.877715807091801,1.4510483037412485,-0.4325710959001453,1
-0.4686354390697412,0.9213883734495016,-0.4325710959001453,1
-1.5770433152957206,0.3839003938708738,-0.4325710959001453,1
0.7040098483758988,-0.5681218302071726,-0.4325710959001453,0
-1.5770433152957206,1.3554949335835398,-0.4325710959001453,1
-0.0412091160394543,-0.5681218302071726,-0.4325710959001453,0
-0.2109452827696042,-0.5681218302071726,-0.4325710959001453,0
-1.2273795611937608,1.3458066438697265,-0.4325710959001453,1
0.0855684990432483,1.0793028809228633,-0.4325710959001453,0
0.6520769048170684,1.3359226179489203,2.5263776783101486,0
-1.2273795611937608,-0.0306338506285448,-0.4325710959001453,1
0.5515217947320558,2.7733045080733967,2.274741218538306,0
-1.5770433152957206,0.3839003938708738,-0.4325710959001453,1
0.784896007247168,2.8119356168474123,1.502882732180676,0
-1.2273795611937608,0.4492296453023196,-0.4325710959001453,0
-1.022839377182731,-0.2290046717040085,-0.4325710959001453,0
-1.5770433152957206,0.7883468038054837,-0.4325710959001453,1
-0.415485466780634,-0.2290046717040085,-0.4325710959001453,1
0.6335057955252451,1.2832651073474377,-0.4325710959001453,0
-0.877715807091801,-0.5681218302071726,-0.4325710959001453,0
2.076645227215663,2.6886326472306723,1.539087282718291,0
-0.877715807091801,-0.5681218302071726,-0.4325710959001453,1
-1.5770433152957206,-0.5681218302071726,0.6451424404881,0
3.2757755659420025,-0.5681218302071726,-0.4325710959001453,0
-0.1783882988878814,-0.5681218302071726,-0.4325710959001453,0
-1.5770433152957206,0.686760772221084,-0.4325710959001453,0
-0.4686354390697412,1.0793028809228633,-0.4325710959001453,1
-1.5770433152957206,0.3839003938708738,-0.4325710959001453,1
-1.5770433152957206,0.9658956466438964,-0.4325710959001453,1
-1.5770433152957206,0.3084833078746191,-0.4325710959001453,1
-0.0916970337920332,-0.5681218302071726,-0.4325710959001453,0
-1.5770433152957206,1.1119311452380842,0.7672287963606622,1
-0.877715807091801,-0.5681218302071726,-0.4325710959001453,0
-0.3235118689788113,-0.5681218302071726,-0.4325710959001453,0
-0.3674054684639838,-0.5681218302071726,-0.4325710959001453,0
0.6076304744118864,1.820753086926065,1.928754210408993,1
0.004682340171979,-0.5681218302071726,-0.4325710959001453,0
-0.5280520529898413,1.4430929635357743,-0.4325710959001453,1
0.3084546380625055,1.2720176546932715,-0.4325710959001453,1
0.7510919073680482,-0.5681218302071726,-0.4325710959001453,0
-0.5280520529898413,0.6476004663777833,-0.4325710959001453,1
-1.5770433152957206,-0.5681218302071726,-0.4325710959001453,1
2.5604894289327156,-0.5681218302071726,-0.4325710959001453,0
2.795351832849972,-0.5681218302071726,-0.4325710959001453,0
0.1712754552140784,1.0258779307242485,-0.4325710959001453,1
-0.6731756230807712,1.1571241125080765,0.0315748605406486,1
0.0665300824794515,-0.5681218302071726,-0.4325710959001453,0
-0.3674054684639838,-0.5681218302071726,-0.4325710959001453,0
-1.5770433152957206,1.3649950892274123,-0.4325710959001453,1
-1.5770433152957206,0.1101124867991555,-0.4325710959001453,1
-0.877715807091801,-0.5681218302071726,-0.4325710959001453,0
-1.5770433152957206,0.8459712874532468,-0.4325710959001453,1
-1.5770433152957206,1.0066894853665624,-0.4325710959001453,1
0.4352322531452082,-0.5681218302071726,2.0541150034646085,0
1.179231245589861,2.6547885489711827,2.5805962685689217,1
-0.877715807091801,-0.5681218302071726,-0.4325710959001453,0
-1.5770433152957206,1.062134710877202,-0.4325710959001453,0
1.1834883017733726,1.8667085387097304,2.944612625368069,0
-0.5280520529898413,-0.5681218302071726,-0.4325710959001453,0
1.657450756072827,-0.5681218302071726,0.3030828399198684,0
1.837378343444637,-0.5681218302071726,0.8704513394670519,0
-1.5770433152957206,2.0015143027162714,-0.4325710959001453,1
-0.5280520529898413,-0.5681218302071726,-0.4325710959001453,1
-1.022839377182731,-0.5681218302071726,-0.4325710959001453,0
0.0261518851231485,-0.5681218302071726,-0.4325710959001453,0
-0.4686354390697412,0.4492296453023196,-0.4325710959001453,1
0.3758156392251084,-0.5681218302071726,0.0315748605406486,0
-1.5770433152957206,-0.0306338506285448,-0.4325710959001453,1
-1.2273795611937608,0.3084833078746191,-0.4325710959001453,1
-0.3235118689788113,-0.5681218302071726,-0.4325710959001453,0
0.1039144540514755,-0.5681218302071726,-0.4325710959001453,0
-0.877715807091801,0.3084833078746191,-0.4325710959001453,1
-0.765149220882594,-0.5681218302071726,-0.4325710959001453,1
0.878424176892578,1.8530225374057288,1.3807963763081137,0
-0.877715807091801,0.4492296453023196,-0.4325710959001453,1
-0.877715807091801,-0.5681218302071726,-0.4325710959001453,0
-0.0916970337920332,2.072889556433169,-0.4325710959001453,1
-1.022839377182731,-0.5681218302071726,-0.4325710959001453,0
1.6457186420845396,2.6088994604378484,2.7676306893353964,0
-0.6731756230807712,0.5584009860828592,-0.4325710959001453,1
-1.5770433152957206,1.0793028809228633,-0.4325710959001453,1
-0.877715807091801,-0.5681218302071726,-0.4325710959001453,0
-1.5770433152957206,0.1101124867991555,0.0315748605406486,1
0.2306920691341782,-0.5681218302071726,-0.4325710959001453,0
1.1506486290840157,1.2487159821318428,1.3345972959078458,0
-0.415485466780634,-0.5681218302071726,-0.4325710959001453,0
-0.3235118689788113,-0.5681218302071726,-0.4325710959001453,1
1.2062808429300578,2.4533757949279185,2.77879129884772,0
-1.5770433152957206,1.062134710877202,-0.4325710959001453,1
-0.5954130541524439,0.9213883734495016,0.0315748605406486,1
0.2579667203099265,-0.5681218302071726,-0.4325710959001453,0
0.803241962255395,2.2690415862097684,1.038736775739882,0
-1.5770433152957206,0.5584009860828592,-0.4325710959001453,1
-0.3235118689788113,-0.5681218302071726,-0.4325710959001453,0
-0.765149220882594,-0.0306338506285448,-0.4325710959001453,1
-1.5770433152957206,0.9441479488442734,-0.4325710959001453,1
-0.4686354390697412,0.686760772221084,-0.4325710959001453,0
-0.765149220882594,0.2192838275796948,-0.4325710959001453,1
-1.022839377182731,0.6476004663777833,-0.4325710959001453,1
-1.5770433152957206,1.315534557827101,-0.4325710959001453,1
0.1552595651522323,2.038502387404274,-0.4325710959001453,1
-0.4686354390697412,-0.5681218302071726,-0.4325710959001453,0
-0.765149220882594,0.3084833078746191,-0.4325710959001453,1
2.3782650659854316,-0.5681218302071726,-0.4325710959001453,0
1.310265916856075,-0.5681218302071726,1.3345972959078458,0
-0.415485466780634,0.7230175523740379,-0.4325710959001453,0
-1.5770433152957206,0.4492296453023196,-0.4325710959001453,1
-1.5770433152957206,0.3084833078746191,-0.4325710959001453,1
-0.877715807091801,-0.0306338506285448,-0.4325710959001453,0
-0.5280520529898413,0.9213883734495016,-0.4325710959001453,1
-1.5770433152957206,0.3839003938708738,0.4957208169814426,1
-1.5770433152957206,-0.0306338506285448,-0.4325710959001453,1
-1.5770433152957206,-0.5681218302071726,-0.4325710959001453,1
-0.5954130541524439,0.9213883734495016,-0.4325710959001453,1
-1.5770433152957206,0.2192838275796948,-0.4325710959001453,1
-1.5770433152957206,2.4347159748435456,-0.4325710959001453,1
0.9438412135531068,-0.5681218302071726,-0.4325710959001453,0
0.7510919073680482,-0.5681218302071726,-0.4325710959001453,0
-1.5770433152957206,2.8201746673563055,-0.4325710959001453,1
-1.5770433152957206,1.127463962308648,-0.4325710959001453,1
-1.2273795611937608,-0.2290046717040085,-0.4325710959001453,1
-1.5770433152957206,3.1678668920872,-0.4325710959001453,1
-0.5280520529898413,0.2192838275796948,-0.4325710959001453,0
-1.022839377182731,0.9213883734495016,-0.4325710959001453,1
-1.022839377182731,-0.5681218302071726,-0.4325710959001453,1
-0.0177417143620239,1.537610351002826,-0.4325710959001453,1
0.4063982246411257,2.279310924261301,0.8704513394670519,1
-0.5954130541524439,-0.5681218302071726,-0.4325710959001453,0
0.2018580406300959,-0.5681218302071726,-0.4325710959001453,0
-1.5770433152957206,0.3084833078746191,-0.4325710959001453,1
-0.2109452827696042,1.616790860501491,-0.4325710959001453,1
-1.5770433152957206,1.3554949335835398,-0.4325710959001453,0
-1.5770433152957206,0.1101124867991555,-0.4325710959001453,1
-1.5770433152957206,0.4492296453023196,-0.4325710959001453,1
-0.5280520529898413,0.9213883734495016,-0.4325710959001453,1
-0.765149220882594,1.3834592670318746,0.3030828399198684,1
-0.2831336716225083,1.142518769919737,1.4646082539681988,0
-0.5954130541524439,0.6476004663777833,-0.4325710959001453,1
-0.765149220882594,1.0793028809228633,-0.4325710959001453,1
-1.022839377182731,0.3839003938708738,0.6451424404881,1
-0.1783882988878814,1.3743142784764515,0.4957208169814426,1
-0.5280520529898413,-0.5681218302071726,-0.4325710959001453,0
-1.022839377182731,0.8459712874532468,-0.4325710959001453,1
-1.5770433152957206,0.4492296453023196,-0.4325710959001453,1
1.1081925258486456,-0.5681218302071726,3.955126244016386,0
-0.877715807091801,0.2192838275796948,0.0315748605406486,1
-0.2831336716225083,-0.5681218302071726,-0.4325710959001453,0
-1.022839377182731,0.686760772221084,-0.4325710959001453,0
-0.0412091160394543,1.488993099287626,1.3807963763081137,1
-0.5954130541524439,1.0793028809228633,-0.4325710959001453,1
-1.5770433152957206,0.3084833078746191,-0.4325710959001453,1
-1.022839377182731,0.1101124867991555,-0.4325710959001453,0
-0.3235118689788113,-0.5681218302071726,-0.4325710959001453,0
-1.5770433152957206,0.8459712874532468,-0.4325710959001453,1
-1.2273795611937608,-0.0306338506285448,-0.4325710959001453,1
-0.3235118689788113,1.0066894853665624,-0.4325710959001453,1
-0.6731756230807712,-0.2290046717040085,-0.4325710959001453,1
0.725479393327068,-0.5681218302071726,-0.4325710959001453,0
-1.2273795611937608,0.686760772221084,-0.4325710959001453,1
-1.022839377182731,0.8180069540049123,-0.4325710959001453,1
-0.877715807091801,-0.5681218302071726,-0.4325710959001453,0
-0.2831336716225083,-0.5681218302071726,-0.4325710959001453,0
-0.0412091160394543,-0.5681218302071726,-0.4325710959001453,0
-0.765149220882594,-0.5681218302071726,-0.4325710959001453,0
-1.022839377182731,0.9213883734495016,-0.4325710959001453,1
-0.6731756230807712,-0.5681218302071726,-0.4325710959001453,1
0.5515217947320558,-0.5681218302071726,-0.4325710959001453,0
-1.5770433152957206,0.7230175523740379,-0.4325710959001453,1
-1.022839377182731,-0.5681218302071726,-0.4325710959001453,0
-1.5770433152957206,1.1119311452380842,-0.4325710959001453,1
0.0855684990432483,1.5818300881073382,-0.4325710959001453,0
-0.5954130541524439,-0.5681218302071726,0.0315748605406486,0
-1.022839377182731,0.8180069540049123,-0.4325710959001453,1
0.3758156392251084,-0.5681218302071726,-0.4325710959001453,0
-0.2831336716225083,1.1119311452380842,-0.4325710959001453,1
-0.1478057134718639,1.2115404361823916,-0.4325710959001453,1
-1.022839377182731,0.7883468038054837,-0.4325710959001453,1
0.7307069858491658,-0.5681218302071726,-0.4325710959001453,0
0.2838420414232854,0.5068541289500829,-0.4325710959001453,1
-1.5770433152957206,-0.5681218302071726,-0.4325710959001453,1
-1.5770433152957206,1.3258347833841115,-0.4325710959001453,1
-1.5770433152957206,1.7041122477305763,-0.4325710959001453,1
-0.5280520529898413,1.1850884459564108,-0.4325710959001453,1
0.1387184713323555,-0.5681218302071726,-0.4325710959001453,0
-1.5770433152957206,-0.2290046717040085,-0.4325710959001453,1
-0.6731756230807712,-0.5681218302071726,-0.4325710959001453,0
-1.5770433152957206,0.3839003938708738,-0.4325710959001453,1
0.2164810402606826,1.0066894853665624,1.284973036327954,0
-0.877715807091801,-0.5681218302071726,-0.4325710959001453,0
-1.022839377182731,0.1101124867991555,-0.4325710959001453,1
0.3432586553433853,-0.5681218302071726,-0.4325710959001453,0
1.3529215815751667,2.072889556433169,2.5655479707961693,0
-0.765149220882594,-0.5681218302071726,-0.4325710959001453,1
-0.4686354390697412,-0.5681218302071726,-0.4325710959001453,0
1.5331520558753324,1.60541261179178,1.3807963763081137,0
-0.415485466780634,-0.5681218302071726,-0.4325710959001453,0
-0.877715807091801,0.8724232776792274,-0.4325710959001453,1
-1.5770433152957206,0.7230175523740379,-0.4325710959001453,0
-0.3674054684639838,0.686760772221084,-0.4325710959001453,1
-0.1783882988878814,2.4041965182883582,-0.4325710959001453,1
2.697984589344885,-0.5681218302071726,-0.4325710959001453,0
-1.5770433152957206,1.0258779307242485,-0.4325710959001453,1
-0.877715807091801,-0.5681218302071726,-0.4325710959001453,1
-1.5770433152957206,0.8459712874532468,-0.4325710959001453,1
1.525678464900339,2.649367522395465,3.1851755112842244,0
-0.877715807091801,-0.0306338506285448,-0.4325710959001453,1
1.7523152395169488,-0.5681218302071726,-0.4325710959001453,0
-1.5770433152957206,0.1101124867991555,-0.4325710959001453,1
-0.1189716849677815,-0.5681218302071726,-0.4325710959001453,1
-0.3235118689788113,0.8459712874532468,-0.4325710959001453,1
-0.6731756230807712,0.7230175523740379,0.4957208169814426,0
-1.5770433152957206,4.370204665034472,-0.4325710959001453,1
-1.2273795611937608,-0.2290046717040085,-0.4325710959001453,1
0.7510919073680482,2.746676182418276,-0.4325710959001453,1
-1.2273795611937608,-0.0306338506285448,-0.4325710959001453,0
0.9831695496272048,-0.5681218302071726,-0.4325710959001453,1
-0.5280520529898413,0.4492296453023196,-0.4325710959001453,1
-1.5770433152957206,0.1101124867991555,-0.4325710959001453,1
-1.2273795611937608,-0.5681218302071726,-0.4325710959001453,1
0.5287604227906182,-0.5681218302071726,-0.4325710959001453,0
-0.4686354390697412,-0.5681218302071726,-0.4325710959001453,1
-1.5770433152957206,0.9441479488442734,-0.4325710959001453,1
-0.6731756230807712,0.6476004663777833,-0.4325710959001453,0
-1.2273795611937608,0.3839003938708738,-0.4325710959001453,1
-0.415485466780634,-0.5681218302071726,-0.4325710959001453,0
-1.5770433152957206,0.8975181445860231,-0.4325710959001453,1
-1.022839377182731,0.3084833078746191,-0.4325710959001453,1
0.4535782081534356,2.0639533693161307,-0.4325710959001453,1
-1.2273795611937608,0.2192838275796948,-0.4325710959001453,1
1.0564077997623138,1.5173629384722735,-0.4325710959001453,0
-1.022839377182731,0.1101124867991555,-0.4325710959001453,1
-0.1783882988878814,-0.5681218302071726,-0.4325710959001453,0
-0.5954130541524439,-0.5681218302071726,-0.4325710959001453,0
-0.4686354390697412,-0.5681218302071726,-0.4325710959001453,0
0.8974625934563751,2.6177016644530564,1.502882732180676,1
0.807726064349583,-0.5681218302071726,-0.4325710959001453,1
0.2579667203099265,2.224039878771318,3.3890301839392274,0
-1.5770433152957206,-0.5681218302071726,-0.4325710959001453,1
-0.4686354390697412,-0.5681218302071726,-0.4325710959001453,0
-1.2273795611937608,-0.5681218302071726,-0.4325710959001453,0
-0.877715807091801,0.3839003938708738,-0.4325710959001453,1
-1.5770433152957206,0.3839003938708738,-0.4325710959001453,1
-0.415485466780634,-0.0306338506285448,0.6451424404881,0
-0.2109452827696042,-0.5681218302071726,-0.4325710959001453,0
-1.5770433152957206,-0.5681218302071726,-0.4325710959001453,0
-0.2457493000504842,-0.5681218302071726,-0.4325710959001453,0
-1.5770433152957206,1.2366353030891872,-0.4325710959001453,1
-1.2273795611937608,0.9441479488442734,-0.4325710959001453,1
-0.765149220882594,-0.5681218302071726,-0.4325710959001453,0
-1.5770433152957206,0.3839003938708738,-0.4325710959001453,1
-1.5770433152957206,1.1984931924996616,-0.4325710959001453,1
1.5559445970320176,-0.5681218302071726,-0.4325710959001453,0
-1.5770433152957206,0.3084833078746191,-0.4325710959001453,1
-1.5770433152957206,0.2192838275796948,-0.4325710959001453,1
-0.5954130541524439,0.2192838275796948,-0.4325710959001453,1
0.2838420414232854,-0.5681218302071726,-0.4325710959001453,1
0.5440482037570622,2.323691941289098,-0.4325710959001453,1
-1.022839377182731,-0.5681218302071726,-0.4325710959001453,1
-1.5770433152957206,0.7230175523740379,-0.4325710959001453,1
0.807726064349583,1.727085606236835,2.037580309810482,0
-1.2273795611937608,-0.2290046717040085,-0.4325710959001453,0
-0.1783882988878814,0.8180069540049123,-0.4325710959001453,0
0.1387184713323555,-0.5681218302071726,-0.4325710959001453,0
-1.2273795611937608,-0.0306338506285448,-0.4325710959001453,1
-1.022839377182731,-0.5681218302071726,-0.4325710959001453,1
-0.5954130541524439,0.9213883734495016,-0.4325710959001453,1
-1.2273795611937608,-0.5681218302071726,-0.4325710959001453,0
-0.765149220882594,0.686760772221084,-0.4325710959001453,1
-0.877715807091801,0.3084833078746191,-0.4325710959001453,1
0.5803558232361381,-0.5681218302071726,-0.4325710959001453,0
-1.2273795611937608,1.2605055319526657,-0.4325710959001453,1
-1.5770433152957206,0.1101124867991555,-0.4325710959001453,1
0.2445137053491873,-0.5681218302071726,-0.4325710959001453,0
-1.022839377182731,1.2832651073474377,-0.4325710959001453,1
0.3432586553433853,2.1938715300813487,0.3030828399198684,1
-0.877715807091801,0.7883468038054837,-0.4325710959001453,1
-0.1189716849677815,-0.5681218302071726,-0.4325710959001453,0
-0.3674054684639838,-0.5681218302071726,-0.4325710959001453,0
0.760983560843897,-0.5681218302071726,-0.4325710959001453,0
-1.5770433152957206,0.1101124867991555,-0.4325710959001453,1
1.8262393608168872,2.760443062688536,3.4237108696782883,0
-0.5280520529898413,1.142518769919737,-0.4325710959001453,1
-0.415485466780634,-0.5681218302071726,-0.4325710959001453,0
1.3809133020458149,2.613320357773932,0.0315748605406486,0
-0.2831336716225083,1.689791928536755,-0.4325710959001453,1
-1.5770433152957206,-0.5681218302071726,-0.4325710959001453,0
-0.765149220882594,-0.5681218302071726,-0.4325710959001453,1
2.5725139198055347,-0.5681218302071726,-0.4325710959001453,0
-1.5770433152957206,0.6050307903411093,-0.4325710959001453,1
-1.5770433152957206,0.4492296453023196,-0.4325710959001453,1
-1.5770433152957206,0.3839003938708738,-0.4325710959001453,1
-1.2273795611937608,0.1101124867991555,-0.4325710959001453,1
-0.2457493000504842,-0.5681218302071726,-0.4325710959001453,0
-1.022839377182731,-0.5681218302071726,-0.4325710959001453,0
-0.3674054684639838,-0.5681218302071726,-0.4325710959001453,0
-0.2831336716225083,-0.5681218302071726,-0.4325710959001453,1
1.0137521350432226,2.399676923626369,-0.4325710959001453,0
-0.877715807091801,-0.5681218302071726,-0.4325710959001453,0
-1.5770433152957206,1.4099112572578554,-0.4325710959001453,1
1.6681058331478824,-0.5681218302071726,-0.4325710959001453,0
-1.022839377182731,1.4012518693803664,-0.4325710959001453,1
-1.5770433152957206,-0.5681218302071726,-0.4325710959001453,1
-0.1478057134718639,-0.5681218302071726,-0.4325710959001453,0
-0.0916970337920332,-0.5681218302071726,-0.4325710959001453,0
-1.022839377182731,1.0958889656614867,-0.4325710959001453,1
1.7516284345585504,-0.5681218302071726,-0.4325710959001453,0
-1.2273795611937608,-0.5681218302071726,-0.4325710959001453,0
1.088111937855069,-0.5681218302071726,-0.4325710959001453,0
0.1867984696490057,2.2807605331525047,-0.4325710959001453,1
1.265472302566562,-0.5681218302071726,-0.4325710959001453,0
0.6872859467395543,-0.5681218302071726,-0.4325710959001453,0
1.0618321333598728,-0.5681218302071726,3.4919348437879947,0
0.2962984314355189,-0.5681218302071726,-0.4325710959001453,0
0.9048812295684108,2.0924184629339284,2.9136675319050047,0
-1.2273795611937608,0.9867176248809476,-0.4325710959001453,1
-1.5770433152957206,0.8180069540049123,-0.4325710959001453,1
-1.5770433152957206,2.1008538898815035,-0.4325710959001453,1
-1.5770433152957206,0.6476004663777833,-0.4325710959001453,1
-0.1783882988878814,-0.5681218302071726,0.7672287963606622,0
0.2579667203099265,-0.5681218302071726,-0.4325710959001453,0
-0.3674054684639838,-0.5681218302071726,-0.4325710959001453,0
3.116258150489662,4.157438035002564,3.915783296098101,0
0.4712803109185204,-0.5681218302071726,-0.4325710959001453,0
1.187709733638235,1.142518769919737,3.166828580882278,0
0.320324789584565,-0.5681218302071726,-0.4325710959001453,0
-1.2273795611937608,0.1101124867991555,-0.4325710959001453,1
0.1552595651522323,-0.5681218302071726,-0.4325710959001453,0
-1.5770433152957206,-0.2290046717040085,-0.4325710959001453,1
0.2962984314355189,-0.5681218302071726,-0.4325710959001453,0
-0.0412091160394543,-0.5681218302071726,-0.4325710959001453,0
-1.5770433152957206,-0.0306338506285448,-0.4325710959001453,1
-0.1783882988878814,0.7567718071583226,-0.4325710959001453,0
-0.4686354390697412,-0.5681218302071726,-0.4325710959001453,1
-1.5770433152957206,-0.0306338506285448,-0.4325710959001453,1
-0.3674054684639838,-0.5681218302071726,-0.4325710959001453,0
-0.877715807091801,0.3839003938708738,-0.4325710959001453,1
0.8252742046034711,1.4430929635357743,1.1092883969288942,0
0.4258028540442518,-0.5681218302071726,-0.4325710959001453,0
-1.5770433152957206,-0.5681218302071726,-0.4325710959001453,1
-1.5770433152957206,0.7230175523740379,-0.4325710959001453,1
-0.2109452827696042,-0.5681218302071726,-0.4325710959001453,0
-1.2273795611937608,0.8975181445860231,-0.4325710959001453,1
-1.5770433152957206,0.6050307903411093,-0.4325710959001453,1
-0.5954130541524439,-0.5681218302071726,-0.4325710959001453,0
-0.6731756230807712,-0.5681218302071726,-0.4325710959001453,0
-0.3674054684639838,-0.5681218302071726,-0.4325710959001453,0
-0.6731756230807712,1.0258779307242485,-0.4325710959001453,1
-0.2831336716225083,1.1984931924996616,0.0315748605406486,1
1.4853898932285607,-0.5681218302071726,1.1092883969288942,0
-1.5770433152957206,0.7883468038054837,-0.4325710959001453,1
-1.2273795611937608,-0.5681218302071726,-0.4325710959001453,1
-1.2273795611937608,-0.5681218302071726,-0.4325710959001453,0
-1.5770433152957206,0.5584009860828592,-0.4325710959001453,1
0.5803558232361381,2.374044066099576,0.6451424404881,1
0.1387184713323555,-0.5681218302071726,-0.4325710959001453,0
-0.765149220882594,-0.5681218302071726,-0.4325710959001453,1
-0.877715807091801,1.0443421085287103,-0.4325710959001453,1
-0.4686354390697412,0.3084833078746191,-0.4325710959001453,1
-1.5770433152957206,0.5584009860828592,-0.4325710959001453,1
-0.765149220882594,-0.5681218302071726,-0.4325710959001453,1
-0.5280520529898413,-0.5681218302071726,0.8704513394670519,0
0.838045979536275,1.4962412710112405,-0.4325710959001453,0
-0.877715807091801,1.53095388583332,-0.4325710959001453,1
1.1640421104205612,-0.5681218302071726,-0.4325710959001453,0
-0.765149220882594,-0.2290046717040085,-0.4325710959001453,0
-1.5770433152957206,1.563365910302876,-0.4325710959001453,1
-1.5770433152957206,0.3839003938708738,-0.4325710959001453,0
-0.2831336716225083,0.1101124867991555,-0.4325710959001453,0
0.3862172069908325,1.392436448127977,-0.4325710959001453,1
0.0665300824794515,-0.5681218302071726,-0.4325710959001453,1
0.3543460942739389,-0.0306338506285448,0.3030828399198684,0
-1.5770433152957206,0.5068541289500829,-0.4325710959001453,1
-0.415485466780634,-0.5681218302071726,-0.4325710959001453,0
0.004682340171979,-0.5681218302071726,-0.4325710959001453,0
-1.5770433152957206,0.8459712874532468,-0.4325710959001453,1
-1.5770433152957206,1.2487159821318428,-0.4325710959001453,1
-1.022839377182731,-0.2290046717040085,-0.4325710959001453,1
-1.5770433152957206,0.3084833078746191,-0.4325710959001453,1
-1.5770433152957206,0.8724232776792274,-0.4325710959001453,1
-0.0916970337920332,-0.5681218302071726,-0.4325710959001453,0
-0.6731756230807712,1.1984931924996616,-0.4325710959001453,1
-0.877715807091801,-0.5681218302071726,-0.4325710959001453,0
-1.5770433152957206,1.3554949335835398,-0.4325710959001453,1
2.4538684279415843,-0.5681218302071726,-0.4325710959001453,0
0.9956259396394386,-0.5681218302071726,-0.4325710959001453,0
0.2306920691341782,-0.5681218302071726,-0.4325710959001453,1
0.4625069043209565,-0.5681218302071726,-0.4325710959001453,0
-0.1478057134718639,0.5068541289500829,-0.4325710959001453,1
0.0261518851231485,-0.5681218302071726,-0.4325710959001453,0
-1.5770433152957206,0.8724232776792274,-0.4325710959001453,1
-1.022839377182731,-0.5681218302071726,-0.4325710959001453,0
0.1552595651522323,-0.5681218302071726,-0.4325710959001453,0
-1.022839377182731,0.9867176248809476,-0.4325710959001453,1
1.100755661470008,-0.5681218302071726,-0.4325710959001453,0
-1.022839377182731,0.5068541289500829,-0.4325710959001453,1
0.3084546380625055,-0.5681218302071726,-0.4325710959001453,0
-1.2273795611937608,0.3084833078746191,-0.4325710959001453,1
-0.415485466780634,-0.5681218302071726,-0.4325710959001453,0
-0.5280520529898413,-0.5681218302071726,-0.4325710959001453,0
-0.6731756230807712,0.686760772221084,0.8704513394670519,0
0.765857590683371,1.3554949335835398,0.3030828399198684,0
-1.2273795611937608,-0.5681218302071726,-0.4325710959001453,1
-0.877715807091801,0.9213883734495016,-0.4325710959001453,1
-0.765149220882594,-0.5681218302071726,-0.4325710959001453,0
0.7148588291767358,2.2304986213226417,0.8704513394670519,1
-1.5770433152957206,-0.2290046717040085,-0.4325710959001453,1
-1.022839377182731,-0.5681218302071726,-0.4325710959001453,0
-1.022839377182731,-0.5681218302071726,-0.4325710959001453,0
-0.877715807091801,1.0793028809228633,-0.4325710959001453,1
-1.2273795611937608,-0.5681218302071726,-0.4325710959001453,0
0.7307069858491658,1.4430929635357743,-0.4325710959001453,0
-0.3235118689788113,-0.5681218302071726,-0.4325710959001453,0
-0.6731756230807712,-0.5681218302071726,-0.4325710959001453,0
1.1898072758038123,1.917917870721943,-0.4325710959001453,1
-1.5770433152957206,1.935818988684244,-0.4325710959001453,1
0.4063982246411257,1.8425007847256885,2.2508236378620325,0
-1.022839377182731,1.1119311452380842,-0.4325710959001453,1
-0.4686354390697412,0.686760772221084,-0.4325710959001453,1
-1.2273795611937608,1.708794031236369,0.0315748605406486,1
1.1529057163573548,-0.5681218302071726,-0.4325710959001453,0
-1.5770433152957206,0.7567718071583226,-0.4325710959001453,1
-1.5770433152957206,0.2192838275796948,-0.4325710959001453,0
1.072508895155673,1.80186106244558,1.6061052752870657,0
-1.5770433152957206,0.1101124867991555,-0.4325710959001453,1
-1.5770433152957206,0.686760772221084,-0.4325710959001453,1
-0.2831336716225083,-0.5681218302071726,-0.4325710959001453,0
-0.5954130541524439,0.7883468038054837,-0.4325710959001453,1
1.775782641194379,-0.5681218302071726,0.8704513394670519,0
-0.4686354390697412,1.4184200394260271,-0.4325710959001453,0
-1.022839377182731,0.5068541289500829,-0.4325710959001453,1
1.603287352741713,3.1508083373525597,3.7816350530787872,0
-1.5770433152957206,-0.0306338506285448,-0.4325710959001453,0
-1.5770433152957206,0.1101124867991555,-0.4325710959001453,1
-1.5770433152957206,0.2192838275796948,-0.4325710959001453,1
-1.022839377182731,0.1101124867991555,-0.4325710959001453,1
-0.1783882988878814,2.3668137476663405,-0.4325710959001453,1
-1.5770433152957206,0.6476004663777833,-0.4325710959001453,1
-1.5770433152957206,-0.5681218302071726,-0.4325710959001453,0
-1.022839377182731,-0.5681218302071726,-0.4325710959001453,0
0.8121706584229164,0.9213883734495016,2.3201566580421087,0
-1.2273795611937608,0.6050307903411093,0.7672287963606622,0
0.2838420414232854,-0.5681218302071726,-0.4325710959001453,0
-1.5770433152957206,-0.5681218302071726,-0.4325710959001453,1
-1.5770433152957206,-0.5681218302071726,-0.4325710959001453,0
0.5873139771947735,-0.5681218302071726,-0.4325710959001453,0
-0.765149220882594,-0.5681218302071726,-0.4325710959001453,0
-0.415485466780634,0.1101124867991555,0.0315748605406486,0
-0.2831336716225083,0.3839003938708738,-0.4325710959001453,0
-0.6731756230807712,0.3084833078746191,-0.4325710959001453,1
0.2962984314355189,2.4131123484980734,-0.4325710959001453,1
0.4712803109185204,-0.5681218302071726,-0.4325710959001453,0
-0.6731756230807712,0.3839003938708738,-0.4325710959001453,1
-1.5770433152957206,0.4492296453023196,-0.4325710959001453,1
-1.2273795611937608,-0.0306338506285448,-0.4325710959001453,1
-0.765149220882594,2.026481078866254,-0.4325710959001453,1
2.050351915057015,-0.5681218302071726,1.2313747528014565,0
-1.2273795611937608,1.0958889656614867,-0.4325710959001453,1
-0.3235118689788113,-0.5681218302071726,-0.4325710959001453,1
-1.2273795611937608,0.5068541289500829,-0.4325710959001453,1
-1.022839377182731,-0.5681218302071726,-0.4325710959001453,0
-1.5770433152957206,0.2192838275796948,-0.4325710959001453,1
0.004682340171979,0.9213883734495016,-0.4325710959001453,0
-1.2273795611937608,0.5584009860828592,-0.4325710959001453,1
-0.0916970337920332,1.616790860501491,-0.4325710959001453,1
-0.765149220882594,-0.5681218302071726,-0.4325710959001453,1
-0.2109452827696042,1.2242487517997116,-0.4325710959001453,1
-0.877715807091801,1.3554949335835398,-0.4325710959001453,1
-0.4686354390697412,-0.5681218302071726,-0.4325710959001453,0
-1.2273795611937608,1.2487159821318428,-0.4325710959001453,1
-1.2273795611937608,-0.0306338506285448,-0.4325710959001453,1
-1.022839377182731,1.988536283319876,-0.4325710959001453,1
-0.2831336716225083,0.3839003938708738,0.8704513394670519,0
0.3758156392251084,1.1119311452380842,0.4957208169814426,0
0.1552595651522323,-0.5681218302071726,-0.4325710959001453,0
-0.877715807091801,-0.5681218302071726,-0.4325710959001453,0
-0.765149220882594,-0.5681218302071726,-0.4325710959001453,0
-0.415485466780634,-0.5681218302071726,-0.4325710959001453,0
-0.3235118689788113,-0.5681218302071726,-0.4325710959001453,0
-1.5770433152957206,0.5584009860828592,-0.4325710959001453,1
0.3432586553433853,-0.5681218302071726,-0.4325710959001453,0
-0.2109452827696042,-0.5681218302071726,-0.4325710959001453,0
-1.022839377182731,-0.5681218302071726,-0.4325710959001453,0
-0.415485466780634,0.686760772221084,-0.4325710959001453,1
0.6581183921644651,2.202439921465903,1.1092883969288942,1
-1.5770433152957206,3.12417973258883,-0.4325710959001453,1
-1.5770433152957206,0.2192838275796948,-0.4325710959001453,1
-1.5770433152957206,0.2192838275796948,-0.4325710959001453,1
0.4258028540442518,-0.5681218302071726,-0.4325710959001453,0
-1.022839377182731,-0.5681218302071726,-0.4325710959001453,0
-1.5770433152957206,1.488993099287626,-0.4325710959001453,1
-0.765149220882594,-0.5681218302071726,-0.4325710959001453,0
-1.5770433152957206,-0.5681218302071726,1.7228559768763452,0
1.5599802838679446,-0.5681218302071726,-0.4325710959001453,0
-1.5770433152957206,1.5173629384722735,-0.4325710959001453,1
-1.5770433152957206,1.5104232101609056,-0.4325710959001453,1
0.5209392093160381,-0.5681218302071726,-0.4325710959001453,0
-0.5954130541524439,-0.5681218302071726,-0.4325710959001453,0
-0.3235118689788113,-0.5681218302071726,-0.4325710959001453,0
0.0261518851231485,-0.5681218302071726,-0.4325710959001453,0
-0.415485466780634,-0.5681218302071726,-0.4325710959001453,0
-0.415485466780634,-0.5681218302071726,-0.4325710959001453,0
-0.6731756230807712,-0.5681218302071726,-0.4325710959001453,0
-0.877715807091801,-0.5681218302071726,-0.4325710959001453,0
0.0665300824794515,-0.5681218302071726,-0.4325710959001453,0
1.4005882589641294,-0.5681218302071726,0.0315748605406486,0
-0.2109452827696042,0.686760772221084,-0.4325710959001453,1
-0.6731756230807712,-0.5681218302071726,-0.4325710959001453,0
-0.0916970337920332,-0.5681218302071726,-0.4325710959001453,0
-0.5280520529898413,-0.5681218302071726,-0.4325710959001453,0
-1.5770433152957206,-0.0306338506285448,-0.4325710959001453,1
0.1216165568165608,0.1101124867991555,0.7672287963606622,0
-0.1783882988878814,-0.5681218302071726,-0.4325710959001453,0
-1.022839377182731,0.8975181445860231,-0.4325710959001453,1
-1.5770433152957206,1.7979935115312933,-0.4325710959001453,1
-0.415485466780634,-0.5681218302071726,-0.4325710959001453,0
-0.3235118689788113,0.6050307903411093,-0.4325710959001453,1
2.4817810367148563,3.719703191583243,4.276622283905115,0
-0.0177417143620239,-0.5681218302071726,-0.4325710959001453,1
-1.2273795611937608,0.2192838275796948,-0.4325710959001453,1
1.085544715194752,-0.5681218302071726,-0.4325710959001453,0
1.8448604613618305,-0.5681218302071726,0.0315748605406486,0
-0.765149220882594,-0.5681218302071726,-0.4325710959001453,1
-0.877715807091801,1.2242487517997116,-0.4325710959001453,1
-1.2273795611937608,0.1101124867991555,-0.4325710959001453,1
0.0665300824794515,-0.5681218302071726,-0.4325710959001453,0
-0.6731756230807712,-0.5681218302071726,-0.4325710959001453,1
-0.877715807091801,-0.5681218302071726,-0.4325710959001453,0
-0.5954130541524439,-0.5681218302071726,-0.4325710959001453,0
-1.2273795611937608,-0.0306338506285448,-0.4325710959001453,1
-1.022839377182731,-0.5681218302071726,-0.4325710959001453,0
0.8209440650204803,-0.5681218302071726,-0.4325710959001453,0
-0.6731756230807712,-0.5681218302071726,-0.4325710959001453,0
-0.2457493000504842,-0.5681218302071726,0.6451424404881,0
-1.022839377182731,-0.5681218302071726,-0.4325710959001453,1
-1.5770433152957206,0.6050307903411093,-0.4325710959001453,1
-0.0412091160394543,-0.5681218302071726,-0.4325710959001453,0
-0.877715807091801,-0.5681218302071726,-0.4325710959001453,0
-1.2273795611937608,-0.5681218302071726,-0.4325710959001453,0
-0.2457493000504842,-0.5681218302071726,-0.4325710959001453,0
-1.022839377182731,-0.5681218302071726,-0.4325710959001453,0
-0.0177417143620239,-0.5681218302071726,-0.4325710959001453,0
1.3634158891451824,2.109146336586123,1.9087640372938008,0
-1.5770433152957206,0.6050307903411093,-0.4325710959001453,1
0.6271603261475461,-0.5681218302071726,-0.4325710959001453,0
0.7201970606210935,-0.5681218302071726,-0.4325710959001453,0
-0.5280520529898413,-0.5681218302071726,-0.4325710959001453,0
-0.3674054684639838,-0.5681218302071726,-0.4325710959001453,0
0.6335057955252451,-0.5681218302071726,-0.4325710959001453,0
-1.5770433152957206,0.6476004663777833,-0.4325710959001453,1
-0.5280520529898413,0.5068541289500829,-0.4325710959001453,1
-1.2273795611937608,-0.5681218302071726,-0.4325710959001453,0
0.4161938365814114,0.6476004663777833,0.6451424404881,0
1.1684287307922825,3.1508083373525597,-0.4325710959001453,0
1.120348732475632,1.9670276486292624,1.3345972959078458,0
0.3964086276324924,-0.5681218302071726,-0.4325710959001453,0
0.1712754552140784,1.4962412710112405,0.0315748605406486,0
-1.5770433152957206,0.5584009860828592,-0.4325710959001453,1
-0.5954130541524439,-0.5681218302071726,-0.4325710959001453,0
1.2636674413782114,2.172673587295824,2.2508236378620325,0
-0.5954130541524439,0.8180069540049123,-0.4325710959001453,1
-0.765149220882594,-0.5681218302071726,-0.4325710959001453,0
-1.5770433152957206,0.2192838275796948,-0.4325710959001453,0
-1.022839377182731,1.873410597527548,1.038736775739882,1
-1.5770433152957206,0.3084833078746191,-0.4325710959001453,1
-1.2273795611937608,0.3839003938708738,-0.4325710959001453,1
-1.5770433152957206,3.347791698172336,-0.4325710959001453,1
-1.022839377182731,0.9213883734495016,-0.4325710959001453,1
0.7148588291767358,1.4430929635357743,1.173110101473787,0
-0.2457493000504842,-0.5681218302071726,-0.4325710959001453,0
-1.5770433152957206,0.2192838275796948,-0.4325710959001453,1
-1.5770433152957206,-0.0306338506285448,-0.4325710959001453,1
-0.2831336716225083,-0.5681218302071726,-0.4325710959001453,0
-0.765149220882594,0.2192838275796948,-0.4325710959001453,0
-1.022839377182731,-0.5681218302071726,-0.4325710959001453,0
-0.765149220882594,-0.5681218302071726,-0.4325710959001453,1
0.0467448735305326,-0.5681218302071726,0.7672287963606622,0
-0.0412091160394543,-0.5681218302071726,-0.4325710959001453,0
-0.5280520529898413,-0.5681218302071726,1.4240127298630303,0
-1.5770433152957206,1.985898850286529,-0.4325710959001453,1
-1.2273795611937608,-0.5681218302071726,-0.4325710959001453,0
-0.765149220882594,1.1984931924996616,-0.4325710959001453,1
0.5588862782849688,2.8673284730672037,-0.4325710959001453,1
-1.2273795611937608,-0.5681218302071726,-0.4325710959001453,1
-0.765149220882594,1.8353584295144048,-0.4325710959001453,1
-1.5770433152957206,0.3084833078746191,-0.4325710959001453,1
-0.6731756230807712,-0.5681218302071726,-0.4325710959001453,0
-1.5770433152957206,0.1101124867991555,-0.4325710959001453,1
-1.5770433152957206,0.6050307903411093,-0.4325710959001453,1
-0.765149220882594,-0.5681218302071726,-0.4325710959001453,0
0.838045979536275,1.9752045962321263,-0.4325710959001453,0
1.095736135836412,2.026481078866254,0.7672287963606622,0
-0.5280520529898413,-0.5681218302071726,-0.4325710959001453,0
-0.765149220882594,1.90248306880604,1.667021894713126,1
-0.765149220882594,0.1101124867991555,-0.4325710959001453,1
2.0823859226132844,-0.5681218302071726,-0.4325710959001453,0
-1.2273795611937608,0.2192838275796948,-0.4325710959001453,1
-0.3674054684639838,-0.5681218302071726,-0.4325710959001453,0
0.004682340171979,1.1571241125080765,-0.4325710959001453,0
-1.2273795611937608,0.2192838275796948,-0.4325710959001453,1
-1.5770433152957206,-0.2290046717040085,-0.4325710959001453,1
1.2831744053316472,3.104691711908121,2.8370559501753885,1
0.3084546380625055,0.4492296453023196,-0.4325710959001453,0
-0.0177417143620239,-0.5681218302071726,-0.4325710959001453,0
1.2545449836703706,-0.5681218302071726,-0.4325710959001453,0
0.2164810402606826,-0.5681218302071726,0.3030828399198684,0
0.8121706584229164,2.2304986213226417,0.8704513394670519,1
0.0855684990432483,-0.5681218302071726,-0.4325710959001453,0
-0.2457493000504842,1.60541261179178,-0.4325710959001453,1
0.1712754552140784,2.224039878771318,-0.4325710959001453,1
-0.877715807091801,-0.5681218302071726,-0.4325710959001453,0
-0.3674054684639838,-0.5681218302071726,-0.4325710959001453,1
-1.5770433152957206,0.5584009860828592,-0.4325710959001453,1
-0.765149220882594,-0.5681218302071726,-0.4325710959001453,0
-1.2273795611937608,0.2192838275796948,0.6451424404881,1
-1.2273795611937608,0.5068541289500829,-0.4325710959001453,1
1.8081348521226015,-0.5681218302071726,-0.4325710959001453,0
-1.5770433152957206,2.228891911691884,0.4957208169814426,1
-0.2457493000504842,-0.5681218302071726,-0.4325710959001453,0
-0.877715807091801,-0.5681218302071726,-0.4325710959001453,0
-1.5770433152957206,0.3839003938708738,-0.4325710959001453,1
2.2343307887770343,-0.5681218302071726,-0.4325710959001453,0
0.5661447943626426,-0.5681218302071726,-0.4325710959001453,0
-0.4686354390697412,-0.0306338506285448,0.3030828399198684,1
1.1727775350007128,-0.5681218302071726,-0.4325710959001453,0
-0.877715807091801,0.1101124867991555,-0.4325710959001453,1
-1.2273795611937608,-0.5681218302071726,-0.4325710959001453,0
-1.2273795611937608,-0.2290046717040085,-0.4325710959001453,1
0.1387184713323555,0.9213883734495016,-0.4325710959001453,0
-0.415485466780634,-0.5681218302071726,-0.4325710959001453,0
-0.4686354390697412,1.0066894853665624,-0.4325710959001453,1
-1.5770433152957206,1.142518769919737,-0.4325710959001453,1
-1.5770433152957206,-0.2290046717040085,-0.4325710959001453,1
-1.5770433152957206,0.5068541289500829,-0.4325710959001453,1
1.5310280183624958,-0.5681218302071726,1.038736775739882,0
-1.022839377182731,2.277857007462158,-0.4325710959001453,1
-0.415485466780634,1.4430929635357743,-0.4325710959001453,1
-1.5770433152957206,1.1984931924996616,-0.4325710959001453,1
-0.5954130541524439,-0.5681218302071726,-0.4325710959001453,0
-1.5770433152957206,-0.5681218302071726,-0.4325710959001453,0
0.9265041752092282,1.8599133927693656,0.6451424404881,0
-0.2831336716225083,0.6050307903411093,-0.4325710959001453,0
-1.022839377182731,-0.5681218302071726,-0.4325710959001453,0
-0.877715807091801,-0.5681218302071726,-0.4325710959001453,0
-1.5770433152957206,-0.0306338506285448,-0.4325710959001453,1
-1.2273795611937608,-0.5681218302071726,-0.4325710959001453,0
-0.0658217126786743,2.3974013723479937,-0.4325710959001453,1
-1.2273795611937608,-0.5681218302071726,-0.4325710959001453,0
-1.2273795611937608,-0.5681218302071726,-0.4325710959001453,0
-0.877715807091801,-0.0306338506285448,-0.4325710959001453,0
-0.6731756230807712,-0.5681218302071726,-0.4325710959001453,0
-1.022839377182731,1.1713060516577414,-0.4325710959001453,1
-1.5770433152957206,-0.5681218302071726,-0.4325710959001453,0
-0.5280520529898413,-0.5681218302071726,-0.4325710959001453,0
0.4883822254343152,-0.5681218302071726,-0.4325710959001453,0
0.3862172069908325,0.6476004663777833,1.7743907115598958,0
-1.022839377182731,1.2605055319526657,-0.4325710959001453,1
-1.2273795611937608,0.5068541289500829,-0.4325710959001453,1
0.8252742046034711,0.1101124867991555,-0.4325710959001453,0
-1.022839377182731,-0.5681218302071726,-0.4325710959001453,0
-0.877715807091801,-0.5681218302071726,-0.4325710959001453,0
1.496907703238256,-0.5681218302071726,-0.4325710959001453,0
-1.5770433152957206,0.5068541289500829,-0.4325710959001453,1
-1.5770433152957206,0.686760772221084,-0.4325710959001453,1
-1.5770433152957206,-0.5681218302071726,-0.4325710959001453,1
-0.415485466780634,1.0958889656614867,-0.4325710959001453,0
0.1039144540514755,-0.5681218302071726,-0.4325710959001453,1
-0.2457493000504842,-0.5681218302071726,-0.4325710959001453,0
1.2163101626178738,1.1119311452380842,-0.4325710959001453,0
0.3319220397399356,1.5818300881073382,1.4646082539681988,0
-1.5770433152957206,0.9867176248809476,-0.4325710959001453,1
-0.0177417143620239,-0.5681218302071726,-0.4325710959001453,0
-1.5770433152957206,0.1101124867991555,-0.4325710959001453,1
-1.5770433152957206,0.7883468038054837,0.0315748605406486,1
-1.5770433152957206,3.5272202951098937,-0.4325710959001453,1
-1.5770433152957206,0.3084833078746191,-0.4325710959001453,1
-0.877715807091801,0.6476004663777833,-0.4325710959001453,1
-0.5954130541524439,-0.5681218302071726,-0.4325710959001453,0
-1.5770433152957206,0.7883468038054837,-0.4325710959001453,1
0.4161938365814114,-0.5681218302071726,-0.4325710959001453,0
0.004682340171979,-0.5681218302071726,-0.4325710959001453,0
0.2164810402606826,-0.5681218302071726,-0.4325710959001453,0
-1.5770433152957206,1.0066894853665624,-0.4325710959001453,1
-0.877715807091801,-0.5681218302071726,-0.4325710959001453,1
-0.3674054684639838,1.6700218592038678,-0.4325710959001453,1
-0.2457493000504842,-0.5681218302071726,-0.4325710959001453,0
-0.765149220882594,-0.5681218302071726,-0.4325710959001453,0
1.3452896937413985,-0.5681218302071726,-0.4325710959001453,0
2.3728782754562068,-0.5681218302071726,-0.4325710959001453,0
-0.877715807091801,0.7883468038054837,-0.4325710959001453,1
0.5129948220735353,-0.5681218302071726,-0.4325710959001453,0
-0.2109452827696042,1.3050128051470606,-0.4325710959001453,1
-1.022839377182731,0.9213883734495016,-0.4325710959001453,1
-0.5954130541524439,1.3554949335835398,1.173110101473787,1
-0.4686354390697412,1.4350061241646506,0.8704513394670519,1
-1.5770433152957206,2.7427510054898785,-0.4325710959001453,1
-1.022839377182731,-0.5681218302071726,0.6451424404881,1
-0.5954130541524439,-0.5681218302071726,-0.4325710959001453,1
-0.1189716849677815,1.2605055319526657,-0.4325710959001453,1
-1.5770433152957206,0.5584009860828592,-0.4325710959001453,1
0.7706849783736722,-0.5681218302071726,-0.4325710959001453,0
-1.5770433152957206,2.726727592052899,-0.4325710959001453,1
-0.5954130541524439,-0.5681218302071726,-0.4325710959001453,0
-1.5770433152957206,0.3839003938708738,-0.4325710959001453,1
-1.5770433152957206,0.3839003938708738,-0.4325710959001453,1
0.8463843208511401,2.072889556433169,2.5182609599054024,0
-1.5770433152957206,0.8724232776792274,-0.4325710959001453,1
-0.877715807091801,-0.5681218302071726,-0.4325710959001453,1
-0.877715807091801,-0.5681218302071726,-0.4325710959001453,0
-0.877715807091801,-0.5681218302071726,-0.4325710959001453,0
-1.2273795611937608,-0.5681218302071726,-0.4325710959001453,0
2.241668491443682,-0.5681218302071726,-0.4325710959001453,0
0.940421145103822,-0.5681218302071726,-0.4325710959001453,0
-0.5954130541524439,0.3084833078746191,0.7672287963606622,1
-0.877715807091801,-0.5681218302071726,-0.4325710959001453,1
-1.5770433152957206,0.6050307903411093,-0.4325710959001453,1
-1.2273795611937608,-0.5681218302071726,0.0315748605406486,0
-0.5954130541524439,-0.5681218302071726,-0.4325710959001453,0
-1.5770433152957206,0.7230175523740379,0.6451424404881,1
-0.0658217126786743,2.026481078866254,0.0315748605406486,1
-0.0177417143620239,-0.5681218302071726,-0.4325710959001453,0
-0.2457493000504842,1.127463962308648,-0.4325710959001453,0
1.0283751346738097,-0.5681218302071726,-0.4325710959001453,0
0.2306920691341782,-0.5681218302071726,-0.4325710959001453,0
-0.877715807091801,0.3839003938708738,-0.4325710959001453,1
-1.022839377182731,0.6050307903411093,-0.4325710959001453,1
0.9863126013152558,-0.5681218302071726,-0.4325710959001453,0
2.1953804388614615,-0.5681218302071726,-0.4325710959001453,0
-0.877715807091801,-0.5681218302071726,-0.4325710959001453,0
-1.5770433152957206,1.0958889656614867,-0.4325710959001453,1
-1.5770433152957206,0.3084833078746191,-0.4325710959001453,1
-1.5770433152957206,1.53095388583332,-0.4325710959001453,1
-1.5770433152957206,1.3359226179489203,-0.4325710959001453,1
0.0855684990432483,-0.5681218302071726,-0.4325710959001453,0
-0.4686354390697412,-0.5681218302071726,-0.4325710959001453,1
-1.5770433152957206,0.4492296453023196,-0.4325710959001453,1
-1.5770433152957206,-0.0306338506285448,-0.4325710959001453,1
-1.022839377182731,0.1101124867991555,-0.4325710959001453,1
-1.5770433152957206,0.3839003938708738,-0.4325710959001453,1
0.0855684990432483,-0.5681218302071726,-0.4325710959001453,0
-1.5770433152957206,0.3839003938708738,-0.4325710959001453,1
-0.0177417143620239,-0.5681218302071726,-0.4325710959001453,0
-0.4686354390697412,1.142518769919737,-0.4325710959001453,1
-1.5770433152957206,0.9658956466438964,-0.4325710959001453,1
-1.2273795611937608,0.8459712874532468,-0.4325710959001453,1
-0.3235118689788113,-0.5681218302071726,-0.4325710959001453,0
-0.2831336716225083,-0.5681218302071726,-0.4325710959001453,0
0.4883822254343152,1.0793028809228633,1.3345972959078458,0
-0.765149220882594,-0.2290046717040085,0.8704513394670519,1
-0.6731756230807712,1.1119311452380842,-0.4325710959001453,1
0.6815857938418957,1.9530881688764088,-0.4325710959001453,1
-1.2273795611937608,1.0958889656614867,0.0315748605406486,1
-0.765149220882594,0.7567718071583226,-0.4325710959001453,1
-1.5770433152957206,0.7567718071583226,-0.4325710959001453,1
0.2018580406300959,-0.5681218302071726,-0.4325710959001453,0
-0.1783882988878814,1.0958889656614867,1.928754210408993,0
1.488872932363737,-0.5681218302071726,1.038736775739882,0
-1.5770433152957206,0.6050307903411093,-0.4325710959001453,1
-0.765149220882594,-0.5681218302071726,-0.4325710959001453,0
-1.5770433152957206,0.3839003938708738,-0.4325710959001453,1
-0.3235118689788113,-0.5681218302071726,-0.4325710959001453,0
-1.2273795611937608,0.2192838275796948,-0.4325710959001453,1
-1.5770433152957206,0.6476004663777833,-0.4325710959001453,1
-0.877715807091801,-0.5681218302071726,-0.4325710959001453,0
-0.6731756230807712,-0.5681218302071726,-0.4325710959001453,0
0.3319220397399356,2.059423312480139,3.2883980543906137,0
-1.5770433152957206,-0.0306338506285448,-0.4325710959001453,1
-1.5770433152957206,-0.5681218302071726,-0.4325710959001453,1
-0.5954130541524439,-0.5681218302071726,-0.4325710959001453,1
-0.415485466780634,1.3554949335835398,0.0315748605406486,1
-0.1783882988878814,0.3084833078746191,0.6451424404881,0
0.4258028540442518,0.9441479488442734,1.3807963763081137,0
0.5661447943626426,2.4086747430824693,0.6451424404881,1
-0.1189716849677815,-0.5681218302071726,-0.4325710959001453,1
0.1867984696490057,-0.5681218302071726,-0.4325710959001453,0
-0.2457493000504842,-0.5681218302071726,-0.4325710959001453,1
1.6507801376972784,-0.5681218302071726,-0.4325710959001453,0
-0.877715807091801,0.7567718071583226,-0.4325710959001453,1
-0.2831336716225083,-0.5681218302071726,-0.4325710959001453,0
0.6271603261475461,2.159870245429229,1.5734343533696875,0
-0.5954130541524439,0.686760772221084,-0.4325710959001453,1
-1.5770433152957206,0.3084833078746191,-0.4325710959001453,1
-0.5280520529898413,-0.5681218302071726,-0.4325710959001453,0
-1.5770433152957206,0.1101124867991555,-0.4325710959001453,1
-0.4686354390697412,0.5068541289500829,-0.4325710959001453,0
-1.022839377182731,-0.0306338506285448,-0.4325710959001453,0
-1.5770433152957206,-0.5681218302071726,-0.4325710959001453,1
-1.5770433152957206,0.6050307903411093,-0.4325710959001453,0
-1.2273795611937608,-0.5681218302071726,-0.4325710959001453,0
-0.4686354390697412,-0.5681218302071726,-0.4325710959001453,0
-0.765149220882594,-0.5681218302071726,-0.4325710959001453,0
-0.5954130541524439,0.5068541289500829,-0.4325710959001453,1
-1.2273795611937608,-0.0306338506285448,-0.4325710959001453,1
-1.5770433152957206,1.0066894853665624,-0.4325710959001453,1
1.709356687869502,2.9764125192373134,-0.4325710959001453,1
0.1552595651522323,-0.5681218302071726,-0.4325710959001453,0
-1.2273795611937608,0.8459712874532468,-0.4325710959001453,1
0.2838420414232854,2.568813084579537,1.7491189927687478,0
0.1712754552140784,-0.5681218302071726,-0.4325710959001453,0
0.2838420414232854,0.4492296453023196,-0.4325710959001453,1
-0.2831336716225083,-0.5681218302071726,0.0315748605406486,0
-0.4686354390697412,1.1850884459564108,-0.4325710959001453,1
0.0855684990432483,-0.5681218302071726,-0.4325710959001453,0
2.495965125951806,2.84955203467817,4.173990496081511,0
-1.2273795611937608,0.5068541289500829,-0.4325710959001453,1
1.0777637152132795,2.4554058503005702,2.7843026144829026,0
-1.5770433152957206,0.1101124867991555,-0.4325710959001453,1
0.8209440650204803,2.521620609019643,-0.4325710959001453,0
-0.6731756230807712,0.3084833078746191,-0.4325710959001453,1
-1.5770433152957206,2.0639533693161307,-0.4325710959001453,1
-1.2273795611937608,-0.5681218302071726,-0.4325710959001453,0
-1.2273795611937608,0.1101124867991555,-0.4325710959001453,0
0.365195075074776,2.081665444523818,0.6451424404881,1
-1.2273795611937608,0.1101124867991555,-0.4325710959001453,0
0.5287604227906182,-0.5681218302071726,-0.4325710959001453,0
-0.877715807091801,-0.5681218302071726,-0.4325710959001453,0
-1.022839377182731,-0.5681218302071726,0.6451424404881,1
-1.022839377182731,0.6050307903411093,-0.4325710959001453,1
-1.5770433152957206,2.224039878771318,-0.4325710959001453,1
0.5287604227906182,-0.5681218302071726,-0.4325710959001453,0
-0.4686354390697412,-0.5681218302071726,-0.4325710959001453,0
-0.5954130541524439,-0.5681218302071726,-0.4325710959001453,1
0.1039144540514755,-0.5681218302071726,-0.4325710959001453,0
-1.5770433152957206,0.3084833078746191,-0.4325710959001453,1
-1.022839377182731,1.062134710877202,-0.4325710959001453,1
1.010775972050704,-0.5681218302071726,-0.4325710959001453,0
-1.022839377182731,0.8975181445860231,1.173110101473787,0
-1.022839377182731,-0.5681218302071726,-0.4325710959001453,1
-1.2273795611937608,0.5068541289500829,-0.4325710959001453,1
-0.3674054684639838,-0.5681218302071726,-0.4325710959001453,0
0.4258028540442518,1.8667085387097304,2.440410944181936,0
-1.022839377182731,0.6050307903411093,-0.4325710959001453,1
-1.022839377182731,-0.5681218302071726,-0.4325710959001453,0
-1.5770433152957206,0.4492296453023196,-0.4325710959001453,1
0.967153659565359,1.4430929635357743,-0.4325710959001453,0
-1.022839377182731,-0.5681218302071726,-0.4325710959001453,1
-1.5770433152957206,0.2192838275796948,-0.4325710959001453,1
-1.5770433152957206,0.5584009860828592,-0.4325710959001453,1
-1.5770433152957206,2.5090752384972026,-0.4325710959001453,1
-1.5770433152957206,1.3359226179489203,-0.4325710959001453,1
-1.5770433152957206,0.8459712874532468,-0.4325710959001453,1
-0.6731756230807712,-0.5681218302071726,-0.4325710959001453,0
-0.765149220882594,-0.5681218302071726,-0.4325710959001453,0
0.2018580406300959,-0.5681218302071726,-0.4325710959001453,0
-1.5770433152957206,0.8724232776792274,-0.4325710959001453,1
-1.5770433152957206,2.4357715149355195,-0.4325710959001453,1
-0.765149220882594,-0.5681218302071726,0.6451424404881,0
-1.022839377182731,0.2192838275796948,-0.4325710959001453,1
-1.5770433152957206,0.1101124867991555,-0.4325710959001453,1
-0.4686354390697412,1.8353584295144048,1.173110101473787,1
-1.5770433152957206,0.3084833078746191,-0.4325710959001453,1
-1.5770433152957206,-0.5681218302071726,-0.4325710959001453,1
-0.1478057134718639,-0.5681218302071726,-0.4325710959001453,0
2.759188013923258,-0.5681218302071726,-0.4325710959001453,0
-1.022839377182731,0.3084833078746191,-0.4325710959001453,1
-0.877715807091801,1.315534557827101,-0.4325710959001453,1
0.1216165568165608,2.6752453683362747,1.9853756190234169,1
-1.5770433152957206,-0.5681218302071726,-0.4325710959001453,0
-1.5770433152957206,0.8180069540049123,-0.4325710959001453,1
-0.3674054684639838,-0.5681218302071726,-0.4325710959001453,0
-1.022839377182731,-0.5681218302071726,-0.4325710959001453,0
-0.2457493000504842,-0.5681218302071726,-0.4325710959001453,0
-1.2273795611937608,-0.2290046717040085,0.3030828399198684,0
-1.022839377182731,-0.5681218302071726,0.6451424404881,0
-1.5770433152957206,0.6050307903411093,-0.4325710959001453,1
0.5287604227906182,-0.5681218302071726,-0.4325710959001453,0
1.9911253400029871,-0.5681218302071726,-0.4325710959001453,0
-0.765149220882594,0.1101124867991555,0.0315748605406486,0
-0.415485466780634,3.0480736936283765,-0.4325710959001453,1
0.3862172069908325,1.3359226179489203,0.8704513394670519,0
-0.765149220882594,0.6050307903411093,-0.4325710959001453,1
-0.877715807091801,-0.5681218302071726,-0.4325710959001453,1
-1.2273795611937608,0.8459712874532468,-0.4325710959001453,1
-1.5770433152957206,0.3839003938708738,-0.4325710959001453,1
-1.5770433152957206,1.53095388583332,-0.4325710959001453,1
-0.3235118689788113,1.727085606236835,0.9598667734222364,1
-0.877715807091801,-0.5681218302071726,-0.4325710959001453,1
-1.2273795611937608,0.5068541289500829,-0.4325710959001453,1
-0.6731756230807712,-0.5681218302071726,-0.4325710959001453,0
1.793800919566193,-0.5681218302071726,-0.4325710959001453,0
-0.877715807091801,-0.5681218302071726,-0.4325710959001453,1
-0.5954130541524439,1.3359226179489203,-0.4325710959001453,1
-0.765149220882594,-0.5681218302071726,-0.4325710959001453,1
2.695345375602761,-0.5681218302071726,-0.4325710959001453,0
-1.5770433152957206,-0.5681218302071726,-0.4325710959001453,1
-0.6731756230807712,-0.5681218302071726,-0.4325710959001453,0
-1.2273795611937608,-0.5681218302071726,-0.4325710959001453,1
-0.2109452827696042,2.3444586722060237,-0.4325710959001453,1
-0.6731756230807712,0.1101124867991555,-0.4325710959001453,1
1.010775972050704,-0.5681218302071726,-0.4325710959001453,0
-0.5280520529898413,-0.5681218302071726,-0.4325710959001453,1
-0.4686354390697412,0.6476004663777833,-0.4325710959001453,1
-1.022839377182731,0.8180069540049123,0.0315748605406486,1
0.2710702664904812,-0.5681218302071726,-0.4325710959001453,0
0.2710702664904812,1.488993099287626,-0.4325710959001453,0
-1.5770433152957206,1.4012518693803664,-0.4325710959001453,1
-0.6731756230807712,-0.5681218302071726,-0.4325710959001453,0
-1.5770433152957206,-0.5681218302071726,-0.4325710959001453,0
-0.4686354390697412,0.5068541289500829,-0.4325710959001453,1
-1.2273795611937608,0.7883468038054837,-0.4325710959001453,1
0.0467448735305326,-0.5681218302071726,-0.4325710959001453,0
-1.2273795611937608,-0.5681218302071726,-0.4325710959001453,0
1.1506486290840157,-0.5681218302071726,-0.4325710959001453,0
0.4535782081534356,-0.5681218302071726,-0.4325710959001453,1
-1.5770433152957206,-0.5681218302071726,-0.4325710959001453,1
-0.3235118689788113,-0.5681218302071726,-0.4325710959001453,0
-1.2273795611937608,0.2192838275796948,-0.4325710959001453,1
-0.3674054684639838,-0.5681218302071726,-0.4325710959001453,0
-1.022839377182731,0.686760772221084,-0.4325710959001453,1
-1.5770433152957206,0.3839003938708738,-0.4325710959001453,1
-0.765149220882594,-0.5681218302071726,-0.4325710959001453,0
-1.5770433152957206,0.5068541289500829,-0.4325710959001453,1
-0.3235118689788113,1.0066894853665624,-0.4325710959001453,1
0.9472382510637696,2.3643796996464626,2.6709410865311827,1
0.5209392093160381,-0.5681218302071726,-0.4325710959001453,0
1.4221726492576328,1.1119311452380842,1.8222411394545417,0
1.6196201587627097,2.3643796996464626,-0.4325710959001453,0
1.7115937565645325,-0.5681218302071726,-0.4325710959001453,0
-1.5770433152957206,1.6700218592038678,-0.4325710959001453,1
-0.0177417143620239,1.3359226179489203,-0.4325710959001453,1
0.9894361912581976,-0.5681218302071726,0.3030828399198684,0
-1.5770433152957206,0.4492296453023196,-0.4325710959001453,1
-1.5770433152957206,0.3839003938708738,-0.4325710959001453,1
-0.5954130541524439,-0.5681218302071726,-0.4325710959001453,0
3.116809270170138,-0.5681218302071726,-0.4325710959001453,0
-0.1189716849677815,-0.5681218302071726,-0.4325710959001453,0
0.1712754552140784,1.53095388583332,-0.4325710959001453,0
0.5364622237509654,-0.5681218302071726,-0.4325710959001453,0
-0.415485466780634,-0.5681218302071726,-0.4325710959001453,0
-0.5954130541524439,-0.5681218302071726,-0.4325710959001453,1
-1.5770433152957206,0.7883468038054837,-0.4325710959001453,1
-1.5770433152957206,0.6050307903411093,-0.4325710959001453,1
-1.022839377182731,0.7883468038054837,-0.4325710959001453,1
-1.5770433152957206,1.062134710877202,-0.4325710959001453,1
0.4625069043209565,-0.5681218302071726,-0.4325710959001453,0
-1.5770433152957206,0.6476004663777833,-0.4325710959001453,1
-1.5770433152957206,0.1101124867991555,-0.4325710959001453,1
-0.2457493000504842,-0.5681218302071726,-0.4325710959001453,0
0.365195075074776,1.5506575946855556,0.7672287963606622,0
-1.5770433152957206,0.6476004663777833,-0.4325710959001453,1
1.2300244330425405,2.575990366982901,2.690165978340672,1
-1.5770433152957206,0.2192838275796948,-0.4325710959001453,1
-1.2273795611937608,-0.2290046717040085,-0.4325710959001453,1
0.2962984314355189,-0.5681218302071726,-0.4325710959001453,0
0.7094635032652221,1.7225764255350386,0.3030828399198684,0
-1.5770433152957206,-0.5681218302071726,-0.4325710959001453,0
-0.3674054684639838,-0.5681218302071726,-0.4325710959001453,0
0.5588862782849688,-0.5681218302071726,-0.4325710959001453,1
-0.5954130541524439,-0.5681218302071726,-0.4325710959001453,0
1.12274521282123,1.7781834108893912,2.857046123290581,0
-0.5954130541524439,-0.5681218302071726,-0.4325710959001453,1
0.4352322531452082,1.2487159821318428,1.8668990889798236,0
-0.5954130541524439,0.3839003938708738,-0.4325710959001453,1
2.704054906060438,-0.5681218302071726,-0.4325710959001453,0
-1.5770433152957206,0.4492296453023196,-0.4325710959001453,1
-0.1189716849677815,-0.5681218302071726,-0.4325710959001453,0
-0.877715807091801,0.2192838275796948,-0.4325710959001453,0
-1.2273795611937608,0.5068541289500829,-0.4325710959001453,1
-1.022839377182731,0.9658956466438964,-0.4325710959001453,0
0.4352322531452082,-0.5681218302071726,-0.4325710959001453,0
-0.2109452827696042,-0.5681218302071726,-0.4325710959001453,0
-0.765149220882594,-0.5681218302071726,0.0315748605406486,0
-1.5770433152957206,0.1101124867991555,-0.4325710959001453,1
-1.5770433152957206,1.3458066438697265,-0.4325710959001453,1
-1.022839377182731,-0.5681218302071726,-0.4325710959001453,1
-0.1478057134718639,-0.5681218302071726,0.3030828399198684,0
1.716775323981537,2.637644445759914,3.8362798427166567,0
2.063114186166987,-0.5681218302071726,-0.4325710959001453,0
1.494625083216812,2.713758955456386,2.4673791955998796,0
0.3432586553433853,1.6387829962991305,2.226020021899878,1
-0.6731756230807712,-0.5681218302071726,-0.4325710959001453,0
-0.877715807091801,0.686760772221084,-0.4325710959001453,1
-0.1189716849677815,1.392436448127977,-0.4325710959001453,1
-0.5954130541524439,1.1713060516577414,-0.4325710959001453,1
1.7398073715553857,2.299224710956967,-0.4325710959001453,0
0.6581183921644651,2.2224117819515183,0.4957208169814426,1
-1.5770433152957206,1.2366353030891872,-0.4325710959001453,1
-0.877715807091801,-0.5681218302071726,-0.4325710959001453,0
0.2579667203099265,-0.5681218302071726,2.587995471695151,0
-0.5280520529898413,-0.5681218302071726,0.0315748605406486,0
-1.2273795611937608,0.9213883734495016,-0.4325710959001453,1
-1.5770433152957206,1.1119311452380842,-0.4325710959001453,1
1.985104454977948,-0.5681218302071726,-0.4325710959001453,0
0.6520769048170684,-0.5681218302071726,-0.4325710959001453,0
-1.5770433152957206,0.1101124867991555,-0.4325710959001453,1
0.9956259396394386,-0.5681218302071726,-0.4325710959001453,1
-0.6731756230807712,0.4492296453023196,-0.4325710959001453,1
-1.5770433152957206,0.3084833078746191,-0.4325710959001453,1
-0.5954130541524439,-0.5681218302071726,0.0315748605406486,1
-0.5954130541524439,-0.5681218302071726,-0.4325710959001453,0
-1.5770433152957206,0.3084833078746191,-0.4325710959001453,1
-0.3674054684639838,-0.5681218302071726,-0.4325710959001453,0
-1.5770433152957206,0.2192838275796948,-0.4325710959001453,1
-1.5770433152957206,1.142518769919737,-0.4325710959001453,0
-0.1478057134718639,0.9213883734495016,-0.4325710959001453,0
0.7410024077619953,2.0215886116668935,2.0702512317278594,0
-1.5770433152957206,0.2192838275796948,-0.4325710959001453,1
0.3862172069908325,1.8767275095059897,1.284973036327954,0
1.1251303622481712,-0.5681218302071726,-0.4325710959001453,0
0.5733003492880002,-0.5681218302071726,-0.4325710959001453,0
-1.5770433152957206,-0.0306338506285448,-0.4325710959001453,1
-0.765149220882594,2.161719936263319,-0.4325710959001453,1
-0.765149220882594,1.2487159821318428,-0.4325710959001453,1
0.4712803109185204,0.8975181445860231,-0.4325710959001453,0
-1.5770433152957206,1.3359226179489203,-0.4325710959001453,1
0.9894361912581976,-0.5681218302071726,-0.4325710959001453,0
-1.5770433152957206,1.2605055319526657,-0.4325710959001453,1
-0.6731756230807712,1.2487159821318428,-0.4325710959001453,1
0.4352322531452082,-0.5681218302071726,0.0315748605406486,0
-1.2273795611937608,0.9213883734495016,-0.4325710959001453,1
-1.5770433152957206,0.7230175523740379,-0.4325710959001453,1
0.5515217947320558,-0.5681218302071726,-0.4325710959001453,0
1.3375405680318233,2.586175129263302,2.657810840946764,0
-1.2273795611937608,0.6476004663777833,-0.4325710959001453,1
0.3432586553433853,2.4848872164151103,-0.4325710959001453,1
-0.5280520529898413,1.3743142784764515,-0.4325710959001453,1
1.082964360903608,1.9752045962321263,1.173110101473787,0
-1.5770433152957206,2.299224710956967,4.123199371768222,1
-1.022839377182731,-0.2290046717040085,-0.4325710959001453,0
-1.5770433152957206,0.6050307903411093,-0.4325710959001453,1
0.2962984314355189,-0.5681218302071726,-0.4325710959001453,0
0.2306920691341782,-0.5681218302071726,-0.4325710959001453,0
0.6640883809412628,1.53095388583332,0.4957208169814426,0
-1.5770433152957206,0.8459712874532468,-0.4325710959001453,1
0.7094635032652221,0.2192838275796948,-0.4325710959001453,0
-0.765149220882594,1.2115404361823916,-0.4325710959001453,1
-1.022839377182731,-0.0306338506285448,-0.4325710959001453,0
-1.2273795611937608,1.0066894853665624,-0.4325710959001453,1
-0.3674054684639838,-0.5681218302071726,-0.4325710959001453,0
-0.5954130541524439,-0.5681218302071726,-0.4325710959001453,1
-1.5770433152957206,0.8459712874532468,-0.4325710959001453,0
-1.5770433152957206,1.392436448127977,-0.4325710959001453,1
-0.765149220882594,-0.5681218302071726,-0.4325710959001453,1
-0.4686354390697412,-0.5681218302071726,-0.4325710959001453,0
-0.415485466780634,-0.5681218302071726,-0.4325710959001453,0
-1.022839377182731,0.2192838275796948,-0.4325710959001453,1
-1.5770433152957206,0.2192838275796948,-0.4325710959001453,1
-1.5770433152957206,1.80186106244558,-0.4325710959001453,1
-1.5770433152957206,2.241600227309204,-0.4325710959001453,0
-0.765149220882594,-0.5681218302071726,-0.4325710959001453,1
-1.5770433152957206,3.380662459330777,-0.4325710959001453,1
0.4535782081534356,-0.5681218302071726,-0.4325710959001453,0
0.7040098483758988,-0.5681218302071726,0.0315748605406486,0
-1.2273795611937608,0.3084833078746191,-0.4325710959001453,0
-0.5280520529898413,-0.5681218302071726,-0.4325710959001453,0
0.3432586553433853,-0.5681218302071726,-0.4325710959001453,0
-1.022839377182731,-0.5681218302071726,-0.4325710959001453,0
0.9472382510637696,-0.5681218302071726,-0.4325710959001453,0
-1.2273795611937608,0.5584009860828592,-0.4325710959001453,1
0.7307069858491658,1.3050128051470606,1.5734343533696875,0
-0.765149220882594,0.3839003938708738,-0.4325710959001453,1
0.7358809610927927,-0.5681218302071726,-0.4325710959001453,0
-0.5280520529898413,-0.5681218302071726,-0.4325710959001453,0
1.5426010802622925,-0.5681218302071726,-0.4325710959001453,0
1.010775972050704,2.255513277942701,0.4957208169814426,0
-1.2273795611937608,0.9441479488442734,-0.4325710959001453,1
-0.765149220882594,-0.5681218302071726,-0.4325710959001453,0
0.8463843208511401,-0.5681218302071726,-0.4325710959001453,0
-0.5954130541524439,1.727085606236835,-0.4325710959001453,1
-1.2273795611937608,0.5068541289500829,-0.4325710959001453,1
-1.5770433152957206,1.2366353030891872,2.857046123290581,0
-0.765149220882594,0.5584009860828592,-0.4325710959001453,1
-1.2273795611937608,0.7883468038054837,-0.4325710959001453,1
-0.5954130541524439,0.686760772221084,-0.4325710959001453,1
-1.5770433152957206,1.5506575946855556,-0.4325710959001453,1
-1.5770433152957206,0.7567718071583226,-0.4325710959001453,1
-1.022839377182731,1.0066894853665624,-0.4325710959001453,1
-1.022839377182731,1.4430929635357743,-0.4325710959001453,1
-0.2831336716225083,0.7567718071583226,-0.4325710959001453,0
-1.5770433152957206,-0.0306338506285448,-0.4325710959001453,1
1.4853898932285607,1.689791928536755,2.644417973113814,0
-0.877715807091801,0.6476004663777833,-0.4325710959001453,1
1.7867988641773278,-0.5681218302071726,-0.4325710959001453,0
-1.5770433152957206,-0.5681218302071726,1.284973036327954,0
-1.5770433152957206,0.2192838275796948,-0.4325710959001453,1
-1.022839377182731,0.8459712874532468,-0.4325710959001453,1
-1.5770433152957206,-0.2290046717040085,-0.4325710959001453,1
-1.022839377182731,-0.5681218302071726,-0.4325710959001453,1
-0.3674054684639838,-0.5681218302071726,-0.4325710959001453,0
-1.5770433152957206,0.2192838275796948,-0.4325710959001453,1
-1.2273795611937608,0.4492296453023196,-0.4325710959001453,1
-0.4686354390697412,1.142518769919737,0.0315748605406486,1
-1.5770433152957206,2.5063445747971187,-0.4325710959001453,1
-0.6731756230807712,1.3258347833841115,-0.4325710959001453,1
-0.3674054684639838,-0.5681218302071726,-0.4325710959001453,0
-0.2457493000504842,-0.5681218302071726,-0.4325710959001453,0
1.181364264260536,-0.5681218302071726,-0.4325710959001453,0
0.5515217947320558,0.9658956466438964,-0.4325710959001453,0
-0.6731756230807712,-0.5681218302071726,-0.4325710959001453,1
-1.5770433152957206,0.8180069540049123,-0.4325710959001453,1
0.1039144540514755,-0.5681218302071726,-0.4325710959001453,0
-1.022839377182731,1.8929829131621676,-0.4325710959001453,1
-1.5770433152957206,0.7567718071583226,-0.4325710959001453,1
-0.5954130541524439,-0.5681218302071726,-0.4325710959001453,0
-0.6731756230807712,-0.5681218302071726,-0.4325710959001453,1
0.5209392093160381,1.4588763530281292,-0.4325710959001453,0
-0.5280520529898413,-0.5681218302071726,-0.4325710959001453,0
1.632838159433607,2.819693839167379,1.8449423327489076,1
-1.5770433152957206,1.3258347833841115,-0.4325710959001453,1
0.5515217947320558,-0.5681218302071726,-0.4325710959001453,0
-0.4686354390697412,1.2115404361823916,-0.4325710959001453,1
0.2164810402606826,-0.5681218302071726,-0.4325710959001453,0
-1.5770433152957206,2.4347159748435456,-0.4325710959001453,1
-1.5770433152957206,-0.5681218302071726,-0.4325710959001453,0
-0.6731756230807712,0.8975181445860231,-0.4325710959001453,1
0.5287604227906182,-0.5681218302071726,-0.4325710959001453,0
-1.5770433152957206,-0.2290046717040085,-0.4325710959001453,1
-1.5770433152957206,0.4492296453023196,-0.4325710959001453,0
-0.3235118689788113,2.125321120213634,-0.4325710959001453,1
0.1039144540514755,0.9213883734495016,-0.4325710959001453,0
-0.877715807091801,0.1101124867991555,-0.4325710959001453,1
0.0855684990432483,-0.5681218302071726,-0.4325710959001453,0
-0.765149220882594,-0.2290046717040085,-0.4325710959001453,0
-0.6731756230807712,-0.5681218302071726,-0.4325710959001453,0
-1.022839377182731,-0.2290046717040085,0.3030828399198684,0
-1.5770433152957206,0.6050307903411093,0.7672287963606622,1
-0.4686354390697412,-0.5681218302071726,-0.4325710959001453,0
-1.5770433152957206,0.3084833078746191,-0.4325710959001453,1
-1.5770433152957206,-0.0306338506285448,-0.4325710959001453,1
-0.0412091160394543,-0.5681218302071726,-0.4325710959001453,1
-0.765149220882594,0.5068541289500829,-0.4325710959001453,1
-0.1783882988878814,-0.5681218302071726,-0.4325710959001453,0
-0.6731756230807712,0.1101124867991555,-0.4325710959001453,1
-1.5770433152957206,0.7567718071583226,-0.4325710959001453,1
-1.5770433152957206,2.2108608288888276,-0.4325710959001453,1
-1.5770433152957206,0.3839003938708738,-0.4325710959001453,1
0.4063982246411257,2.449290237633707,2.145568859297143,0
-1.2273795611937608,0.6050307903411093,-0.4325710959001453,0
-1.5770433152957206,0.3084833078746191,-0.4325710959001453,1
-1.2273795611937608,1.0793028809228633,-0.4325710959001453,1
-0.765149220882594,-0.5681218302071726,-0.4325710959001453,0
-1.5770433152957206,0.3839003938708738,-0.4325710959001453,1
-1.2273795611937608,0.1101124867991555,-0.4325710959001453,0
-0.3674054684639838,0.4492296453023196,-0.4325710959001453,1
-1.022839377182731,1.1984931924996616,-0.4325710959001453,0
-1.022839377182731,1.0066894853665624,-0.4325710959001453,1
1.508168397679094,2.740493826663276,2.899954675842787,0
-1.022839377182731,-0.5681218302071726,-0.4325710959001453,0
-1.022839377182731,0.7567718071583226,-0.4325710959001453,1
3.3037883150874414,-0.5681218302071726,-0.4325710959001453,0
-1.2273795611937608,-0.0306338506285448,-0.4325710959001453,1
-1.022839377182731,0.686760772221084,-0.4325710959001453,1
-0.877715807091801,0.6050307903411093,-0.4325710959001453,1
-1.5770433152957206,0.3839003938708738,-0.4325710959001453,1
0.9894361912581976,-0.5681218302071726,-0.4325710959001453,0
-1.5770433152957206,-0.5681218302071726,0.9598667734222364,0
0.0665300824794515,1.2242487517997116,-0.4325710959001453,0
-0.3674054684639838,1.4099112572578554,0.3030828399198684,1
-0.5280520529898413,-0.5681218302071726,-0.4325710959001453,0
0.8822897756089383,-0.5681218302071726,-0.4325710959001453,0
0.7895454241598173,1.7617367313783394,-0.4325710959001453,1
-1.5770433152957206,1.1713060516577414,-0.4325710959001453,1
-0.0177417143620239,-0.5681218302071726,-0.4325710959001453,0
-0.2831336716225083,-0.5681218302071726,-0.4325710959001453,1
-0.6731756230807712,0.3839003938708738,-0.4325710959001453,1
-0.6731756230807712,1.0443421085287103,-0.4325710959001453,1
-1.022839377182731,0.1101124867991555,1.502882732180676,0
-1.5770433152957206,1.3554949335835398,-0.4325710959001453,1
-0.877715807091801,1.2832651073474377,-0.4325710959001453,1
0.7560619787430853,-0.5681218302071726,-0.4325710959001453,0
-0.5280520529898413,1.1850884459564108,-0.4325710959001453,1
-0.5280520529898413,-0.5681218302071726,-0.4325710959001453,0
-1.2273795611937608,-0.5681218302071726,-0.4325710959001453,0
-0.6731756230807712,1.649419124816712,-0.4325710959001453,1
-1.5770433152957206,1.4267833651808035,-0.4325710959001453,1
-0.765149220882594,0.1101124867991555,-0.4325710959001453,1
-0.0658217126786743,-0.5681218302071726,-0.4325710959001453,1
-0.3674054684639838,1.3554949335835398,-0.4325710959001453,1
-1.2273795611937608,1.3050128051470606,-0.4325710959001453,1
0.5287604227906182,-0.5681218302071726,-0.4325710959001453,0
-0.2109452827696042,0.5584009860828592,-0.4325710959001453,1
0.8422323783677529,1.6546517163302652,0.0315748605406486,1
-1.022839377182731,-0.5681218302071726,-0.4325710959001453,0
-0.877715807091801,-0.5681218302071726,-0.4325710959001453,0
-0.415485466780634,0.3084833078746191,0.0315748605406486,1
0.4625069043209565,1.9724941037432784,1.7743907115598958,1
-0.1478057134718639,-0.5681218302071726,-0.4325710959001453,0
-1.022839377182731,-0.5681218302071726,-0.4325710959001453,0
-0.2457493000504842,0.7883468038054837,1.3345972959078458,0
-1.2273795611937608,1.0958889656614867,-0.4325710959001453,1
-1.5770433152957206,0.3084833078746191,-0.4325710959001453,1
-1.5770433152957206,0.3839003938708738,-0.4325710959001453,1
-0.1783882988878814,-0.5681218302071726,-0.4325710959001453,0
0.1216165568165608,1.0443421085287103,2.0032332391590852,0
0.3319220397399356,-0.5681218302071726,2.0541150034646085,0
-1.5770433152957206,0.2192838275796948,-0.4325710959001453,0
2.4599810890357334,-0.5681218302071726,-0.4325710959001453,0
-0.877715807091801,-0.2290046717040085,-0.4325710959001453,0
-1.022839377182731,0.5584009860828592,-0.4325710959001453,1
-0.765149220882594,0.686760772221084,-0.4325710959001453,1
-0.5954130541524439,0.2192838275796948,-0.4325710959001453,1
3.674276939082836,4.610185901127872,6.563467538944438,0
-1.5770433152957206,0.4492296453023196,-0.4325710959001453,1
-1.5770433152957206,-0.5681218302071726,-0.4325710959001453,1
-0.3674054684639838,-0.5681218302071726,-0.4325710959001453,0
0.5209392093160381,-0.5681218302071726,2.0206269721479675,0
-1.5770433152957206,0.3084833078746191,-0.4325710959001453,1
0.0855684990432483,-0.5681218302071726,-0.4325710959001453,0
-1.022839377182731,-0.5681218302071726,0.3030828399198684,0
-0.0177417143620239,-0.5681218302071726,-0.4325710959001453,1
0.2838420414232854,-0.5681218302071726,-0.4325710959001453,1
-0.4686354390697412,-0.5681218302071726,-0.4325710959001453,1
-0.415485466780634,0.2192838275796948,-0.4325710959001453,0
-1.022839377182731,0.5068541289500829,-0.4325710959001453,1
-1.5770433152957206,1.8425007847256885,-0.4325710959001453,1
0.6335057955252451,1.74036902788353,2.392900166849787,1
-0.2109452827696042,-0.5681218302071726,-0.4325710959001453,0
-1.2273795611937608,0.9213883734495016,-0.4325710959001453,1
2.3244973177009656,-0.5681218302071726,1.3345972959078458,0
-0.877715807091801,0.7567718071583226,-0.4325710959001453,1
-1.2273795611937608,0.7230175523740379,1.2313747528014565,0
1.723360078063786,-0.5681218302071726,-0.4325710959001453,0
-1.5770433152957206,0.6050307903411093,-0.4325710959001453,1
1.514806100867105,2.8844815934291543,3.8212833952726,0
0.5661447943626426,-0.5681218302071726,-0.4325710959001453,0
0.4883822254343152,1.6387829962991305,1.8881586863038244,1
0.0665300824794515,-0.5681218302071726,-0.4325710959001453,0
-0.3235118689788113,1.1984931924996616,-0.4325710959001453,1
0.4625069043209565,-0.5681218302071726,-0.4325710959001453,0
-1.5770433152957206,-0.5681218302071726,-0.4325710959001453,1
1.6640343165822968,-0.5681218302071726,-0.4325710959001453,0
0.5440482037570622,0.7567718071583226,1.7228559768763452,0
0.2445137053491873,-0.5681218302071726,-0.4325710959001453,0
-0.765149220882594,-0.5681218302071726,-0.4325710959001453,0
-0.0916970337920332,-0.5681218302071726,-0.4325710959001453,0
-1.022839377182731,0.686760772221084,-0.4325710959001453,1
-1.2273795611937608,0.7567718071583226,-0.4325710959001453,1
-0.877715807091801,-0.5681218302071726,-0.4325710959001453,0
-1.5770433152957206,0.4492296453023196,-0.4325710959001453,1
0.320324789584565,1.2115404361823916,0.6451424404881,0
0.1216165568165608,-0.5681218302071726,-0.4325710959001453,0
0.2164810402606826,-0.5681218302071726,-0.4325710959001453,0
-0.877715807091801,-0.5681218302071726,-0.4325710959001453,0
-1.2273795611937608,-0.5681218302071726,-0.4325710959001453,0
-1.5770433152957206,1.1119311452380842,-0.4325710959001453,1
-0.877715807091801,-0.2290046717040085,-0.4325710959001453,1
-0.3674054684639838,0.686760772221084,0.0315748605406486,1
-0.877715807091801,-0.5681218302071726,-0.4325710959001453,0
0.3319220397399356,-0.5681218302071726,-0.4325710959001453,0
3.7969571064606447,5.061291944838401,5.63441750937792,0
-0.2457493000504842,-0.5681218302071726,-0.4325710959001453,0
-1.5770433152957206,0.1101124867991555,-0.4325710959001453,0
1.2672707292985188,2.1390482671921784,1.2313747528014565,0
-1.5770433152957206,-0.5681218302071726,-0.4325710959001453,1
0.5515217947320558,-0.5681218302071726,-0.4325710959001453,0
-0.1783882988878814,-0.5681218302071726,-0.4325710959001453,0
-1.5770433152957206,-0.2290046717040085,-0.4325710959001453,1
-0.5280520529898413,0.6050307903411093,0.0315748605406486,0
0.4258028540442518,0.8180069540049123,0.0315748605406486,0
-1.2273795611937608,-0.2290046717040085,-0.4325710959001453,1
0.4063982246411257,-0.5681218302071726,-0.4325710959001453,0
1.4818826380996513,-0.5681218302071726,-0.4325710959001453,0
1.115521344785331,1.60541261179178,0.4957208169814426,0
-0.1189716849677815,0.3839003938708738,-0.4325710959001453,0
0.4799037373859414,2.3088856694429944,-0.4325710959001453,1
-1.5770433152957206,0.9213883734495016,-0.4325710959001453,0
-1.022839377182731,0.6476004663777833,-0.4325710959001453,1
-1.5770433152957206,-0.5681218302071726,-0.4325710959001453,0
1.036949700841514,1.820753086926065,2.484772928588762,0
-0.5954130541524439,-0.5681218302071726,-0.4325710959001453,0
-1.5770433152957206,0.6476004663777833,-0.4325710959001453,1
0.0261518851231485,1.1119311452380842,0.6451424404881,1
-1.5770433152957206,0.3839003938708738,-0.4325710959001453,1
-0.5280520529898413,0.1101124867991555,-0.4325710959001453,0
-0.4686354390697412,-0.5681218302071726,-0.4325710959001453,0
0.1867984696490057,-0.5681218302071726,-0.4325710959001453,0
-1.2273795611937608,-0.5681218302071726,-0.4325710959001453,0
-1.5770433152957206,2.590805220377177,-0.4325710959001453,1
-0.5954130541524439,1.0793028809228633,-0.4325710959001453,1
0.5440482037570622,-0.5681218302071726,-0.4325710959001453,0
-1.2273795611937608,-0.0306338506285448,-0.4325710959001453,1
-0.877715807091801,-0.5681218302071726,-0.4325710959001453,0
1.2779286925787956,-0.5681218302071726,-0.4325710959001453,0
0.1552595651522323,-0.5681218302071726,-0.4325710959001453,0
-0.877715807091801,-0.5681218302071726,-0.4325710959001453,1
-1.5770433152957206,-0.5681218302071726,-0.4325710959001453,0
-0.877715807091801,0.1101124867991555,-0.4325710959001453,1
2.42900806835598,2.9379210743645756,2.5953138075947138,0
0.5129948220735353,1.3649950892274123,-0.4325710959001453,1
-1.5770433152957206,1.142518769919737,-0.4325710959001453,1
3.195920851128598,4.206868527448781,4.4422758171352035,0
1.2545449836703706,2.8895124104346093,2.0206269721479675,0
-0.877715807091801,1.2487159821318428,0.0315748605406486,1
0.976824080249506,2.3444586722060237,2.08600774857203,0
-0.3674054684639838,-0.5681218302071726,-0.4325710959001453,0
-0.0658217126786743,-0.5681218302071726,-0.4325710959001453,0
-1.5770433152957206,0.9213883734495016,-0.4325710959001453,1
-0.877715807091801,-0.5681218302071726,2.657810840946764,0
-0.2831336716225083,-0.0306338506285448,-0.4325710959001453,0
-1.5770433152957206,2.637644445759914,-0.4325710959001453,1
0.1387184713323555,-0.5681218302071726,-0.4325710959001453,0
-1.2273795611937608,0.2192838275796948,0.0315748605406486,0
-0.415485466780634,-0.5681218302071726,-0.4325710959001453,0
-1.5770433152957206,1.2487159821318428,-0.4325710959001453,1
-1.5770433152957206,0.2192838275796948,-0.4325710959001453,1
-1.5770433152957206,0.2192838275796948,-0.4325710959001453,1
-0.1478057134718639,-0.5681218302071726,1.4240127298630303,0
-0.6731756230807712,-0.5681218302071726,-0.4325710959001453,1
-0.3674054684639838,-0.5681218302071726,-0.4325710959001453,0
0.8586389679436596,1.9387398489589935,1.4646082539681988,1
0.2579667203099265,1.4430929635357743,-0.4325710959001453,1
-0.0916970337920332,-0.5681218302071726,-0.4325710959001453,0
0.5287604227906182,-0.5681218302071726,-0.4325710959001453,0
0.6459621855374788,1.9937688748334292,-0.4325710959001453,1
-0.415485466780634,0.9213883734495016,-0.4325710959001453,1
-0.877715807091801,-0.5681218302071726,-0.4325710959001453,0
-0.0412091160394543,-0.5681218302071726,-0.4325710959001453,0
-1.2273795611937608,1.1119311452380842,-0.4325710959001453,1
-1.022839377182731,0.1101124867991555,-0.4325710959001453,1
-1.2273795611937608,0.5068541289500829,-0.4325710959001453,1
-0.415485466780634,-0.5681218302071726,-0.4325710959001453,0
-0.3674054684639838,-0.5681218302071726,-0.4325710959001453,0
-1.5770433152957206,2.2879448420269664,-0.4325710959001453,1
-1.5770433152957206,0.2192838275796948,-0.4325710959001453,1
0.8745287276975545,-0.0306338506285448,-0.4325710959001453,0
-0.877715807091801,-0.5681218302071726,-0.4325710959001453,0
-0.1783882988878814,-0.5681218302071726,-0.4325710959001453,1
-1.2273795611937608,0.8459712874532468,-0.4325710959001453,1
-0.3674054684639838,-0.5681218302071726,-0.4325710959001453,0
-0.5280520529898413,-0.5681218302071726,-0.4325710959001453,0
-1.022839377182731,1.0443421085287103,-0.4325710959001453,1
-1.5770433152957206,1.4430929635357743,-0.4325710959001453,1
-0.1783882988878814,1.3359226179489203,-0.4325710959001453,1
-1.022839377182731,-0.5681218302071726,-0.4325710959001453,0
-0.2457493000504842,1.7781834108893912,-0.4325710959001453,1
-1.5770433152957206,0.8459712874532468,-0.4325710959001453,1
-0.765149220882594,-0.5681218302071726,-0.4325710959001453,0
-0.6731756230807712,1.5506575946855556,-0.4325710959001453,1
-1.5770433152957206,-0.5681218302071726,0.8704513394670519,1
-0.877715807091801,-0.5681218302071726,-0.4325710959001453,0
-0.5954130541524439,-0.5681218302071726,-0.4325710959001453,1
-0.765149220882594,-0.5681218302071726,-0.4325710959001453,0
2.6731666298039207,-0.5681218302071726,3.010395154358319,0
-1.5770433152957206,0.3839003938708738,-0.4325710959001453,1
0.4063982246411257,0.686760772221084,-0.4325710959001453,0
1.2163101626178738,-0.5681218302071726,-0.4325710959001453,0
0.7706849783736722,2.11527471704512,1.6372560579145814,0
-0.5954130541524439,-0.5681218302071726,-0.4325710959001453,0
1.9156376708217937,1.8767275095059897,3.5344354077829254,0
-1.5770433152957206,-0.5681218302071726,-0.4325710959001453,1
1.1618344125248763,2.3532740934584124,2.8370559501753885,0
0.1216165568165608,-0.5681218302071726,-0.4325710959001453,0
-1.5770433152957206,0.6476004663777833,-0.4325710959001453,1
-0.1783882988878814,-0.5681218302071726,-0.4325710959001453,0
0.0665300824794515,-0.5681218302071726,-0.4325710959001453,0
-0.5954130541524439,-0.5681218302071726,-0.4325710959001453,0
-1.5770433152957206,1.392436448127977,-0.4325710959001453,1
-0.5280520529898413,-0.5681218302071726,-0.4325710959001453,0
-0.3674054684639838,0.6050307903411093,-0.4325710959001453,0
-1.5770433152957206,0.3839003938708738,-0.4325710959001453,1
-0.1478057134718639,-0.5681218302071726,-0.4325710959001453,0
-0.877715807091801,0.3839003938708738,-0.4325710959001453,1
-0.3674054684639838,-0.5681218302071726,-0.4325710959001453,0
-0.5954130541524439,2.37880558925885,-0.4325710959001453,1
0.4799037373859414,-0.5681218302071726,-0.4325710959001453,0
-1.5770433152957206,0.8724232776792274,-0.4325710959001453,1
-1.022839377182731,-0.0306338506285448,-0.4325710959001453,1
-0.2457493000504842,-0.5681218302071726,0.7672287963606622,0
-0.765149220882594,-0.5681218302071726,-0.4325710959001453,0
-0.3235118689788113,1.3458066438697265,0.8704513394670519,1
-0.3235118689788113,-0.5681218302071726,-0.4325710959001453,1
-0.765149220882594,-0.5681218302071726,-0.4325710959001453,1
-1.2273795611937608,0.7230175523740379,-0.4325710959001453,1
-1.2273795611937608,1.0258779307242485,-0.4325710959001453,1
-1.2273795611937608,0.1101124867991555,-0.4325710959001453,1
-1.5770433152957206,-0.5681218302071726,-0.4325710959001453,0
-1.2273795611937608,-0.5681218302071726,-0.4325710959001453,0
0.1039144540514755,1.392436448127977,1.4240127298630303,1
0.0261518851231485,1.6546517163302652,-0.4325710959001453,1
-1.5770433152957206,-0.0306338506285448,-0.4325710959001453,0
-1.2273795611937608,1.2487159821318428,-0.4325710959001453,1
0.2962984314355189,-0.5681218302071726,-0.4325710959001453,0
-1.022839377182731,-0.5681218302071726,-0.4325710959001453,1
-1.5770433152957206,1.983247122153389,-0.4325710959001453,0
-0.6731756230807712,0.8724232776792274,-0.4325710959001453,1
-0.2457493000504842,-0.5681218302071726,-0.4325710959001453,0
0.7510919073680482,2.562343666109828,-0.4325710959001453,0
-0.1783882988878814,-0.5681218302071726,-0.4325710959001453,0
3.08858509364743,4.2255669157151905,3.884680751850435,0
-1.2273795611937608,0.1101124867991555,-0.4325710959001453,1
0.7706849783736722,1.8865454170885845,2.200262189788212,0
-1.5770433152957206,1.0066894853665624,-0.4325710959001453,1
-1.5770433152957206,0.3839003938708738,-0.4325710959001453,1
0.4535782081534356,-0.5681218302071726,-0.4325710959001453,0
-1.022839377182731,-0.5681218302071726,-0.4325710959001453,0
-1.5770433152957206,0.3084833078746191,-0.4325710959001453,0
-1.022839377182731,-0.5681218302071726,-0.4325710959001453,1
-1.5770433152957206,1.8389426407306968,-0.4325710959001453,1
-0.877715807091801,-0.5681218302071726,-0.4325710959001453,0
1.3328333037291649,-0.5681218302071726,-0.4325710959001453,0
-0.2831336716225083,0.686760772221084,-0.4325710959001453,1
0.1216165568165608,1.983247122153389,1.502882732180676,1
-1.5770433152957206,0.2192838275796948,-0.4325710959001453,1
0.2445137053491873,-0.5681218302071726,-0.4325710959001453,0
0.4161938365814114,-0.5681218302071726,-0.4325710959001453,0
-0.3674054684639838,-0.5681218302071726,-0.4325710959001453,1
-0.877715807091801,-0.5681218302071726,-0.4325710959001453,0
-1.022839377182731,-0.5681218302071726,-0.4325710959001453,0
0.3432586553433853,-0.5681218302071726,-0.4325710959001453,0
-1.5770433152957206,-0.5681218302071726,-0.4325710959001453,1
-0.2457493000504842,-0.5681218302071726,-0.4325710959001453,0
-1.5770433152957206,1.9056092305151788,-0.4325710959001453,1
-0.3235118689788113,-0.5681218302071726,-0.4325710959001453,1
-0.5280520529898413,1.3359226179489203,-0.4325710959001453,1
-1.5770433152957206,0.3839003938708738,-0.4325710959001453,1
-0.6731756230807712,0.2192838275796948,-0.4325710959001453,0
-1.5770433152957206,0.3084833078746191,-0.4325710959001453,0
-0.3235118689788113,-0.5681218302071726,0.4957208169814426,0
-0.877715807091801,-0.5681218302071726,-0.4325710959001453,0
-0.877715807091801,0.3839003938708738,-0.4325710959001453,1
-0.2457493000504842,1.142518769919737,0.6451424404881,1
1.682497057831125,2.077297177621418,2.13116785115392,0
-1.2273795611937608,0.8975181445860231,-0.4325710959001453,1
1.7018273217643702,2.9249044616321247,2.847125629700833,0
1.700307868314338,2.7980554620043367,2.609714815737937,0
-0.2109452827696042,-0.5681218302071726,-0.4325710959001453,1
-1.5770433152957206,0.2192838275796948,-0.4325710959001453,1
-0.3674054684639838,-0.5681218302071726,-0.4325710959001453,0
-0.877715807091801,-0.5681218302071726,-0.4325710959001453,0
-1.5770433152957206,0.686760772221084,-0.4325710959001453,1
-0.4686354390697412,0.3839003938708738,0.7672287963606622,0
-1.5770433152957206,0.3084833078746191,-0.4325710959001453,1
-0.2831336716225083,-0.5681218302071726,-0.4325710959001453,0
1.9538724918742905,-0.5681218302071726,-0.4325710959001453,0
-1.2273795611937608,-0.0306338506285448,-0.4325710959001453,1
-1.5770433152957206,0.3084833078746191,-0.4325710959001453,1
-0.5280520529898413,-0.5681218302071726,-0.4325710959001453,0
-1.5770433152957206,0.3084833078746191,-0.4325710959001453,1
-0.6731756230807712,-0.5681218302071726,-0.4325710959001453,0
-0.1189716849677815,-0.5681218302071726,-0.4325710959001453,0
-1.2273795611937608,-0.2290046717040085,-0.4325710959001453,1
-1.5770433152957206,-0.5681218302071726,-0.4325710959001453,0
-1.2273795611937608,0.1101124867991555,-0.4325710959001453,1
0.4258028540442518,-0.5681218302071726,-0.4325710959001453,0
-1.2273795611937608,-0.5681218302071726,-0.4325710959001453,0
-0.765149220882594,-0.0306338506285448,-0.4325710959001453,1
-0.2109452827696042,-0.5681218302071726,-0.4325710959001453,0
-0.877715807091801,1.0066894853665624,0.4957208169814426,0
1.8291946016296097,-0.5681218302071726,-0.4325710959001453,0
-0.5280520529898413,-0.5681218302071726,-0.4325710959001453,0
-0.877715807091801,-0.5681218302071726,-0.4325710959001453,0
-1.5770433152957206,1.0066894853665624,-0.4325710959001453,1
-1.5770433152957206,0.2192838275796948,-0.4325710959001453,1
-1.5770433152957206,0.9658956466438964,-0.4325710959001453,0
-1.2273795611937608,0.3839003938708738,-0.4325710959001453,1
0.1039144540514755,1.1571241125080765,0.4957208169814426,0
0.0665300824794515,1.2487159821318428,-0.4325710959001453,0
-0.3674054684639838,-0.5681218302071726,-0.4325710959001453,0
-1.022839377182731,-0.5681218302071726,-0.4325710959001453,0
-1.5770433152957206,-0.5681218302071726,-0.4325710959001453,0
-1.5770433152957206,1.0066894853665624,-0.4325710959001453,1
-1.5770433152957206,0.6476004663777833,-0.4325710959001453,1
-1.5770433152957206,0.6050307903411093,-0.4325710959001453,1
0.1552595651522323,-0.5681218302071726,-0.4325710959001453,0
-0.3674054684639838,-0.5681218302071726,-0.4325710959001453,0
-0.765149220882594,0.9213883734495016,-0.4325710959001453,1
-0.1189716849677815,2.4829761099113665,0.4957208169814426,1
0.3964086276324924,-0.5681218302071726,-0.4325710959001453,0
-1.022839377182731,-0.5681218302071726,-0.4325710959001453,0
0.0855684990432483,-0.5681218302071726,0.8704513394670519,1
-0.6731756230807712,2.477197586323623,0.6451424404881,1
-0.6731756230807712,1.0066894853665624,-0.4325710959001453,1
-1.2273795611937608,0.5068541289500829,-0.4325710959001453,1
0.878424176892578,-0.5681218302071726,-0.4325710959001453,0
0.5129948220735353,-0.5681218302071726,-0.4325710959001453,0
0.0665300824794515,2.497130693381925,-0.4325710959001453,1
-1.5770433152957206,0.6476004663777833,-0.4325710959001453,1
1.2001661236504682,1.824445501757274,1.9853756190234169,0
-0.877715807091801,-0.5681218302071726,-0.4325710959001453,0
0.5049233192541921,-0.5681218302071726,-0.4325710959001453,0
-0.3674054684639838,-0.5681218302071726,-0.4325710959001453,0
-0.415485466780634,0.9213883734495016,-0.4325710959001453,1
-1.5770433152957206,0.9213883734495016,0.3030828399198684,1
-1.2273795611937608,0.4492296453023196,-0.4325710959001453,1
-0.877715807091801,-0.0306338506285448,0.6451424404881,0
0.1712754552140784,-0.5681218302071726,-0.4325710959001453,0
-1.2273795611937608,0.5068541289500829,-0.4325710959001453,1
-0.5954130541524439,-0.5681218302071726,-0.4325710959001453,0
1.115521344785331,-0.5681218302071726,-0.4325710959001453,0
-0.877715807091801,-0.5681218302071726,-0.4325710959001453,0
-0.2831336716225083,0.686760772221084,-0.4325710959001453,1
-1.5770433152957206,1.0258779307242485,-0.4325710959001453,1
-0.6731756230807712,-0.5681218302071726,-0.4325710959001453,0
-0.1783882988878814,-0.5681218302071726,-0.4325710959001453,0
0.6640883809412628,-0.5681218302071726,-0.4325710959001453,0
0.2445137053491873,2.5877233667669213,0.0315748605406486,1
-0.3235118689788113,1.0258779307242485,-0.4325710959001453,1
1.098252141870052,-0.5681218302071726,-0.4325710959001453,0
-0.877715807091801,1.1119311452380842,-0.4325710959001453,0
-1.5770433152957206,2.2207782490721533,-0.4325710959001453,1
-0.877715807091801,1.983247122153389,-0.4325710959001453,1
-1.2273795611937608,-0.5681218302071726,-0.4325710959001453,1
-0.877715807091801,-0.5681218302071726,-0.4325710959001453,0
1.0645225832786958,1.53095388583332,1.1092883969288942,0
-1.5770433152957206,1.1713060516577414,-0.4325710959001453,1
-0.3674054684639838,-0.5681218302071726,-0.4325710959001453,0
-1.022839377182731,-0.5681218302071726,-0.4325710959001453,0
-1.2273795611937608,0.8180069540049123,-0.4325710959001453,1
-0.5954130541524439,1.8865454170885845,-0.4325710959001453,1
0.6984965895207682,-0.5681218302071726,-0.4325710959001453,0
-0.877715807091801,-0.5681218302071726,-0.4325710959001453,0
2.43595884724917,3.4620043073999525,-0.4325710959001453,0
-1.5770433152957206,2.473306968262871,-0.4325710959001453,1
-1.5770433152957206,0.5584009860828592,-0.4325710959001453,1
0.2445137053491873,1.2720176546932715,1.1092883969288942,0
-0.877715807091801,0.7567718071583226,0.4957208169814426,0
-1.5770433152957206,1.4267833651808035,-0.4325710959001453,1
-1.5770433152957206,0.9213883734495016,-0.4325710959001453,1
0.9085500323869288,1.4267833651808035,1.038736775739882,0
-0.2831336716225083,0.686760772221084,-0.4325710959001453,1
-1.022839377182731,-0.2290046717040085,-0.4325710959001453,1
0.2579667203099265,-0.5681218302071726,0.0315748605406486,0
-0.6731756230807712,0.6050307903411093,-0.4325710959001453,1
-0.415485466780634,1.0066894853665624,-0.4325710959001453,1
1.3722404552340963,-0.5681218302071726,-0.4325710959001453,0
-1.5770433152957206,1.0066894853665624,-0.4325710959001453,1
-1.022839377182731,-0.5681218302071726,-0.4325710959001453,0
-1.5770433152957206,0.3084833078746191,-0.4325710959001453,0
-0.3674054684639838,-0.5681218302071726,-0.4325710959001453,0
-1.5770433152957206,1.4184200394260271,-0.4325710959001453,1
-0.6731756230807712,-0.5681218302071726,-0.4325710959001453,1
-0.4686354390697412,0.5584009860828592,-0.4325710959001453,0
-0.2109452827696042,-0.5681218302071726,-0.4325710959001453,0
-0.2457493000504842,1.062134710877202,-0.4325710959001453,1
-0.3235118689788113,-0.5681218302071726,-0.4325710959001453,1
-1.022839377182731,0.2192838275796948,-0.4325710959001453,0
-1.5770433152957206,-0.0306338506285448,-0.4325710959001453,1
-1.5770433152957206,1.53095388583332,-0.4325710959001453,1
-1.2273795611937608,0.2192838275796948,-0.4325710959001453,1
-1.5770433152957206,5.153695808542946,-0.4325710959001453,1
0.1552595651522323,0.5584009860828592,-0.4325710959001453,0
-1.5770433152957206,-0.5681218302071726,-0.4325710959001453,1
-1.022839377182731,-0.5681218302071726,-0.4325710959001453,0
-0.877715807091801,-0.0306338506285448,-0.4325710959001453,1
0.5515217947320558,1.2366353030891872,1.1092883969288942,0
0.765857590683371,-0.5681218302071726,-0.4325710959001453,0
2.0922775760891335,4.035977056049626,-0.4325710959001453,1
-0.0177417143620239,1.1119311452380842,-0.4325710959001453,0
-0.5954130541524439,1.2242487517997116,-0.4325710959001453,1
0.1039144540514755,2.4019419399074016,0.6451424404881,1
-1.5770433152957206,0.6050307903411093,-0.4325710959001453,1
-0.2831336716225083,1.0066894853665624,-0.4325710959001453,1
-0.3235118689788113,-0.5681218302071726,-0.4325710959001453,0
-0.877715807091801,-0.5681218302071726,-0.4325710959001453,1
0.6207340205924411,-0.5681218302071726,-0.4325710959001453,0
1.488872932363737,3.1517853574333303,3.0064677467972385,0
-1.022839377182731,-0.5681218302071726,-0.4325710959001453,1
-0.4686354390697412,-0.5681218302071726,-0.4325710959001453,0
-0.3674054684639838,-0.5681218302071726,-0.4325710959001453,0
-0.765149220882594,-0.5681218302071726,-0.4325710959001453,0
0.6207340205924411,0.6050307903411093,-0.4325710959001453,0
0.5873139771947735,-0.5681218302071726,-0.4325710959001453,0
-1.2273795611937608,0.5068541289500829,-0.4325710959001453,1
-1.2273795611937608,0.5068541289500829,-0.4325710959001453,1
-0.877715807091801,0.1101124867991555,-0.4325710959001453,1
-1.022839377182731,-0.0306338506285448,-0.4325710959001453,1
1.8583886418143452,-0.5681218302071726,-0.4325710959001453,0
-1.5770433152957206,0.2192838275796948,-0.4325710959001453,1
0.8861259778529252,1.488993099287626,1.7491189927687478,0
-0.5280520529898413,-0.5681218302071726,-0.4325710959001453,0
2.093325982765119,-0.5681218302071726,2.2978338886456955,0
-0.0412091160394543,-0.5681218302071726,-0.4325710959001453,1
-1.5770433152957206,0.2192838275796948,-0.4325710959001453,1
-1.2273795611937608,-0.0306338506285448,-0.4325710959001453,1
-1.5770433152957206,0.2192838275796948,-0.4325710959001453,1
0.004682340171979,-0.5681218302071726,-0.4325710959001453,0
-1.5770433152957206,1.142518769919737,-0.4325710959001453,0
-1.5770433152957206,0.7567718071583226,-0.4325710959001453,1
-1.2273795611937608,0.9213883734495016,-0.4325710959001453,1
-0.877715807091801,1.9752045962321263,-0.4325710959001453,1
-0.4686354390697412,-0.5681218302071726,-0.4325710959001453,0
-1.022839377182731,0.5068541289500829,-0.4325710959001453,1
1.4771680415029498,2.3557638832739096,1.038736775739882,0
-1.2273795611937608,-0.0306338506285448,-0.4325710959001453,1
-1.5770433152957206,1.53095388583332,1.284973036327954,1
-0.6731756230807712,0.9213883734495016,-0.4325710959001453,1
-1.2273795611937608,-0.2290046717040085,-0.4325710959001453,1
-0.765149220882594,-0.5681218302071726,-0.4325710959001453,1
-1.2273795611937608,2.159870245429229,-0.4325710959001453,1
-1.022839377182731,0.1101124867991555,-0.4325710959001453,1
-1.5770433152957206,2.473306968262871,-0.4325710959001453,1
-0.765149220882594,-0.5681218302071726,-0.4325710959001453,0
-1.5770433152957206,0.3084833078746191,1.038736775739882,1
-1.5770433152957206,-0.5681218302071726,-0.4325710959001453,1
-0.2457493000504842,-0.5681218302071726,-0.4325710959001453,0
-0.0412091160394543,-0.5681218302071726,-0.4325710959001453,0
0.6459621855374788,-0.5681218302071726,-0.4325710959001453,0
1.8038153062828837,3.1483572167804077,3.910698829227784,0
1.1415179153077633,2.559076591245521,2.732987391707434,1
-0.4686354390697412,1.731553606631141,-0.4325710959001453,1
-0.5280520529898413,0.7883468038054837,-0.4325710959001453,1
0.8505023695485082,-0.5681218302071726,-0.4325710959001453,0
-1.5770433152957206,-0.0306338506285448,-0.4325710959001453,1
0.3758156392251084,1.1850884459564108,1.4240127298630303,0
-1.5770433152957206,-0.5681218302071726,-0.4325710959001453,1
-1.022839377182731,0.6476004663777833,-0.4325710959001453,1
-1.2273795611937608,0.7883468038054837,-0.4325710959001453,1
-1.2273795611937608,0.8724232776792274,-0.4325710959001453,1
-0.5954130541524439,2.1390482671921784,-0.4325710959001453,1
-0.877715807091801,0.2192838275796948,-0.4325710959001453,1
-0.4686354390697412,-0.5681218302071726,-0.4325710959001453,0
-1.022839377182731,-0.5681218302071726,-0.4325710959001453,0
-1.5770433152957206,-0.5681218302071726,0.9598667734222364,0
0.6640883809412628,-0.5681218302071726,-0.4325710959001453,0
-0.765149220882594,-0.5681218302071726,-0.4325710959001453,1
-1.5770433152957206,-0.5681218302071726,-0.4325710959001453,0
0.5733003492880002,-0.5681218302071726,-0.4325710959001453,0
-1.2273795611937608,0.8724232776792274,-0.4325710959001453,1
3.3640175245752277,2.7990600673734467,2.8521042479481413,0
0.7560619787430853,1.718025298364073,-0.4325710959001453,0
-1.5770433152957206,0.4492296453023196,-0.4325710959001453,1
-1.5770433152957206,-0.0306338506285448,-0.4325710959001453,1
-0.5954130541524439,2.3444586722060237,2.1734737748342488,1
-1.5770433152957206,0.4492296453023196,-0.4325710959001453,1
0.004682340171979,0.8975181445860231,-0.4325710959001453,1
-1.5770433152957206,0.8975181445860231,-0.4325710959001453,1
-0.765149220882594,-0.5681218302071726,-0.4325710959001453,0
-0.3674054684639838,-0.5681218302071726,-0.4325710959001453,0
1.1345597613491278,0.686760772221084,1.173110101473787,0
-0.877715807091801,0.3839003938708738,-0.4325710959001453,1
-0.6731756230807712,-0.5681218302071726,-0.4325710959001453,0
-1.5770433152957206,0.3084833078746191,-0.4325710959001453,1
-0.877715807091801,0.2192838275796948,-0.4325710959001453,1
1.8516698988031024,-0.5681218302071726,-0.4325710959001453,0
-0.765149220882594,-0.5681218302071726,-0.4325710959001453,1
-0.3674054684639838,2.014156934955248,0.0315748605406486,1
1.1939763752692276,-0.5681218302071726,-0.4325710959001453,0
-1.5770433152957206,0.9213883734495016,-0.4325710959001453,1
-1.022839377182731,-0.5681218302071726,-0.4325710959001453,0
-0.765149220882594,1.4012518693803664,-0.4325710959001453,1
-0.765149220882594,1.3359226179489203,-0.4325710959001453,1
-0.3235118689788113,1.4510483037412485,-0.4325710959001453,1
-1.5770433152957206,-0.5681218302071726,-0.4325710959001453,1
0.5661447943626426,1.53095388583332,1.7987432523486395,0
-1.022839377182731,-0.5681218302071726,-0.4325710959001453,1
-1.5770433152957206,1.727085606236835,1.9853756190234169,1
0.2579667203099265,1.941643374649341,-0.4325710959001453,1
-0.3674054684639838,-0.5681218302071726,-0.4325710959001453,1
0.4535782081534356,-0.5681218302071726,-0.4325710959001453,0
-1.5770433152957206,1.689791928536755,-0.4325710959001453,1
-0.1783882988878814,-0.5681218302071726,-0.4325710959001453,0
-1.5770433152957206,-0.0306338506285448,-0.4325710959001453,0
-0.5954130541524439,-0.5681218302071726,-0.4325710959001453,0
-0.2831336716225083,2.3047685962591413,-0.4325710959001453,1
-1.5770433152957206,0.2192838275796948,0.7672287963606622,0
-1.2273795611937608,0.5068541289500829,-0.4325710959001453,1
-1.022839377182731,0.1101124867991555,-0.4325710959001453,1
-0.5954130541524439,-0.5681218302071726,-0.4325710959001453,0
-0.3674054684639838,1.0066894853665624,-0.4325710959001453,1
-1.2273795611937608,-0.0306338506285448,-0.4325710959001453,1
-1.2273795611937608,0.6050307903411093,-0.4325710959001453,1
-1.5770433152957206,-0.5681218302071726,-0.4325710959001453,1
-1.5770433152957206,0.1101124867991555,-0.4325710959001453,1
-1.022839377182731,0.1101124867991555,-0.4325710959001453,0
-0.765149220882594,-0.5681218302071726,-0.4325710959001453,1
-1.5770433152957206,0.3084833078746191,-0.4325710959001453,1
-0.1783882988878814,1.315534557827101,-0.4325710959001453,1
-0.3235118689788113,-0.5681218302071726,-0.4325710959001453,0
-0.3235118689788113,-0.5681218302071726,-0.4325710959001453,0
-0.5280520529898413,0.8724232776792274,-0.4325710959001453,0
0.2306920691341782,-0.5681218302071726,-0.4325710959001453,0
0.8252742046034711,-0.5681218302071726,-0.4325710959001453,0
-1.022839377182731,-0.5681218302071726,-0.4325710959001453,0
-1.2273795611937608,-0.2290046717040085,-0.4325710959001453,1
-1.5770433152957206,0.5584009860828592,-0.4325710959001453,1
-0.5280520529898413,0.7230175523740379,0.0315748605406486,0
-0.6731756230807712,0.1101124867991555,-0.4325710959001453,0
-0.415485466780634,0.7567718071583226,-0.4325710959001453,0
-1.5770433152957206,0.3839003938708738,-0.4325710959001453,1
-0.877715807091801,-0.5681218302071726,-0.4325710959001453,1
1.2103165297659846,-0.5681218302071726,-0.4325710959001453,0
1.0751431474290278,-0.5681218302071726,-0.4325710959001453,0
-0.4686354390697412,-0.5681218302071726,-0.4325710959001453,0
-0.877715807091801,-0.0306338506285448,-0.4325710959001453,0
-0.2109452827696042,-0.5681218302071726,-0.4325710959001453,0
-1.022839377182731,-0.5681218302071726,-0.4325710959001453,0
-0.877715807091801,-0.5681218302071726,-0.4325710959001453,1
-1.5770433152957206,0.6050307903411093,-0.4325710959001453,1
-0.765149220882594,-0.5681218302071726,-0.4325710959001453,0
-0.877715807091801,-0.5681218302071726,-0.4325710959001453,0
2.826164159513271,-0.5681218302071726,3.7194204893228857,0
0.9736211605117748,-0.5681218302071726,1.6061052752870657,0
0.0665300824794515,-0.5681218302071726,-0.4325710959001453,0
-1.5770433152957206,1.0258779307242485,-0.4325710959001453,1
-1.2273795611937608,-0.5681218302071726,-0.4325710959001453,0
-0.765149220882594,-0.5681218302071726,-0.4325710959001453,0
-1.5770433152957206,2.562343666109828,-0.4325710959001453,1
-1.5770433152957206,1.1984931924996616,1.038736775739882,1
-0.0658217126786743,-0.5681218302071726,-0.4325710959001453,0
-0.5280520529898413,2.4533757949279185,-0.4325710959001453,1
1.4141863373806556,1.649419124816712,1.539087282718291,0
-0.415485466780634,0.5068541289500829,0.3030828399198684,0
2.4237767370989025,-0.5681218302071726,-0.4325710959001453,0
-0.6731756230807712,1.0258779307242485,-0.4325710959001453,1
-1.2273795611937608,-0.5681218302071726,-0.4325710959001453,0
-0.5954130541524439,-0.5681218302071726,-0.4325710959001453,0
0.4063982246411257,-0.5681218302071726,-0.4325710959001453,0
-0.2831336716225083,1.941643374649341,-0.4325710959001453,1
1.235789731954885,2.8961406932618785,2.13116785115392,1
-0.765149220882594,1.3554949335835398,-0.4325710959001453,1
-0.1189716849677815,1.537610351002826,-0.4325710959001453,1
-1.5770433152957206,0.3084833078746191,-0.4325710959001453,1
-1.5770433152957206,0.2192838275796948,-0.4325710959001453,1
1.4865535803974688,-0.5681218302071726,-0.4325710959001453,0
-1.5770433152957206,0.9213883734495016,-0.4325710959001453,0
-0.415485466780634,-0.0306338506285448,-0.4325710959001453,0
-0.3674054684639838,-0.5681218302071726,-0.4325710959001453,0
0.4063982246411257,2.0066106263285306,1.7987432523486395,1
-0.765149220882594,-0.5681218302071726,-0.4325710959001453,1
-0.765149220882594,0.5584009860828592,-0.4325710959001453,1
0.6581183921644651,-0.5681218302071726,0.6451424404881,0
-1.5770433152957206,0.3839003938708738,-0.4325710959001453,1
0.3084546380625055,-0.5681218302071726,-0.4325710959001453,0
0.6640883809412628,-0.5681218302071726,0.0315748605406486,0
0.5941774594511474,-0.5681218302071726,-0.4325710959001453,0
-0.765149220882594,-0.0306338506285448,-0.4325710959001453,1
-0.1783882988878814,-0.5681218302071726,-0.4325710959001453,0
1.985536909495664,-0.5681218302071726,-0.4325710959001453,0
-0.2457493000504842,-0.5681218302071726,-0.4325710959001453,0
0.0467448735305326,-0.5681218302071726,-0.4325710959001453,0
0.5803558232361381,-0.5681218302071726,-0.4325710959001453,0
-0.4686354390697412,1.0066894853665624,-0.4325710959001453,1
-1.022839377182731,-0.0306338506285448,-0.4325710959001453,1
-1.5770433152957206,0.3839003938708738,-0.4325710959001453,1
-0.6731756230807712,-0.5681218302071726,-0.4325710959001453,0
-0.2457493000504842,-0.5681218302071726,-0.4325710959001453,1
-1.5770433152957206,0.6050307903411093,-0.4325710959001453,1
-0.2109452827696042,0.9213883734495016,-0.4325710959001453,0
-0.4686354390697412,-0.5681218302071726,-0.4325710959001453,0
-0.6731756230807712,0.5068541289500829,-0.4325710959001453,1
-1.022839377182731,-0.5681218302071726,-0.4325710959001453,0
-1.5770433152957206,-0.5681218302071726,-0.4325710959001453,0
-1.022839377182731,0.9441479488442734,-0.4325710959001453,1
-1.022839377182731,-0.5681218302071726,-0.4325710959001453,0
-1.2273795611937608,0.6050307903411093,-0.4325710959001453,1
-0.5954130541524439,0.8180069540049123,1.2313747528014565,0
-1.2273795611937608,0.686760772221084,-0.4325710959001453,1
-0.765149220882594,0.3839003938708738,-0.4325710959001453,1
-0.6731756230807712,-0.5681218302071726,-0.4325710959001453,0
-1.5770433152957206,0.3084833078746191,-0.4325710959001453,1
-1.5770433152957206,0.1101124867991555,-0.4325710959001453,1
0.1552595651522323,2.4503148299303876,-0.4325710959001453,1
-0.0916970337920332,-0.5681218302071726,-0.4325710959001453,0
-0.765149220882594,0.6050307903411093,1.173110101473787,0
0.8706029634179979,2.045575898227509,0.3030828399198684,1
-1.2273795611937608,0.3084833078746191,-0.4325710959001453,1
-0.1189716849677815,0.6476004663777833,0.6451424404881,0
-1.5770433152957206,-0.0306338506285448,-0.4325710959001453,1
0.2306920691341782,1.5173629384722735,1.8222411394545417,0
-1.2273795611937608,0.2192838275796948,-0.4325710959001453,1
-1.2273795611937608,-0.5681218302071726,-0.4325710959001453,1
-0.3235118689788113,0.686760772221084,-0.4325710959001453,1
-0.765149220882594,1.2242487517997116,-0.4325710959001453,1
1.181364264260536,-0.5681218302071726,-0.4325710959001453,0
-1.5770433152957206,0.6050307903411093,-0.4325710959001453,1
-0.6731756230807712,-0.5681218302071726,-0.4325710959001453,0
-0.0412091160394543,-0.5681218302071726,-0.4325710959001453,0
-1.022839377182731,-0.5681218302071726,-0.4325710959001453,0
-1.5770433152957206,0.2192838275796948,-0.4325710959001453,1
-0.5954130541524439,0.686760772221084,0.4957208169814426,1
1.048160343622728,1.3649950892274123,-0.4325710959001453,0
-1.5770433152957206,0.7883468038054837,-0.4325710959001453,1
-0.2831336716225083,0.7230175523740379,-0.4325710959001453,1
-0.877715807091801,-0.2290046717040085,-0.4325710959001453,1
-1.5770433152957206,0.1101124867991555,-0.4325710959001453,1
0.8861259778529252,1.1119311452380842,-0.4325710959001453,0
-0.877715807091801,0.1101124867991555,-0.4325710959001453,1
0.7510919073680482,1.689791928536755,-0.4325710959001453,0
1.2672707292985188,2.510887250356892,2.9531976284670196,1
-0.5280520529898413,1.3258347833841115,-0.4325710959001453,1
-0.3235118689788113,1.0066894853665624,-0.4325710959001453,0
-0.2109452827696042,0.9658956466438964,0.9598667734222364,1
-1.5770433152957206,0.3839003938708738,-0.4325710959001453,0
-1.5770433152957206,-0.0306338506285448,-0.4325710959001453,1
-0.877715807091801,0.3084833078746191,-0.4325710959001453,1
-0.877715807091801,0.8459712874532468,-0.4325710959001453,1
-0.0412091160394543,-0.5681218302071726,-0.4325710959001453,0
-1.5770433152957206,0.6050307903411093,-0.4325710959001453,1
2.3211748589465215,4.038612766809986,2.1164503121281273,1
-0.765149220882594,0.3839003938708738,-0.4325710959001453,1
-1.5770433152957206,3.1476194795566483,-0.4325710959001453,1
0.4799037373859414,-0.5681218302071726,-0.4325710959001453,0
-1.2273795611937608,0.8459712874532468,-0.4325710959001453,1
-1.5770433152957206,0.6050307903411093,-0.4325710959001453,1
-0.877715807091801,1.0793028809228633,-0.4325710959001453,1
-1.5770433152957206,0.686760772221084,-0.4325710959001453,0
0.0467448735305326,-0.5681218302071726,-0.4325710959001453,0
-0.5954130541524439,1.2366353030891872,-0.4325710959001453,1
1.6607532763067316,2.825908045191141,2.935916125608226,0
-1.5770433152957206,2.260064405113666,-0.4325710959001453,1
-1.2273795611937608,0.3084833078746191,-0.4325710959001453,1
-1.2273795611937608,0.9213883734495016,-0.4325710959001453,1
-0.877715807091801,1.3458066438697265,0.4957208169814426,1
-1.2273795611937608,-0.2290046717040085,-0.4325710959001453,1
-0.765149220882594,0.3084833078746191,0.0315748605406486,0
0.4712803109185204,1.0258779307242485,0.6451424404881,0
-1.2273795611937608,0.7567718071583226,0.0315748605406486,1
-1.5770433152957206,1.127463962308648,-0.4325710959001453,1
-0.765149220882594,0.4492296453023196,-0.4325710959001453,1
0.3319220397399356,2.0966543564323556,0.0315748605406486,1
-1.2273795611937608,-0.2290046717040085,-0.4325710959001453,0
-1.5770433152957206,3.347791698172336,-0.4325710959001453,1
1.558974384902501,-0.5681218302071726,-0.4325710959001453,0
-1.2273795611937608,-0.5681218302071726,-0.4325710959001453,0
-0.765149220882594,-0.5681218302071726,-0.4325710959001453,0
-1.5770433152957206,0.3084833078746191,-0.4325710959001453,0
-1.5770433152957206,0.6050307903411093,-0.4325710959001453,1
-0.765149220882594,-0.5681218302071726,-0.4325710959001453,0
-0.877715807091801,0.8975181445860231,0.6451424404881,1
-1.5770433152957206,0.8459712874532468,-0.4325710959001453,1
-1.022839377182731,-0.2290046717040085,-0.4325710959001453,1
-0.6731756230807712,-0.5681218302071726,-0.4325710959001453,0
-1.5770433152957206,0.5068541289500829,-0.4325710959001453,1
-0.877715807091801,-0.2290046717040085,0.0315748605406486,0
-1.022839377182731,-0.5681218302071726,-0.4325710959001453,0
-1.022839377182731,-0.2290046717040085,-0.4325710959001453,1
-0.4686354390697412,-0.5681218302071726,-0.4325710959001453,0
0.365195075074776,0.2192838275796948,0.7672287963606622,0
-1.2273795611937608,0.6050307903411093,-0.4325710959001453,1
-0.3235118689788113,-0.5681218302071726,-0.4325710959001453,1
-0.1478057134718639,-0.5681218302071726,-0.4325710959001453,0
-0.1189716849677815,-0.5681218302071726,-0.4325710959001453,0
-0.5954130541524439,1.935818988684244,-0.4325710959001453,1
-0.415485466780634,0.6476004663777833,-0.4325710959001453,1
-1.5770433152957206,0.1101124867991555,-0.4325710959001453,1
0.1552595651522323,-0.5681218302071726,-0.4325710959001453,0
-0.6731756230807712,1.3359226179489203,-0.4325710959001453,0
-0.2457493000504842,-0.5681218302071726,-0.4325710959001453,0
1.6142344332577774,-0.5681218302071726,-0.4325710959001453,0
-1.2273795611937608,-0.2290046717040085,-0.4325710959001453,1
0.807726064349583,-0.5681218302071726,-0.4325710959001453,0
2.7939609426659944,-0.5681218302071726,-0.4325710959001453,0
0.7307069858491658,2.241600227309204,-0.4325710959001453,1
-0.3235118689788113,-0.5681218302071726,-0.4325710959001453,0
-1.022839377182731,-0.5681218302071726,-0.4325710959001453,0
-1.022839377182731,1.0443421085287103,-0.4325710959001453,1
-0.765149220882594,0.1101124867991555,-0.4325710959001453,1
-0.5280520529898413,-0.5681218302071726,-0.4325710959001453,0
0.3084546380625055,-0.5681218302071726,-0.4325710959001453,0
-0.3235118689788113,-0.5681218302071726,-0.4325710959001453,0
-1.2273795611937608,0.9213883734495016,-0.4325710959001453,1
-0.0412091160394543,1.1119311452380842,-0.4325710959001453,0
-0.5280520529898413,1.3554949335835398,-0.4325710959001453,1
0.0665300824794515,1.1850884459564108,0.7672287963606622,1
-1.5770433152957206,0.3839003938708738,-0.4325710959001453,1
-0.4686354390697412,-0.5681218302071726,-0.4325710959001453,1
-1.5770433152957206,-0.5681218302071726,-0.4325710959001453,0
-0.6731756230807712,1.5104232101609056,-0.4325710959001453,1
0.7307069858491658,-0.5681218302071726,-0.4325710959001453,0
-1.5770433152957206,-0.0306338506285448,-0.4325710959001453,0
-0.2109452827696042,-0.5681218302071726,-0.4325710959001453,0
-0.877715807091801,1.2487159821318428,-0.4325710959001453,1
0.7895454241598173,1.392436448127977,-0.4325710959001453,0
-0.4686354390697412,0.5068541289500829,-0.4325710959001453,1
-1.5770433152957206,0.4492296453023196,-0.4325710959001453,1
-1.5770433152957206,0.2192838275796948,-0.4325710959001453,1
-0.5954130541524439,0.5068541289500829,-0.4325710959001453,1
-1.5770433152957206,0.2192838275796948,-0.4325710959001453,1
0.2018580406300959,-0.5681218302071726,-0.4325710959001453,0
2.355949244921686,-0.5681218302071726,0.9598667734222364,0
1.3312544036482974,0.3839003938708738,-0.4325710959001453,0
0.6758204949295504,-0.5681218302071726,-0.4325710959001453,0
0.7754666081462114,-0.5681218302071726,1.7987432523486395,0
0.2306920691341782,2.125321120213634,-0.4325710959001453,1
-1.022839377182731,-0.5681218302071726,-0.4325710959001453,0
-0.2457493000504842,0.9213883734495016,-0.4325710959001453,0
-0.1783882988878814,-0.5681218302071726,-0.4325710959001453,1
-1.5770433152957206,-0.2290046717040085,-0.4325710959001453,1
0.0467448735305326,-0.5681218302071726,-0.4325710959001453,0
-0.415485466780634,-0.5681218302071726,-0.4325710959001453,0
-0.2831336716225083,0.2192838275796948,-0.4325710959001453,0
-0.1783882988878814,-0.5681218302071726,-0.4325710959001453,0
0.6984965895207682,-0.5681218302071726,-0.4325710959001453,0
-1.5770433152957206,0.1101124867991555,-0.4325710959001453,1
-0.2109452827696042,2.4196941873548226,2.3626865727161994,1
-1.5770433152957206,0.5068541289500829,-0.4325710959001453,1
-1.5770433152957206,1.3458066438697265,-0.4325710959001453,1
-1.5770433152957206,-0.2290046717040085,-0.4325710959001453,0
1.623178961275662,2.2041357382169973,-0.4325710959001453,0
-0.1189716849677815,-0.5681218302071726,-0.4325710959001453,0
-1.2273795611937608,0.7230175523740379,-0.4325710959001453,1
-1.5770433152957206,1.3359226179489203,-0.4325710959001453,1
1.157389818451543,-0.5681218302071726,-0.4325710959001453,1
-1.5770433152957206,0.3084833078746191,-0.4325710959001453,1
-0.415485466780634,1.1850884459564108,-0.4325710959001453,1
-1.5770433152957206,1.0258779307242485,-0.4325710959001453,1
-0.5280520529898413,-0.5681218302071726,-0.4325710959001453,0
-1.5770433152957206,0.6050307903411093,-0.4325710959001453,1
-0.6731756230807712,-0.5681218302071726,-0.4325710959001453,0
-0.877715807091801,-0.5681218302071726,-0.4325710959001453,0
-0.765149220882594,0.1101124867991555,-0.4325710959001453,1
-1.2273795611937608,0.5068541289500829,-0.4325710959001453,1
-1.5770433152957206,0.1101124867991555,-0.4325710959001453,1
-1.022839377182731,0.5068541289500829,-0.4325710959001453,1
-1.022839377182731,-0.5681218302071726,-0.4325710959001453,0
-1.5770433152957206,-0.0306338506285448,-0.4325710959001453,1
-0.877715807091801,-0.5681218302071726,-0.4325710959001453,0
-1.5770433152957206,1.988536283319876,-0.4325710959001453,1
-0.415485466780634,-0.5681218302071726,-0.4325710959001453,0
0.2962984314355189,-0.5681218302071726,-0.4325710959001453,0
2.113849145140968,3.3643450893600195,3.707083211729308,0
-0.877715807091801,0.6050307903411093,-0.4325710959001453,0
-0.6731756230807712,0.5068541289500829,-0.4325710959001453,1
-1.5770433152957206,0.1101124867991555,-0.4325710959001453,1
-1.5770433152957206,0.4492296453023196,1.173110101473787,1
0.365195075074776,-0.5681218302071726,-0.4325710959001453,1
-1.5770433152957206,-0.5681218302071726,-0.4325710959001453,1
-1.5770433152957206,0.3084833078746191,-0.4325710959001453,1
-1.5770433152957206,0.6050307903411093,-0.4325710959001453,1
-1.5770433152957206,0.1101124867991555,-0.4325710959001453,1
-0.3674054684639838,0.7883468038054837,-0.4325710959001453,1
-1.5770433152957206,0.6476004663777833,-0.4325710959001453,1
-1.2273795611937608,0.9213883734495016,-0.4325710959001453,1
0.4967205667491803,2.8119356168474123,-0.4325710959001453,1
-1.5770433152957206,1.1119311452380842,-0.4325710959001453,1
0.6207340205924411,-0.5681218302071726,-0.4325710959001453,0
-0.765149220882594,-0.5681218302071726,-0.4325710959001453,0
0.1387184713323555,-0.5681218302071726,-0.4325710959001453,0
1.136889826295509,1.0443421085287103,0.8704513394670519,0
-0.765149220882594,0.3084833078746191,-0.4325710959001453,1
-1.2273795611937608,0.1101124867991555,-0.4325710959001453,1
0.4799037373859414,2.2585520618913124,0.6451424404881,1
0.2018580406300959,1.5695983849415964,1.502882732180676,0
-1.5770433152957206,-0.0306338506285448,-0.4325710959001453,1
-1.2273795611937608,0.9867176248809476,-0.4325710959001453,1
-0.0177417143620239,-0.5681218302071726,-0.4325710959001453,0
-1.022839377182731,0.7230175523740379,-0.4325710959001453,1
-0.2457493000504842,-0.5681218302071726,-0.4325710959001453,0
-1.022839377182731,-0.2290046717040085,-0.4325710959001453,1
-1.5770433152957206,-0.2290046717040085,-0.4325710959001453,1
-0.3674054684639838,-0.5681218302071726,-0.4325710959001453,0
-0.3674054684639838,-0.5681218302071726,-0.4325710959001453,0
-0.877715807091801,-0.2290046717040085,-0.4325710959001453,0
-0.765149220882594,0.6050307903411093,-0.4325710959001453,1
-0.877715807091801,-0.5681218302071726,-0.4325710959001453,0
-0.765149220882594,-0.5681218302071726,-0.4325710959001453,1
-0.765149220882594,-0.5681218302071726,-0.4325710959001453,0
-1.2273795611937608,0.1101124867991555,-0.4325710959001453,1
-0.765149220882594,-0.5681218302071726,-0.4325710959001453,0
0.1387184713323555,-0.5681218302071726,-0.4325710959001453,0
-0.2109452827696042,-0.5681218302071726,-0.4325710959001453,0
-1.5770433152957206,0.2192838275796948,-0.4325710959001453,1
0.5733003492880002,-0.5681218302071726,0.0315748605406486,0
-1.5770433152957206,1.53095388583332,-0.4325710959001453,1
-1.5770433152957206,0.2192838275796948,-0.4325710959001453,1
-0.877715807091801,1.4012518693803664,-0.4325710959001453,1
-0.415485466780634,0.7567718071583226,-0.4325710959001453,0
-0.415485466780634,1.575752461592351,1.1092883969288942,1
-1.5770433152957206,1.817032592625003,-0.4325710959001453,1
-0.2457493000504842,0.6476004663777833,-0.4325710959001453,1
-0.1478057134718639,-0.5681218302071726,-0.4325710959001453,0
-0.5280520529898413,0.7567718071583226,-0.4325710959001453,0
-0.4686354390697412,2.4915179055174437,-0.4325710959001453,1
0.2164810402606826,0.9441479488442734,-0.4325710959001453,0
-1.5770433152957206,0.686760772221084,-0.4325710959001453,1
1.1251303622481712,1.8389426407306968,2.458509912696359,0
-0.415485466780634,0.6050307903411093,-0.4325710959001453,1
0.4799037373859414,-0.5681218302071726,-0.4325710959001453,0
0.5661447943626426,2.3692357458942053,0.8704513394670519,1
0.4535782081534356,-0.5681218302071726,-0.4325710959001453,0
0.3862172069908325,-0.5681218302071726,-0.4325710959001453,0
-1.5770433152957206,-0.0306338506285448,-0.4325710959001453,1
-1.5770433152957206,0.5584009860828592,-0.4325710959001453,1
-0.2109452827696042,-0.5681218302071726,-0.4325710959001453,0
-0.1783882988878814,1.4665811208118118,-0.4325710959001453,1
-1.5770433152957206,0.5584009860828592,0.4957208169814426,1
0.2710702664904812,-0.5681218302071726,-0.4325710959001453,0
-0.0916970337920332,-0.5681218302071726,-0.4325710959001453,0
-0.415485466780634,-0.5681218302071726,-0.4325710959001453,1
-0.4686354390697412,-0.5681218302071726,-0.4325710959001453,1
-0.0916970337920332,-0.5681218302071726,-0.4325710959001453,0
3.122514580520285,2.1273058801074844,2.2132649492095418,0
-1.5770433152957206,1.941643374649341,-0.4325710959001453,1
-1.5770433152957206,2.2041357382169973,-0.4325710959001453,1
-0.5280520529898413,-0.5681218302071726,-0.4325710959001453,0
-0.765149220882594,-0.5681218302071726,-0.4325710959001453,0
-1.5770433152957206,0.3839003938708738,-0.4325710959001453,1
-0.0412091160394543,-0.5681218302071726,-0.4325710959001453,0
-0.2831336716225083,1.1850884459564108,-0.4325710959001453,0
-1.2273795611937608,2.224039878771318,0.4957208169814426,1
1.8933038834731473,-0.5681218302071726,-0.4325710959001453,0
0.6397724371562382,2.11527471704512,2.200262189788212,0
-0.6731756230807712,-0.5681218302071726,-0.4325710959001453,0
-1.5770433152957206,1.926950299138171,-0.4325710959001453,1
-0.6731756230807712,0.4492296453023196,-0.4325710959001453,1
-0.765149220882594,0.6050307903411093,-0.4325710959001453,1
-1.5770433152957206,1.062134710877202,-0.4325710959001453,1
-0.2831336716225083,-0.5681218302071726,-0.4325710959001453,0
1.072508895155673,2.11527471704512,-0.4325710959001453,1
-0.3674054684639838,-0.5681218302071726,-0.4325710959001453,0
0.0855684990432483,1.2487159821318428,-0.4325710959001453,1
-0.877715807091801,0.6050307903411093,-0.4325710959001453,1
-0.765149220882594,1.1713060516577414,-0.4325710959001453,1
-1.022839377182731,-0.5681218302071726,-0.4325710959001453,0
-0.0916970337920332,0.9213883734495016,-0.4325710959001453,0
-1.2273795611937608,-0.0306338506285448,-0.4325710959001453,1
-1.2273795611937608,0.8975181445860231,-0.4325710959001453,1
1.27262785749192,1.817032592625003,2.3626865727161994,0
-0.877715807091801,-0.5681218302071726,-0.4325710959001453,0
-0.5954130541524439,0.9213883734495016,-0.4325710959001453,0
-0.5954130541524439,1.6333769452401143,-0.4325710959001453,1
-0.765149220882594,-0.5681218302071726,-0.4325710959001453,1
-0.4686354390697412,-0.5681218302071726,-0.4325710959001453,0
1.900006032268196,-0.5681218302071726,0.6451424404881,0
-1.5770433152957206,0.9867176248809476,-0.4325710959001453,1
-1.5770433152957206,0.3839003938708738,-0.4325710959001453,1
-1.5770433152957206,0.8724232776792274,0.4957208169814426,1
-0.1189716849677815,-0.5681218302071726,-0.4325710959001453,0
-0.765149220882594,0.5068541289500829,-0.4325710959001453,1
-0.3674054684639838,-0.5681218302071726,-0.4325710959001453,0
-1.2273795611937608,1.3458066438697265,-0.4325710959001453,1
-1.022839377182731,-0.5681218302071726,-0.4325710959001453,1
-0.1189716849677815,0.7883468038054837,0.3030828399198684,0
0.6640883809412628,1.2242487517997116,1.6372560579145814,0
0.6207340205924411,1.4430929635357743,2.0206269721479675,0
-1.022839377182731,1.0258779307242485,-0.4325710959001453,1
0.1867984696490057,-0.5681218302071726,-0.4325710959001453,0
0.5364622237509654,1.3743142784764515,1.7228559768763452,0
-0.5954130541524439,-0.5681218302071726,-0.4325710959001453,0
-0.5954130541524439,0.4492296453023196,-0.4325710959001453,1
-1.5770433152957206,0.3839003938708738,0.0315748605406486,1
-0.0658217126786743,0.9213883734495016,-0.4325710959001453,1
0.893711957859022,-0.5681218302071726,-0.4325710959001453,0
-1.5770433152957206,-0.0306338506285448,-0.4325710959001453,1
-1.5770433152957206,-0.5681218302071726,-0.4325710959001453,1
-0.5954130541524439,-0.5681218302071726,0.7672287963606622,0
-1.2273795611937608,0.5068541289500829,-0.4325710959001453,1
-1.5770433152957206,0.9213883734495016,-0.4325710959001453,1
1.3019550507278417,-0.5681218302071726,-0.4325710959001453,0
0.4258028540442518,1.2942597867369503,0.0315748605406486,0
-0.877715807091801,-0.5681218302071726,-0.4325710959001453,1
1.7604847810430475,-0.5681218302071726,-0.4325710959001453,0
-0.3674054684639838,-0.5681218302071726,-0.4325710959001453,0
-0.2457493000504842,1.744717880010124,-0.4325710959001453,1
-1.5770433152957206,0.2192838275796948,-0.4325710959001453,1
-1.2273795611937608,-0.0306338506285448,-0.4325710959001453,0
-0.0412091160394543,-0.5681218302071726,-0.4325710959001453,1
-0.877715807091801,-0.5681218302071726,-0.4325710959001453,1
-1.5770433152957206,0.1101124867991555,-0.4325710959001453,1
2.0608853541287564,3.130846664222209,2.944612625368069,0
-1.5770433152957206,1.5104232101609056,-0.4325710959001453,1
-1.022839377182731,-0.5681218302071726,-0.4325710959001453,0
-1.2273795611937608,0.1101124867991555,-0.4325710959001453,1
-1.022839377182731,0.7883468038054837,-0.4325710959001453,1
-1.022839377182731,-0.5681218302071726,-0.4325710959001453,0
-1.5770433152957206,0.7567718071583226,-0.4325710959001453,0
-1.022839377182731,0.3084833078746191,-0.4325710959001453,1
-0.3235118689788113,2.11527471704512,-0.4325710959001453,1
-0.765149220882594,-0.5681218302071726,-0.4325710959001453,1
-1.022839377182731,-0.5681218302071726,-0.4325710959001453,0
-1.5770433152957206,0.7230175523740379,-0.4325710959001453,1
-0.5280520529898413,-0.5681218302071726,0.0315748605406486,0
-0.877715807091801,-0.5681218302071726,-0.4325710959001453,0
-0.6731756230807712,-0.5681218302071726,-0.4325710959001453,0
-0.5280520529898413,-0.5681218302071726,-0.4325710959001453,0
-1.2273795611937608,0.1101124867991555,-0.4325710959001453,1
-0.765149220882594,-0.5681218302071726,-0.4325710959001453,1
1.6507801376972784,-0.5681218302071726,-0.4325710959001453,0
-1.022839377182731,-0.2290046717040085,0.3030828399198684,0
-1.5770433152957206,1.2487159821318428,-0.4325710959001453,1
0.3964086276324924,1.0066894853665624,0.7672287963606622,0
-1.5770433152957206,0.686760772221084,-0.4325710959001453,1
-1.022839377182731,0.5068541289500829,-0.4325710959001453,1
-0.2109452827696042,0.3839003938708738,-0.4325710959001453,1
0.1387184713323555,-0.5681218302071726,0.6451424404881,0
0.4161938365814114,1.6700218592038678,2.2132649492095418,0
-1.2273795611937608,0.1101124867991555,-0.4325710959001453,1
-0.2109452827696042,0.7567718071583226,-0.4325710959001453,1
-0.765149220882594,-0.5681218302071726,-0.4325710959001453,1
-1.5770433152957206,0.4492296453023196,-0.4325710959001453,1
-1.022839377182731,0.8180069540049123,-0.4325710959001453,1
-0.1783882988878814,-0.5681218302071726,-0.4325710959001453,0
-0.765149220882594,-0.5681218302071726,-0.4325710959001453,0
0.7040098483758988,2.531256854412057,0.4957208169814426,1
-1.5770433152957206,0.7230175523740379,-0.4325710959001453,1
-0.5954130541524439,-0.5681218302071726,-0.4325710959001453,0
-1.022839377182731,-0.5681218302071726,-0.4325710959001453,0
-1.2273795611937608,0.5068541289500829,-0.4325710959001453,1
1.5278250986247648,-0.5681218302071726,-0.4325710959001453,0
-1.5770433152957206,3.085514013113194,-0.4325710959001453,1
-0.4686354390697412,-0.5681218302071726,-0.4325710959001453,1
-0.3235118689788113,-0.5681218302071726,-0.4325710959001453,0
0.7201970606210935,2.299224710956967,-0.4325710959001453,0
-0.5954130541524439,-0.5681218302071726,-0.4325710959001453,0
-1.022839377182731,-0.2290046717040085,-0.4325710959001453,1
0.6271603261475461,2.224039878771318,-0.4325710959001453,1
-0.5280520529898413,-0.5681218302071726,-0.4325710959001453,0
-0.5280520529898413,0.6050307903411093,-0.4325710959001453,1
-0.6731756230807712,1.817032592625003,1.4240127298630303,1
-0.2457493000504842,-0.5681218302071726,0.7672287963606622,0
-1.5770433152957206,0.2192838275796948,-0.4325710959001453,1
-0.877715807091801,-0.5681218302071726,-0.4325710959001453,0
-0.3674054684639838,1.689791928536755,-0.4325710959001453,1
0.4967205667491803,1.9087155434447605,1.9087640372938008,0
0.8899332273512435,2.383521217504918,1.4646082539681988,1
-0.4686354390697412,1.1119311452380842,0.6451424404881,1
-1.5770433152957206,1.4267833651808035,-0.4325710959001453,1
-0.1783882988878814,-0.5681218302071726,-0.4325710959001453,1
-0.1783882988878814,2.712562762579672,0.6451424404881,1
-1.2273795611937608,1.3258347833841115,-0.4325710959001453,1
-0.5280520529898413,-0.5681218302071726,-0.4325710959001453,1
-1.2273795611937608,0.7230175523740379,-0.4325710959001453,1
-0.877715807091801,0.4492296453023196,-0.4325710959001453,1
-1.5770433152957206,0.1101124867991555,-0.4325710959001453,1
-1.5770433152957206,0.3839003938708738,-0.4325710959001453,1
-0.2457493000504842,-0.5681218302071726,-0.4325710959001453,0
-0.4686354390697412,-0.5681218302071726,-0.4325710959001453,0
-0.5954130541524439,-0.5681218302071726,-0.4325710959001453,1
-0.3674054684639838,-0.5681218302071726,-0.4325710959001453,0
-0.0916970337920332,0.8975181445860231,-0.4325710959001453,0
1.2222334185062205,-0.5681218302071726,-0.4325710959001453,0
-0.877715807091801,0.686760772221084,0.0315748605406486,1
-0.2457493000504842,0.5068541289500829,-0.4325710959001453,0
-0.5280520529898413,-0.5681218302071726,-0.4325710959001453,0
-1.5770433152957206,0.686760772221084,-0.4325710959001453,1
0.004682340171979,-0.5681218302071726,-0.4325710959001453,0
-0.6731756230807712,1.315534557827101,-0.4325710959001453,1
-0.2831336716225083,1.0258779307242485,1.284973036327954,1
0.765857590683371,-0.5681218302071726,-0.4325710959001453,0
-0.4686354390697412,-0.5681218302071726,-0.4325710959001453,0
1.6457186420845396,2.901053631378623,-0.4325710959001453,1
-0.0916970337920332,0.9658956466438964,-0.4325710959001453,1
0.9572942285138464,-0.5681218302071726,-0.4325710959001453,0
-1.5770433152957206,-0.5681218302071726,-0.4325710959001453,1
-1.5770433152957206,1.1571241125080765,-0.4325710959001453,1
0.5515217947320558,-0.5681218302071726,-0.4325710959001453,0
-1.5770433152957206,1.3834592670318746,0.0315748605406486,1
-0.877715807091801,0.7567718071583226,-0.4325710959001453,1
-1.5770433152957206,0.8724232776792274,-0.4325710959001453,1
0.7460723817344526,-0.5681218302071726,-0.4325710959001453,1
-1.2273795611937608,0.9213883734495016,-0.4325710959001453,1
-1.022839377182731,-0.5681218302071726,-0.4325710959001453,0
-0.5280520529898413,-0.5681218302071726,-0.4325710959001453,1
-1.5770433152957206,0.2192838275796948,-0.4325710959001453,1
-0.0658217126786743,-0.5681218302071726,-0.4325710959001453,1
-0.5954130541524439,-0.5681218302071726,-0.4325710959001453,0
-0.5954130541524439,-0.2290046717040085,-0.4325710959001453,1
-0.877715807091801,0.7230175523740379,-0.4325710959001453,1
-1.5770433152957206,0.9441479488442734,-0.4325710959001453,1
-1.022839377182731,0.1101124867991555,-0.4325710959001453,1
-1.022839377182731,-0.5681218302071726,-0.4325710959001453,1
-0.765149220882594,1.9724941037432784,-0.4325710959001453,1
-1.5770433152957206,-0.2290046717040085,-0.4325710959001453,1
-0.6731756230807712,-0.5681218302071726,-0.4325710959001453,0
-0.415485466780634,0.4492296453023196,-0.4325710959001453,0
-0.0916970337920332,1.0066894853665624,-0.4325710959001453,0
-1.5770433152957206,0.6476004663777833,-0.4325710959001453,1
0.2306920691341782,-0.5681218302071726,-0.4325710959001453,0
-0.5280520529898413,-0.5681218302071726,-0.4325710959001453,1
-0.877715807091801,-0.5681218302071726,-0.4325710959001453,1
-0.415485466780634,-0.5681218302071726,-0.4325710959001453,0
-1.5770433152957206,0.4492296453023196,-0.4325710959001453,1
-1.022839377182731,-0.5681218302071726,-0.4325710959001453,0
0.5873139771947735,-0.5681218302071726,-0.4325710959001453,0
-0.3235118689788113,-0.5681218302071726,-0.4325710959001453,0
-0.877715807091801,-0.5681218302071726,-0.4325710959001453,0
-0.5954130541524439,0.3839003938708738,-0.4325710959001453,0
-0.877715807091801,1.392436448127977,-0.4325710959001453,1
-0.1478057134718639,-0.5681218302071726,-0.4325710959001453,0
-1.5770433152957206,0.1101124867991555,0.3030828399198684,0
-1.5770433152957206,1.2487159821318428,-0.4325710959001453,1
-0.6731756230807712,-0.5681218302071726,-0.4325710959001453,1
-0.765149220882594,-0.5681218302071726,-0.4325710959001453,0
1.5777516850964977,3.0667165820481688,3.326097750533804,0
1.624948991737328,1.7533013044307642,0.7672287963606622,0
0.320324789584565,-0.5681218302071726,-0.4325710959001453,0
-1.5770433152957206,0.2192838275796948,-0.4325710959001453,1
-1.5770433152957206,0.7567718071583226,0.3030828399198684,1
0.0261518851231485,-0.5681218302071726,-0.4325710959001453,0
0.0855684990432483,-0.5681218302071726,-0.4325710959001453,0
-0.2109452827696042,-0.5681218302071726,-0.4325710959001453,0
-1.5770433152957206,0.8724232776792274,-0.4325710959001453,1
-1.2273795611937608,-0.0306338506285448,-0.4325710959001453,1
0.320324789584565,-0.5681218302071726,-0.4325710959001453,0
-0.765149220882594,-0.5681218302071726,-0.4325710959001453,1
-1.2273795611937608,1.1984931924996616,-0.4325710959001453,1
0.9800067921572414,3.3490976519483926,-0.4325710959001453,1
-0.415485466780634,-0.5681218302071726,-0.4325710959001453,1
-1.5770433152957206,0.3084833078746191,-0.4325710959001453,1
-1.5770433152957206,-0.5681218302071726,-0.4325710959001453,1
-1.2273795611937608,-0.5681218302071726,-0.4325710959001453,1
-0.4686354390697412,-0.5681218302071726,-0.4325710959001453,0
0.784896007247168,1.718025298364073,1.173110101473787,0
-0.765149220882594,-0.5681218302071726,-0.4325710959001453,0
0.2018580406300959,0.7883468038054837,1.4240127298630303,0
-1.2273795611937608,0.1101124867991555,0.0315748605406486,1
-0.877715807091801,0.5068541289500829,-0.4325710959001453,1
-0.765149220882594,-0.5681218302071726,-0.4325710959001453,1
-1.5770433152957206,0.7567718071583226,-0.4325710959001453,1
-0.3674054684639838,0.686760772221084,-0.4325710959001453,1
-0.0658217126786743,1.2487159821318428,-0.4325710959001453,1
-0.0177417143620239,1.1984931924996616,1.038736775739882,0
-0.1478057134718639,-0.5681218302071726,-0.4325710959001453,0
-1.5770433152957206,0.3084833078746191,-0.4325710959001453,1
-0.2831336716225083,1.4816359284229008,-0.4325710959001453,1
-1.5770433152957206,0.7567718071583226,0.6451424404881,1
-0.6731756230807712,0.3839003938708738,-0.4325710959001453,1
-1.5770433152957206,-0.2290046717040085,-0.4325710959001453,1
1.510390683933895,2.9764125192373134,-0.4325710959001453,1
1.7108491687333784,2.4347159748435456,2.7447354311013714,0
-0.4686354390697412,-0.5681218302071726,-0.4325710959001453,0
-1.5770433152957206,-0.0306338506285448,-0.4325710959001453,1
-0.2831336716225083,0.686760772221084,-0.4325710959001453,1
0.2306920691341782,1.2605055319526657,-0.4325710959001453,0
-1.5770433152957206,-0.5681218302071726,1.173110101473787,1
-1.5770433152957206,1.5996226904558295,-0.4325710959001453,1
2.2458140364089627,2.560712855790308,4.269492267264132,0
-0.4686354390697412,-0.5681218302071726,-0.4325710959001453,0
2.234858464728936,2.7382261857885166,3.1730002473318244,0
-1.022839377182731,-0.5681218302071726,-0.4325710959001453,1
0.0855684990432483,-0.5681218302071726,-0.4325710959001453,0
1.3359763554172157,2.4533757949279185,0.8704513394670519,0
1.5025694704593149,2.5449428557160587,3.0948977191034723,0
-1.022839377182731,-0.2290046717040085,0.0315748605406486,0
-1.5770433152957206,1.2942597867369503,-0.4325710959001453,1
-0.765149220882594,0.7883468038054837,-0.4325710959001453,1
-1.022839377182731,-0.5681218302071726,-0.4325710959001453,0
-1.5770433152957206,-0.2290046717040085,0.3030828399198684,1
-1.5770433152957206,1.3554949335835398,-0.4325710959001453,1
-1.5770433152957206,2.8201746673563055,-0.4325710959001453,1
-1.5770433152957206,0.9441479488442734,-0.4325710959001453,1
-0.877715807091801,-0.5681218302071726,-0.4325710959001453,0
0.1039144540514755,1.4099112572578554,1.8668990889798236,1
0.2306920691341782,1.0258779307242485,-0.4325710959001453,1
0.5129948220735353,-0.5681218302071726,-0.4325710959001453,0
-0.4686354390697412,1.1119311452380842,-0.4325710959001453,1
0.6009488116435222,-0.5681218302071726,-0.4325710959001453,0
-0.3674054684639838,-0.5681218302071726,-0.4325710959001453,0
-0.6731756230807712,-0.5681218302071726,-0.4325710959001453,0
0.7410024077619953,2.2041357382169973,1.038736775739882,1
-1.5770433152957206,-0.5681218302071726,-0.4325710959001453,1
-1.5770433152957206,-0.5681218302071726,-0.4325710959001453,0
-1.5770433152957206,-0.5681218302071726,-0.4325710959001453,1
-1.5770433152957206,0.8975181445860231,-0.4325710959001453,1
-1.022839377182731,1.1119311452380842,-0.4325710959001453,1
-0.877715807091801,-0.5681218302071726,-0.4325710959001453,0
0.2710702664904812,0.2192838275796948,-0.4325710959001453,0
-0.0916970337920332,-0.5681218302071726,-0.4325710959001453,1
0.4625069043209565,2.740493826663276,1.6372560579145814,1
-0.765149220882594,0.9213883734495016,-0.4325710959001453,1
1.3693160518904444,2.3643796996464626,1.3807963763081137,0
-0.6731756230807712,0.4492296453023196,-0.4325710959001453,1
1.0906661618639553,1.4510483037412485,2.0206269721479675,0
-1.2273795611937608,-0.2290046717040085,-0.4325710959001453,0
0.7410024077619953,-0.5681218302071726,-0.4325710959001453,0
-0.0916970337920332,1.689791928536755,-0.4325710959001453,1
0.2018580406300959,-0.5681218302071726,-0.4325710959001453,0
-1.022839377182731,-0.5681218302071726,-0.4325710959001453,1
-0.5280520529898413,-0.5681218302071726,-0.4325710959001453,0
-1.5770433152957206,1.1119311452380842,-0.4325710959001453,1
-1.5770433152957206,-0.5681218302071726,-0.4325710959001453,0
0.9438412135531068,1.4510483037412485,-0.4325710959001453,0
0.320324789584565,2.2108608288888276,0.3030828399198684,1
-0.0658217126786743,-0.5681218302071726,-0.4325710959001453,0
-0.1189716849677815,0.9213883734495016,-0.4325710959001453,1
0.878424176892578,0.4492296453023196,1.1092883969288942,0
2.719625206207652,-0.5681218302071726,-0.4325710959001453,0
1.5202715732244,-0.5681218302071726,-0.4325710959001453,0
-1.2273795611937608,0.1101124867991555,-0.4325710959001453,1
-1.5770433152957206,0.1101124867991555,-0.4325710959001453,1
0.6699885436865246,1.9587117094446092,1.2313747528014565,1
-1.5770433152957206,0.4492296453023196,1.173110101473787,1
-1.5770433152957206,1.127463962308648,-0.4325710959001453,0
-1.5770433152957206,0.3084833078746191,-0.4325710959001453,1
-1.2273795611937608,-0.5681218302071726,-0.4325710959001453,0
-0.5280520529898413,-0.5681218302071726,-0.4325710959001453,0
-1.5770433152957206,-0.5681218302071726,-0.4325710959001453,1
-1.022839377182731,0.7567718071583226,0.3030828399198684,1
-1.2273795611937608,0.6476004663777833,-0.4325710959001453,1
1.1684287307922825,-0.5681218302071726,0.9598667734222364,0
-0.6731756230807712,0.3839003938708738,0.6451424404881,1
-1.2273795611937608,1.1984931924996616,1.284973036327954,0
-0.765149220882594,-0.5681218302071726,-0.4325710959001453,1
1.187709733638235,1.8095056342718991,3.077413146927093,0
-0.5954130541524439,-0.5681218302071726,-0.4325710959001453,1
-1.2273795611937608,-0.0306338506285448,-0.4325710959001453,1
2.9324028499885606,-0.5681218302071726,-0.4325710959001453,0
0.0261518851231485,-0.5681218302071726,-0.4325710959001453,0
0.6520769048170684,1.4665811208118118,1.1092883969288942,0
-0.5280520529898413,-0.5681218302071726,-0.4325710959001453,0
1.642315875968059,-0.5681218302071726,-0.4325710959001453,0
-1.5770433152957206,1.53095388583332,-0.4325710959001453,1
-0.765149220882594,-0.5681218302071726,-0.4325710959001453,1
-0.877715807091801,0.8724232776792274,-0.4325710959001453,1
-1.5770433152957206,0.5584009860828592,-0.4325710959001453,1
0.7941523800511028,2.026481078866254,-0.4325710959001453,0
1.007782146266425,-0.5681218302071726,-0.4325710959001453,0
-0.877715807091801,-0.5681218302071726,-0.4325710959001453,0
0.5661447943626426,1.1571241125080765,0.9598667734222364,0
-0.6731756230807712,0.9213883734495016,-0.4325710959001453,1
-1.5770433152957206,0.5068541289500829,-0.4325710959001453,1
-1.5770433152957206,0.1101124867991555,-0.4325710959001453,1
-1.5770433152957206,0.4492296453023196,-0.4325710959001453,1
0.8295674914879012,1.4741664300079511,-0.4325710959001453,0
-1.5770433152957206,0.2192838275796948,-0.4325710959001453,1
-0.2457493000504842,2.009139017707032,0.4957208169814426,1
2.37006231348042,-0.5681218302071726,-0.4325710959001453,0
-0.877715807091801,-0.5681218302071726,-0.4325710959001453,0
-0.3674054684639838,-0.5681218302071726,-0.4325710959001453,0
-1.022839377182731,0.2192838275796948,-0.4325710959001453,1
-1.5770433152957206,0.3839003938708738,-0.4325710959001453,1
-0.415485466780634,0.8180069540049123,0.6451424404881,1
-0.765149220882594,-0.5681218302071726,-0.4325710959001453,0
-0.1783882988878814,2.0361216399187105,-0.4325710959001453,0
-1.5770433152957206,2.2690415862097684,2.0541150034646085,1
-0.5280520529898413,0.5068541289500829,-0.4325710959001453,1
0.7510919073680482,-0.5681218302071726,-0.4325710959001453,0
-1.2273795611937608,0.1101124867991555,-0.4325710959001453,1
-1.022839377182731,-0.5681218302071726,-0.4325710959001453,0
1.8875624456001852,3.1508083373525597,2.77879129884772,0
-0.765149220882594,-0.5681218302071726,-0.4325710959001453,0
-1.2273795611937608,0.9213883734495016,0.0315748605406486,1
-1.022839377182731,-0.2290046717040085,-0.4325710959001453,1
-0.765149220882594,1.3554949335835398,-0.4325710959001453,1
-0.765149220882594,0.3084833078746191,-0.4325710959001453,1
-0.1783882988878814,0.5584009860828592,-0.4325710959001453,0
-0.4686354390697412,-0.5681218302071726,-0.4325710959001453,0
-0.4686354390697412,2.3328860333365933,0.6451424404881,1
-0.877715807091801,-0.5681218302071726,-0.4325710959001453,0
1.4795308475276496,-0.5681218302071726,0.0315748605406486,0
-1.2273795611937608,1.2366353030891872,-0.4325710959001453,1
1.5579664761475789,1.7659005236839678,1.5734343533696875,0
1.0137521350432226,-0.5681218302071726,3.730199330826234,0
0.8745287276975545,0.5068541289500829,-0.4325710959001453,0
-0.0916970337920332,-0.5681218302071726,-0.4325710959001453,0
-1.2273795611937608,0.2192838275796948,-0.4325710959001453,1
2.5020571239376337,3.3095568028890647,4.374844785668578,0
-0.877715807091801,1.3554949335835398,1.6955207092422502,1
-1.5770433152957206,0.6050307903411093,-0.4325710959001453,1
-0.877715807091801,-0.5681218302071726,-0.4325710959001453,0
-1.5770433152957206,0.3084833078746191,-0.4325710959001453,1
1.4339199419958355,-0.5681218302071726,-0.4325710959001453,0
-1.022839377182731,1.1713060516577414,-0.4325710959001453,1
-1.022839377182731,1.3359226179489203,-0.4325710959001453,1
-1.5770433152957206,0.1101124867991555,-0.4325710959001453,1
0.6640883809412628,1.4962412710112405,1.539087282718291,0
-1.2273795611937608,0.6050307903411093,-0.4325710959001453,1
-1.022839377182731,-0.5681218302071726,-0.4325710959001453,0
-1.5770433152957206,1.0066894853665624,-0.4325710959001453,1
0.6207340205924411,-0.5681218302071726,-0.4325710959001453,0
0.1867984696490057,1.0258779307242485,-0.4325710959001453,1
1.1960480749531,-0.5681218302071726,-0.4325710959001453,0
1.5508541586404172,2.325016008789693,2.3201566580421087,0
-0.4686354390697412,-0.5681218302071726,-0.4325710959001453,0
-0.877715807091801,-0.5681218302071726,-0.4325710959001453,0
-1.2273795611937608,0.6050307903411093,-0.4325710959001453,1
-0.3674054684639838,-0.5681218302071726,-0.4325710959001453,0
-0.5954130541524439,1.6946120920867038,-0.4325710959001453,0
-1.5770433152957206,2.15240074701428,-0.4325710959001453,1
-1.5770433152957206,0.686760772221084,-0.4325710959001453,1
0.320324789584565,-0.5681218302071726,-0.4325710959001453,0
-1.5770433152957206,0.2192838275796948,-0.4325710959001453,1
1.3780388887757689,2.341910527680917,2.7732342456304955,0
0.7510919073680482,-0.5681218302071726,-0.4325710959001453,1
-1.2273795611937608,0.8459712874532468,-0.4325710959001453,1
-1.022839377182731,0.686760772221084,-0.4325710959001453,1
-1.5770433152957206,1.392436448127977,-0.4325710959001453,1
-0.877715807091801,-0.5681218302071726,-0.4325710959001453,0
0.2838420414232854,-0.5681218302071726,-0.4325710959001453,0
-0.5954130541524439,0.9213883734495016,-0.4325710959001453,1
-0.5280520529898413,-0.5681218302071726,-0.4325710959001453,0
0.4258028540442518,2.346993613850527,-0.4325710959001453,1
0.0665300824794515,-0.5681218302071726,-0.4325710959001453,0
-0.1189716849677815,0.9441479488442734,-0.4325710959001453,0
-1.5770433152957206,-0.5681218302071726,0.3030828399198684,1
-0.5954130541524439,-0.5681218302071726,-0.4325710959001453,1
-1.022839377182731,0.2192838275796948,-0.4325710959001453,1
-0.765149220882594,-0.5681218302071726,-0.4325710959001453,1
-1.5770433152957206,-0.5681218302071726,-0.4325710959001453,0
-1.5770433152957206,0.3084833078746191,-0.4325710959001453,1
0.365195075074776,-0.5681218302071726,-0.4325710959001453,0
-0.765149220882594,1.4588763530281292,1.1092883969288942,1
-1.5770433152957206,0.1101124867991555,-0.4325710959001453,1
1.8774888527267248,-0.5681218302071726,-0.4325710959001453,0
-0.877715807091801,2.161719936263319,-0.4325710959001453,1
0.4258028540442518,-0.5681218302071726,-0.4325710959001453,0
-0.765149220882594,0.8975181445860231,-0.4325710959001453,1
-1.2273795611937608,-0.2290046717040085,-0.4325710959001453,1
-1.2273795611937608,0.7230175523740379,-0.4325710959001453,1
-1.5770433152957206,0.3839003938708738,-0.4325710959001453,1
-1.5770433152957206,1.0258779307242485,-0.4325710959001453,1
-1.5770433152957206,0.3839003938708738,-0.4325710959001453,1
-1.5770433152957206,0.3839003938708738,-0.4325710959001453,1
-1.5770433152957206,1.1119311452380842,-0.4325710959001453,1
-1.5770433152957206,0.3084833078746191,-0.4325710959001453,1
-0.2831336716225083,-0.5681218302071726,-0.4325710959001453,0
0.5515217947320558,2.2478327019479245,2.3310450454206175,0
0.2018580406300959,-0.5681218302071726,2.0206269721479675,0
-1.022839377182731,-0.5681218302071726,-0.4325710959001453,0
0.0855684990432483,-0.5681218302071726,-0.4325710959001453,0
-1.2273795611937608,-0.0306338506285448,-0.4325710959001453,1
1.4688099635670988,-0.5681218302071726,-0.4325710959001453,0
2.7313897835288152,3.891882388853189,5.2372191517008835,0
0.7802033393237299,1.3050128051470606,0.9598667734222364,0
-0.877715807091801,-0.2290046717040085,0.0315748605406486,0
-0.877715807091801,-0.5681218302071726,-0.4325710959001453,0
0.4535782081534356,-0.5681218302071726,-0.4325710959001453,0
0.6142247926792929,1.3554949335835398,1.3345972959078458,0
-1.5770433152957206,0.7230175523740379,-0.4325710959001453,1
0.1552595651522323,1.062134710877202,-0.4325710959001453,0
-1.5770433152957206,0.8180069540049123,-0.4325710959001453,1
-0.2457493000504842,-0.5681218302071726,-0.4325710959001453,0
1.6729486687156947,-0.5681218302071726,-0.4325710959001453,0
-1.022839377182731,0.3084833078746191,-0.4325710959001453,0
-0.5280520529898413,0.3839003938708738,-0.4325710959001453,0
-0.765149220882594,1.1571241125080765,-0.4325710959001453,1
-0.6731756230807712,-0.5681218302071726,-0.4325710959001453,0
0.0855684990432483,-0.5681218302071726,-0.4325710959001453,0
-1.2273795611937608,0.9213883734495016,-0.4325710959001453,1
1.769188322926973,-0.5681218302071726,2.8421097180854886,0
0.2445137053491873,-0.5681218302071726,-0.4325710959001453,0
1.4771680415029498,1.7781834108893912,-0.4325710959001453,0
0.004682340171979,2.014156934955248,-0.4325710959001453,1
0.1552595651522323,-0.5681218302071726,-0.4325710959001453,0
0.4967205667491803,-0.5681218302071726,-0.4325710959001453,0
-1.022839377182731,0.5068541289500829,-0.4325710959001453,1
-0.2109452827696042,1.315534557827101,-0.4325710959001453,1
-0.765149220882594,-0.5681218302071726,-0.4325710959001453,0
-0.6731756230807712,-0.5681218302071726,-0.4325710959001453,0
-1.5770433152957206,-0.2290046717040085,-0.4325710959001453,1
0.4063982246411257,2.135165368692827,0.0315748605406486,1
-1.2273795611937608,0.2192838275796948,0.6451424404881,1
0.5873139771947735,1.60541261179178,0.7672287963606622,0
-1.2273795611937608,-0.5681218302071726,-0.4325710959001453,0
-1.2273795611937608,-0.0306338506285448,-0.4325710959001453,1
-1.2273795611937608,-0.2290046717040085,-0.4325710959001453,1
0.004682340171979,2.576781381937517,1.173110101473787,1
-1.5770433152957206,1.4099112572578554,-0.4325710959001453,1
0.3758156392251084,2.580717385812368,-0.4325710959001453,1
-0.0658217126786743,-0.5681218302071726,-0.4325710959001453,1
-1.2273795611937608,0.5068541289500829,-0.4325710959001453,0
-1.5770433152957206,0.3084833078746191,-0.4325710959001453,1
-0.4686354390697412,1.0793028809228633,-0.4325710959001453,1
-1.022839377182731,-0.5681218302071726,-0.4325710959001453,0
-0.765149220882594,1.127463962308648,-0.4325710959001453,1
0.6207340205924411,-0.5681218302071726,-0.4325710959001453,0
-1.5770433152957206,-0.5681218302071726,-0.4325710959001453,0
0.6076304744118864,2.6693938915595226,2.3201566580421087,1
-0.2109452827696042,-0.5681218302071726,0.0315748605406486,1
0.9831695496272048,2.2570350292251073,2.101402014355375,0
-1.5770433152957206,0.6476004663777833,-0.4325710959001453,1
0.7560619787430853,2.376430620309324,2.3626865727161994,0
0.9438412135531068,-0.5681218302071726,-0.4325710959001453,0
-1.2273795611937608,1.1119311452380842,-0.4325710959001453,1
-0.6731756230807712,-0.5681218302071726,-0.4325710959001453,0
-0.0412091160394543,-0.5681218302071726,-0.4325710959001453,0
-0.0916970337920332,-0.5681218302071726,-0.4325710959001453,1
-1.5770433152957206,0.7567718071583226,-0.4325710959001453,1
-0.5280520529898413,-0.5681218302071726,-0.4325710959001453,0
-1.5770433152957206,2.381169084883691,-0.4325710959001453,1
-0.877715807091801,0.7883468038054837,-0.4325710959001453,1
-1.5770433152957206,-0.5681218302071726,-0.4325710959001453,0
-0.3235118689788113,-0.5681218302071726,-0.4325710959001453,0
-0.2831336716225083,-0.5681218302071726,-0.4325710959001453,0
-0.4686354390697412,0.3084833078746191,-0.4325710959001453,0
-1.2273795611937608,0.5068541289500829,-0.4325710959001453,1
-1.022839377182731,-0.2290046717040085,-0.4325710959001453,1
-0.4686354390697412,-0.5681218302071726,-0.4325710959001453,0
-1.5770433152957206,0.6476004663777833,-0.4325710959001453,1
0.2306920691341782,-0.5681218302071726,-0.4325710959001453,0
-0.765149220882594,0.9213883734495016,0.0315748605406486,1
-0.4686354390697412,-0.2290046717040085,-0.4325710959001453,0
-1.022839377182731,-0.5681218302071726,-0.4325710959001453,0
-1.2273795611937608,0.1101124867991555,-0.4325710959001453,1
-0.3235118689788113,-0.5681218302071726,-0.4325710959001453,0
1.4688099635670988,2.8861642868948074,3.0220410317153497,0
0.0261518851231485,-0.5681218302071726,-0.4325710959001453,0
0.6929224094453451,-0.5681218302071726,-0.4325710959001453,0
1.1081925258486456,1.5818300881073382,1.7491189927687478,0
-1.022839377182731,0.5584009860828592,-0.4325710959001453,1
-1.2273795611937608,1.2605055319526657,0.9598667734222364,1
0.4967205667491803,-0.5681218302071726,0.3030828399198684,0
-0.3674054684639838,-0.5681218302071726,-0.4325710959001453,0
-0.5280520529898413,0.3084833078746191,-0.4325710959001453,0
-0.3674054684639838,1.684923802372891,-0.4325710959001453,1
-0.0658217126786743,2.3643796996464626,-0.4325710959001453,1
-0.5954130541524439,-0.5681218302071726,-0.4325710959001453,0
0.0855684990432483,1.4430929635357743,-0.4325710959001453,0
-1.5770433152957206,0.1101124867991555,-0.4325710959001453,1
-1.5770433152957206,0.9213883734495016,-0.4325710959001453,1
-1.5770433152957206,0.4492296453023196,-0.4325710959001453,1
-1.5770433152957206,0.8180069540049123,-0.4325710959001453,1
1.7145611660859288,2.510887250356892,3.194163848516373,0
0.3543460942739389,1.6387829962991305,-0.4325710959001453,0
-1.022839377182731,-0.2290046717040085,-0.4325710959001453,0
-1.5770433152957206,0.5068541289500829,-0.4325710959001453,1
-1.022839377182731,-0.5681218302071726,-0.4325710959001453,0
-1.5770433152957206,1.2942597867369503,-0.4325710959001453,1
-0.877715807091801,1.0066894853665624,-0.4325710959001453,1
1.2241924817995145,2.3643796996464626,0.4957208169814426,0
-0.1783882988878814,-0.5681218302071726,-0.4325710959001453,0
0.7148588291767358,-0.5681218302071726,2.3626865727161994,1
-0.3674054684639838,1.1713060516577414,1.667021894713126,0
-0.6731756230807712,1.1850884459564108,0.0315748605406486,1
1.661575539184827,-0.5681218302071726,-0.4325710959001453,0
-1.022839377182731,1.0258779307242485,-0.4325710959001453,1
-0.877715807091801,1.985898850286529,1.038736775739882,1
-0.5280520529898413,-0.5681218302071726,-0.4325710959001453,0
-1.5770433152957206,-0.5681218302071726,-0.4325710959001453,0
0.004682340171979,-0.5681218302071726,-0.4325710959001453,0
-0.2831336716225083,-0.5681218302071726,-0.4325710959001453,0
0.1387184713323555,2.475256144717017,0.3030828399198684,1
-0.4686354390697412,1.1850884459564108,-0.4325710959001453,1
0.1039144540514755,-0.5681218302071726,-0.4325710959001453,0
-0.5280520529898413,-0.5681218302071726,-0.4325710959001453,1
-0.2831336716225083,-0.5681218302071726,-0.4325710959001453,0
1.0196522977884843,-0.5681218302071726,-0.4325710959001453,0
-0.0916970337920332,1.0793028809228633,-0.4325710959001453,1
0.2445137053491873,-0.5681218302071726,-0.4325710959001453,0
-0.765149220882594,-0.5681218302071726,-0.4325710959001453,1
-1.5770433152957206,0.8975181445860231,-0.4325710959001453,1
-0.415485466780634,1.7781834108893912,-0.4325710959001453,1
-1.2273795611937608,-0.5681218302071726,-0.4325710959001453,1
-0.1478057134718639,-0.5681218302071726,-0.4325710959001453,0
-0.3235118689788113,-0.5681218302071726,-0.4325710959001453,0
-0.765149220882594,-0.5681218302071726,-0.4325710959001453,1
-0.877715807091801,-0.2290046717040085,-0.4325710959001453,1
1.17060781912244,2.2936172840388194,2.2385366680006897,0
1.4516665315693644,2.8961406932618785,2.8421097180854886,0
0.2164810402606826,1.7659005236839678,-0.4325710959001453,0
-0.765149220882594,1.1119311452380842,-0.4325710959001453,1
0.7895454241598173,-0.5681218302071726,-0.4325710959001453,0
-0.765149220882594,0.5584009860828592,-0.4325710959001453,1
-1.5770433152957206,-0.0306338506285448,-0.4325710959001453,1
-0.3674054684639838,-0.5681218302071726,-0.4325710959001453,0
0.0467448735305326,1.0066894853665624,-0.4325710959001453,0
-1.2273795611937608,0.1101124867991555,-0.4325710959001453,1
0.5287604227906182,1.727085606236835,1.7228559768763452,0
-0.6731756230807712,0.8180069540049123,-0.4325710959001453,1
-1.022839377182731,-0.0306338506285448,-0.4325710959001453,1
-0.765149220882594,1.0258779307242485,-0.4325710959001453,1
-1.022839377182731,-0.0306338506285448,0.0315748605406486,0
1.8425700684873192,2.562343666109828,1.9853756190234169,0
-0.6731756230807712,0.6050307903411093,-0.4325710959001453,1
0.7510919073680482,-0.5681218302071726,2.0702512317278594,0
-0.4686354390697412,1.1850884459564108,-0.4325710959001453,1
-0.765149220882594,0.3084833078746191,-0.4325710959001453,1
2.057898176405099,-0.5681218302071726,1.1092883969288942,0
-1.022839377182731,-0.5681218302071726,-0.4325710959001453,1
-0.765149220882594,-0.5681218302071726,-0.4325710959001453,0
1.918114151809262,-0.5681218302071726,1.539087282718291,0
-0.5954130541524439,-0.0306338506285448,-0.4325710959001453,0
-1.5770433152957206,0.3084833078746191,-0.4325710959001453,1
-0.877715807091801,0.4492296453023196,-0.4325710959001453,1
1.214320187003716,-0.5681218302071726,-0.4325710959001453,0
-0.3674054684639838,-0.5681218302071726,-0.4325710959001453,1
0.4712803109185204,2.3974013723479937,2.0206269721479675,1
0.9736211605117748,2.0066106263285306,1.502882732180676,0
-1.022839377182731,-0.5681218302071726,-0.4325710959001453,1
-0.5280520529898413,0.6050307903411093,1.8668990889798236,0
-0.877715807091801,-0.5681218302071726,-0.4325710959001453,0
-0.6731756230807712,-0.5681218302071726,-0.4325710959001453,0
-0.877715807091801,-0.5681218302071726,-0.4325710959001453,0
-0.5954130541524439,0.1101124867991555,-0.4325710959001453,0
-0.877715807091801,0.2192838275796948,-0.4325710959001453,1
-1.022839377182731,-0.5681218302071726,-0.4325710959001453,1
-1.5770433152957206,1.0066894853665624,-0.4325710959001453,1
-1.2273795611937608,0.686760772221084,-0.4325710959001453,1
-1.022839377182731,-0.2290046717040085,-0.4325710959001453,1
-0.877715807091801,-0.5681218302071726,-0.4325710959001453,1
-0.0658217126786743,2.240029623575575,-0.4325710959001453,1
-0.4686354390697412,0.4492296453023196,-0.4325710959001453,1
-1.5770433152957206,0.3084833078746191,-0.4325710959001453,0
-1.022839377182731,0.1101124867991555,0.4957208169814426,0
-1.5770433152957206,-0.5681218302071726,-0.4325710959001453,1
0.1039144540514755,-0.5681218302071726,0.8704513394670519,0
-0.415485466780634,2.4533757949279185,-0.4325710959001453,1
-1.022839377182731,-0.2290046717040085,-0.4325710959001453,0
-0.765149220882594,0.2192838275796948,-0.4325710959001453,1
2.311980212439883,-0.5681218302071726,-0.4325710959001453,0
-0.877715807091801,1.5033836262225244,-0.4325710959001453,1
-1.2273795611937608,-0.5681218302071726,-0.4325710959001453,1
-1.5770433152957206,-0.2290046717040085,-0.4325710959001453,1
2.931210590117349,-0.5681218302071726,-0.4325710959001453,0
-1.5770433152957206,0.4492296453023196,-0.4325710959001453,1
-0.3674054684639838,-0.5681218302071726,-0.4325710959001453,0
-1.022839377182731,-0.5681218302071726,-0.4325710959001453,0
-1.5770433152957206,-0.5681218302071726,-0.4325710959001453,0
-0.2831336716225083,-0.5681218302071726,-0.4325710959001453,0
-1.5770433152957206,-0.0306338506285448,-0.4325710959001453,1
-1.5770433152957206,-0.0306338506285448,-0.4325710959001453,1
-1.5770433152957206,0.3839003938708738,-0.4325710959001453,1
-1.022839377182731,-0.5681218302071726,-0.4325710959001453,1
-1.2273795611937608,0.2192838275796948,-0.4325710959001453,0
-1.022839377182731,0.3084833078746191,-0.4325710959001453,1
-1.5770433152957206,0.9213883734495016,-0.4325710959001453,1
0.0261518851231485,2.186907104395339,0.0315748605406486,1
-0.2109452827696042,-0.5681218302071726,-0.4325710959001453,0
-1.022839377182731,-0.5681218302071726,-0.4325710959001453,0
-0.0658217126786743,-0.5681218302071726,-0.4325710959001453,0
0.4063982246411257,-0.5681218302071726,-0.4325710959001453,0
-1.2273795611937608,0.6050307903411093,-0.4325710959001453,1
-0.1783882988878814,-0.5681218302071726,-0.4325710959001453,0
-0.2831336716225083,-0.5681218302071726,-0.4325710959001453,0
-0.6731756230807712,-0.5681218302071726,-0.4325710959001453,0
-0.6731756230807712,0.8724232776792274,-0.4325710959001453,1
-0.3235118689788113,-0.5681218302071726,-0.4325710959001453,1
-0.765149220882594,-0.5681218302071726,-0.4325710959001453,0
-1.5770433152957206,0.6476004663777833,-0.4325710959001453,0
-1.5770433152957206,-0.5681218302071726,-0.4325710959001453,1
-0.4686354390697412,-0.5681218302071726,-0.4325710959001453,0
-0.5280520529898413,-0.5681218302071726,-0.4325710959001453,0
-0.5280520529898413,-0.5681218302071726,-0.4325710959001453,1
-0.6731756230807712,1.1119311452380842,-0.4325710959001453,1
1.6640343165822968,2.901053631378623,2.440410944181936,0
-1.5770433152957206,-0.5681218302071726,-0.4325710959001453,1
-0.765149220882594,-0.2290046717040085,0.0315748605406486,0
-1.2273795611937608,0.7567718071583226,0.6451424404881,1
-1.5770433152957206,0.3084833078746191,-0.4325710959001453,1
-1.2273795611937608,0.1101124867991555,-0.4325710959001453,1
-1.5770433152957206,1.2366353030891872,-0.4325710959001453,1
-0.765149220882594,-0.5681218302071726,-0.4325710959001453,1
1.100755661470008,3.495275120798208,3.3236494075151652,0
-1.2273795611937608,0.1101124867991555,-0.4325710959001453,1
-1.2273795611937608,0.6050307903411093,-0.4325710959001453,1
-0.877715807091801,1.1119311452380842,1.3345972959078458,0
0.5440482037570622,2.6404281951925963,-0.4325710959001453,1
-1.5770433152957206,0.1101124867991555,-0.4325710959001453,0
1.993683882245095,-0.5681218302071726,3.9288250175576462,0
-0.765149220882594,0.3084833078746191,-0.4325710959001453,1
-1.022839377182731,-0.5681218302071726,-0.4325710959001453,0
-1.5770433152957206,0.5068541289500829,-0.4325710959001453,1
0.1552595651522323,-0.5681218302071726,-0.4325710959001453,0
-0.3235118689788113,-0.5681218302071726,-0.4325710959001453,0
-0.415485466780634,-0.5681218302071726,-0.4325710959001453,1
-0.5954130541524439,-0.5681218302071726,-0.4325710959001453,1
-1.022839377182731,0.1101124867991555,-0.4325710959001453,1
-1.2273795611937608,0.2192838275796948,-0.4325710959001453,1
-0.5954130541524439,1.4510483037412485,-0.4325710959001453,1
-1.5770433152957206,2.5474668990247333,-0.4325710959001453,1
-1.022839377182731,0.3084833078746191,-0.4325710959001453,1
2.9884488493502763,3.9031481674210897,5.059800490436132,0
-1.5770433152957206,-0.0306338506285448,-0.4325710959001453,0
-0.877715807091801,1.0443421085287103,-0.4325710959001453,1
0.5049233192541921,1.0066894853665624,1.667021894713126,0
-0.877715807091801,0.2192838275796948,-0.4325710959001453,1
0.0467448735305326,-0.5681218302071726,-0.4325710959001453,0
-0.765149220882594,0.8180069540049123,-0.4325710959001453,1
0.2445137053491873,-0.5681218302071726,-0.4325710959001453,1
0.6520769048170684,2.376430620309324,-0.4325710959001453,1
-1.2273795611937608,0.2192838275796948,0.0315748605406486,1
-0.877715807091801,1.0793028809228633,0.0315748605406486,1
-1.022839377182731,-0.5681218302071726,-0.4325710959001453,1
0.2710702664904812,-0.5681218302071726,-0.4325710959001453,0
0.9048812295684108,0.7567718071583226,1.284973036327954,0
0.004682340171979,1.524205604459575,-0.4325710959001453,1
0.5129948220735353,1.689791928536755,-0.4325710959001453,1
-0.877715807091801,1.0793028809228633,0.6451424404881,1
-1.022839377182731,-0.5681218302071726,-0.4325710959001453,0
-1.2273795611937608,-0.2290046717040085,-0.4325710959001453,1
-0.6731756230807712,-0.5681218302071726,-0.4325710959001453,0
0.320324789584565,0.3084833078746191,-0.4325710959001453,0
-1.2273795611937608,-0.2290046717040085,-0.4325710959001453,1
-1.5770433152957206,0.9213883734495016,-0.4325710959001453,1
1.4181952975314358,-0.5681218302071726,-0.4325710959001453,0
-1.5770433152957206,0.6476004663777833,-0.4325710959001453,1
0.0261518851231485,-0.5681218302071726,-0.4325710959001453,0
-0.6731756230807712,-0.5681218302071726,-0.4325710959001453,0
-1.5770433152957206,0.4492296453023196,-0.4325710959001453,1
-1.5770433152957206,0.1101124867991555,-0.4325710959001453,1
-0.5280520529898413,-0.5681218302071726,-0.4325710959001453,1
-1.5770433152957206,0.9867176248809476,-0.4325710959001453,1
-0.765149220882594,-0.5681218302071726,-0.4325710959001453,0
-0.0412091160394543,-0.5681218302071726,-0.4325710959001453,0
-1.5770433152957206,-0.5681218302071726,-0.4325710959001453,1
0.5129948220735353,2.533852312185384,-0.4325710959001453,1
-1.5770433152957206,0.6050307903411093,-0.4325710959001453,1
-1.5770433152957206,1.0066894853665624,-0.4325710959001453,0
-0.765149220882594,-0.5681218302071726,-0.4325710959001453,1
-0.415485466780634,-0.5681218302071726,-0.4325710959001453,1
-0.5954130541524439,-0.5681218302071726,-0.4325710959001453,0
-0.5280520529898413,-0.5681218302071726,-0.4325710959001453,0
0.4444886259491429,-0.5681218302071726,-0.4325710959001453,0
-1.5770433152957206,0.8724232776792274,-0.4325710959001453,1
0.0261518851231485,1.5878331406350068,1.284973036327954,1
0.3543460942739389,1.2720176546932715,2.08600774857203,0
0.6271603261475461,1.53095388583332,0.4957208169814426,0
0.8338245476714128,-0.5681218302071726,-0.4325710959001453,0
-0.6731756230807712,-0.5681218302071726,-0.4325710959001453,0
0.9085500323869288,-0.5681218302071726,1.284973036327954,0
-0.5280520529898413,1.1984931924996616,0.4957208169814426,1
-0.877715807091801,0.8180069540049123,-0.4325710959001453,1
-1.2273795611937608,-0.2290046717040085,-0.4325710959001453,0
-0.877715807091801,1.0793028809228633,1.8449423327489076,1
-1.2273795611937608,-0.2290046717040085,-0.4325710959001453,1
-1.5770433152957206,-0.5681218302071726,-0.4325710959001453,0
-1.022839377182731,1.4510483037412485,-0.4325710959001453,1
-0.3674054684639838,-0.5681218302071726,-0.4325710959001453,0
-0.1783882988878814,2.083835038513288,-0.4325710959001453,1
-0.4686354390697412,0.9213883734495016,-0.4325710959001453,1
1.007782146266425,-0.5681218302071726,-0.4325710959001453,0
-0.877715807091801,-0.5681218302071726,-0.4325710959001453,0
-1.022839377182731,-0.5681218302071726,-0.4325710959001453,0
0.1039144540514755,-0.5681218302071726,-0.4325710959001453,0
-1.022839377182731,0.7567718071583226,-0.4325710959001453,1
1.0196522977884843,2.255513277942701,1.3345972959078458,0
-0.415485466780634,0.3084833078746191,-0.4325710959001453,1
-0.5280520529898413,0.1101124867991555,-0.4325710959001453,0
-0.5280520529898413,-0.5681218302071726,-0.4325710959001453,0
-0.877715807091801,-0.5681218302071726,-0.4325710959001453,1
-1.5770433152957206,0.5068541289500829,-0.4325710959001453,0
-1.5770433152957206,0.3084833078746191,-0.4325710959001453,1
-0.5954130541524439,0.9213883734495016,-0.4325710959001453,1
-0.1478057134718639,-0.5681218302071726,-0.4325710959001453,0
-1.5770433152957206,0.3084833078746191,-0.4325710959001453,1
0.725479393327068,-0.5681218302071726,-0.4325710959001453,0
-1.2273795611937608,1.575752461592351,-0.4325710959001453,1
-0.2457493000504842,0.3839003938708738,-0.4325710959001453,1
-0.6731756230807712,-0.5681218302071726,-0.4325710959001453,1
-0.765149220882594,0.8724232776792274,0.0315748605406486,1
-0.5954130541524439,-0.2290046717040085,-0.4325710959001453,1
0.5588862782849688,2.35452057220363,-0.4325710959001453,0
-0.765149220882594,-0.0306338506285448,-0.4325710959001453,1
-0.877715807091801,0.7883468038054837,-0.4325710959001453,1
-1.5770433152957206,1.6333769452401143,-0.4325710959001453,1
-1.5770433152957206,0.1101124867991555,-0.4325710959001453,1
-1.5770433152957206,2.026481078866254,-0.4325710959001453,1
-1.022839377182731,-0.5681218302071726,-0.4325710959001453,0
-1.5770433152957206,1.488993099287626,-0.4325710959001453,1
-0.1478057134718639,-0.5681218302071726,-0.4325710959001453,0
-0.0658217126786743,-0.5681218302071726,-0.4325710959001453,0
-0.5280520529898413,0.2192838275796948,-0.4325710959001453,0
-0.415485466780634,-0.5681218302071726,-0.4325710959001453,0
-1.5770433152957206,0.5068541289500829,-0.4325710959001453,1
-0.5280520529898413,-0.5681218302071726,-0.4325710959001453,0
-1.5770433152957206,0.6476004663777833,-0.4325710959001453,0
-0.5280520529898413,0.5068541289500829,-0.4325710959001453,1
0.2445137053491873,-0.5681218302071726,-0.4325710959001453,0
0.004682340171979,1.3359226179489203,-0.4325710959001453,1
2.5560448348593825,-0.5681218302071726,-0.4325710959001453,0
1.558974384902501,-0.5681218302071726,-0.4325710959001453,0
-0.5280520529898413,-0.5681218302071726,-0.4325710959001453,0
1.9076302302495387,3.2865783458126905,4.123199371768222,0
0.0855684990432483,1.3359226179489203,1.6061052752870657,0
-0.765149220882594,-0.5681218302071726,-0.4325710959001453,0
-0.415485466780634,1.0958889656614867,-0.4325710959001453,1
-1.5770433152957206,-0.2290046717040085,-0.4325710959001453,1
-1.5770433152957206,0.686760772221084,-0.4325710959001453,1
-0.2457493000504842,2.477197586323623,-0.4325710959001453,1
-1.5770433152957206,1.0443421085287103,-0.4325710959001453,1
-1.2273795611937608,0.1101124867991555,-0.4325710959001453,1
-1.5770433152957206,1.0443421085287103,-0.4325710959001453,1
0.3543460942739389,1.9387398489589935,-0.4325710959001453,1
1.360439726152664,2.4325980380171375,2.857046123290581,1
-0.5954130541524439,1.1119311452380842,-0.4325710959001453,1
-0.2109452827696042,-0.5681218302071726,-0.4325710959001453,0
-0.765149220882594,0.5584009860828592,-0.4325710959001453,1
0.5588862782849688,0.6050307903411093,-0.4325710959001453,0
-0.3235118689788113,-0.5681218302071726,-0.4325710959001453,1
-1.2273795611937608,1.062134710877202,-0.4325710959001453,1
0.4161938365814114,-0.5681218302071726,-0.4325710959001453,0
-1.5770433152957206,0.1101124867991555,-0.4325710959001453,1
-0.5954130541524439,-0.5681218302071726,-0.4325710959001453,0
0.3964086276324924,1.2942597867369503,-0.4325710959001453,0
-1.5770433152957206,0.5584009860828592,-0.4325710959001453,1
-0.6731756230807712,0.9441479488442734,-0.4325710959001453,1
-1.022839377182731,0.1101124867991555,0.3030828399198684,1
-0.877715807091801,-0.5681218302071726,-0.4325710959001453,0
-0.765149220882594,0.2192838275796948,-0.4325710959001453,0
-1.5770433152957206,2.7679866009012692,-0.4325710959001453,1
-0.877715807091801,-0.5681218302071726,-0.4325710959001453,0
-1.022839377182731,-0.5681218302071726,-0.4325710959001453,1
-1.5770433152957206,2.858965147312427,-0.4325710959001453,1
-1.5770433152957206,1.3743142784764515,-0.4325710959001453,1
-0.415485466780634,-0.5681218302071726,-0.4325710959001453,0
-0.2109452827696042,0.7567718071583226,-0.4325710959001453,1
-1.5770433152957206,-0.0306338506285448,-0.4325710959001453,1
-0.5280520529898413,0.5584009860828592,-0.4325710959001453,1
-0.1783882988878814,1.5506575946855556,-0.4325710959001453,0
-0.2831336716225083,-0.5681218302071726,-0.4325710959001453,0
-0.877715807091801,-0.0306338506285448,-0.4325710959001453,1
-1.5770433152957206,1.699385228901109,-0.4325710959001453,1
-0.415485466780634,0.7567718071583226,-0.4325710959001453,1
0.4161938365814114,1.8865454170885845,0.6451424404881,1
-0.765149220882594,2.026481078866254,-0.4325710959001453,1
-1.5770433152957206,0.9441479488442734,-0.4325710959001453,1
-1.5770433152957206,0.4492296453023196,-0.4325710959001453,1
0.4799037373859414,-0.5681218302071726,-0.4325710959001453,0
-0.765149220882594,0.3084833078746191,-0.4325710959001453,1
-1.2273795611937608,0.5068541289500829,-0.4325710959001453,1
-1.5770433152957206,-0.0306338506285448,-0.4325710959001453,1
-0.3235118689788113,0.9213883734495016,-0.4325710959001453,1
-1.2273795611937608,0.1101124867991555,-0.4325710959001453,1
-1.2273795611937608,-0.2290046717040085,-0.4325710959001453,1
-0.6731756230807712,0.7883468038054837,-0.4325710959001453,1
-1.5770433152957206,0.1101124867991555,-0.4325710959001453,1
-1.022839377182731,-0.5681218302071726,-0.4325710959001453,1
0.7094635032652221,2.891177918912355,1.284973036327954,1
-0.3235118689788113,-0.5681218302071726,-0.4325710959001453,0
-1.2273795611937608,-0.5681218302071726,-0.4325710959001453,0
-1.5770433152957206,2.473306968262871,-0.4325710959001453,1
-1.2273795611937608,2.3129683855656276,1.284973036327954,1
-0.765149220882594,0.5584009860828592,-0.4325710959001453,1
-0.415485466780634,-0.5681218302071726,-0.4325710959001453,0
0.3084546380625055,-0.5681218302071726,-0.4325710959001453,0
1.7262592708944002,3.0343085349832237,3.7716591356927074,0
0.6009488116435222,-0.5681218302071726,-0.4325710959001453,0
-1.5770433152957206,1.7901654622444123,-0.4325710959001453,1
0.8974625934563751,-0.5681218302071726,-0.4325710959001453,0
-1.5770433152957206,0.6050307903411093,-0.4325710959001453,0
-1.5770433152957206,0.2192838275796948,-0.4325710959001453,0
-0.765149220882594,-0.5681218302071726,-0.4325710959001453,0
0.4967205667491803,2.183387357970736,0.3030828399198684,1
-1.5770433152957206,0.3084833078746191,-0.4325710959001453,1
-0.1189716849677815,1.563365910302876,-0.4325710959001453,1
1.8007071130608563,2.744997818361123,3.6371462037726183,0
-1.5770433152957206,0.3084833078746191,-0.4325710959001453,1
0.970397774694401,1.4430929635357743,0.4957208169814426,1
-1.2273795611937608,-0.5681218302071726,-0.4325710959001453,0
-0.3235118689788113,0.686760772221084,-0.4325710959001453,1
-1.5770433152957206,0.9441479488442734,-0.4325710959001453,1
-0.2457493000504842,-0.5681218302071726,-0.4325710959001453,0
0.1216165568165608,-0.5681218302071726,-0.4325710959001453,0
0.2579667203099265,-0.5681218302071726,-0.4325710959001453,0
-1.5770433152957206,-0.5681218302071726,-0.4325710959001453,0
-0.2457493000504842,0.7883468038054837,-0.4325710959001453,1
-1.5770433152957206,0.3084833078746191,-0.4325710959001453,1
1.955710228566189,-0.5681218302071726,-0.4325710959001453,0
-0.5954130541524439,1.3359226179489203,-0.4325710959001453,1
-0.5954130541524439,-0.5681218302071726,-0.4325710959001453,0
-1.5770433152957206,0.3084833078746191,-0.4325710959001453,1
0.0467448735305326,-0.5681218302071726,-0.4325710959001453,0
-1.5770433152957206,1.7225764255350386,-0.4325710959001453,1
-0.0658217126786743,0.2192838275796948,-0.4325710959001453,0
-1.5770433152957206,0.3084833078746191,-0.4325710959001453,1
0.2445137053491873,-0.5681218302071726,-0.4325710959001453,1
-1.5770433152957206,0.2192838275796948,-0.4325710959001453,1
-1.5770433152957206,0.4492296453023196,-0.4325710959001453,1
0.5733003492880002,1.5818300881073382,0.3030828399198684,0
-0.877715807091801,-0.5681218302071726,-0.4325710959001453,0
0.2445137053491873,-0.5681218302071726,-0.4325710959001453,0
-1.5770433152957206,0.8180069540049123,-0.4325710959001453,1
-0.765149220882594,1.2720176546932715,-0.4325710959001453,1
-1.5770433152957206,1.1571241125080765,-0.4325710959001453,1
3.3555962248461553,-0.5681218302071726,1.6061052752870657,0
0.8252742046034711,2.381169084883691,2.037580309810482,1
0.1039144540514755,1.0443421085287103,-0.4325710959001453,0
0.725479393327068,1.8865454170885845,1.5734343533696875,0
1.624948991737328,2.47134999508216,3.565911644156631,0
0.7410024077619953,1.0066894853665624,2.08600774857203,0
-1.2273795611937608,-0.0306338506285448,-0.4325710959001453,1
-0.877715807091801,-0.5681218302071726,-0.4325710959001453,0
2.5301401429466774,3.2599307758747895,3.4022468183087504,0
-1.022839377182731,-0.5681218302071726,-0.4325710959001453,0
0.1387184713323555,2.2822058595887516,-0.4325710959001453,1
1.098252141870052,-0.5681218302071726,-0.4325710959001453,0
-0.2457493000504842,-0.5681218302071726,-0.4325710959001453,0
-0.3235118689788113,0.5584009860828592,0.0315748605406486,0
-1.5770433152957206,-0.0306338506285448,-0.4325710959001453,1
-0.415485466780634,1.0066894853665624,-0.4325710959001453,1
-0.0177417143620239,-0.5681218302071726,-0.4325710959001453,0
-0.3235118689788113,1.0066894853665624,-0.4325710959001453,1
-1.022839377182731,-0.5681218302071726,-0.4325710959001453,0
-0.2831336716225083,-0.5681218302071726,-0.4325710959001453,0
-1.5770433152957206,0.2192838275796948,-0.4325710959001453,1
-1.5770433152957206,0.7883468038054837,0.4957208169814426,1
-0.415485466780634,-0.5681218302071726,-0.4325710959001453,0
-0.3235118689788113,-0.5681218302071726,-0.4325710959001453,1
-0.3235118689788113,1.142518769919737,-0.4325710959001453,1
-1.022839377182731,0.7567718071583226,-0.4325710959001453,1
-1.5770433152957206,0.686760772221084,-0.4325710959001453,1
-0.2457493000504842,-0.5681218302071726,-0.4325710959001453,0
-1.5770433152957206,0.1101124867991555,-0.4325710959001453,1
-1.5770433152957206,0.6050307903411093,-0.4325710959001453,1
-0.5954130541524439,-0.5681218302071726,-0.4325710959001453,0
-1.5770433152957206,0.3084833078746191,-0.4325710959001453,1
-0.1189716849677815,-0.5681218302071726,-0.4325710959001453,0
-0.1783882988878814,-0.5681218302071726,-0.4325710959001453,1
-1.5770433152957206,0.4492296453023196,-0.4325710959001453,1
-1.5770433152957206,-0.5681218302071726,-0.4325710959001453,0
-0.2457493000504842,0.7883468038054837,-0.4325710959001453,1
-1.022839377182731,0.2192838275796948,-0.4325710959001453,1
-1.022839377182731,1.0258779307242485,-0.4325710959001453,1
-0.1478057134718639,-0.5681218302071726,-0.4325710959001453,1
-1.5770433152957206,0.8180069540049123,-0.4325710959001453,1
-0.2109452827696042,-0.5681218302071726,-0.4325710959001453,0
-1.5770433152957206,0.1101124867991555,-0.4325710959001453,0
-0.5280520529898413,0.5068541289500829,-0.4325710959001453,0
-0.2109452827696042,1.0066894853665624,1.7228559768763452,0
-1.5770433152957206,2.5877233667669213,1.7228559768763452,1
0.1216165568165608,-0.5681218302071726,0.0315748605406486,0
-0.2109452827696042,1.2487159821318428,-0.4325710959001453,0
-1.022839377182731,0.7883468038054837,-0.4325710959001453,1
-1.5770433152957206,0.6476004663777833,-0.4325710959001453,1
-1.5770433152957206,1.699385228901109,-0.4325710959001453,1
0.1039144540514755,-0.5681218302071726,-0.4325710959001453,0
0.6076304744118864,1.4741664300079511,0.0315748605406486,0
1.2849109239621557,-0.5681218302071726,-0.4325710959001453,0
-0.1189716849677815,-0.5681218302071726,-0.4325710959001453,1
-0.0916970337920332,2.15240074701428,-0.4325710959001453,1
-1.5770433152957206,0.4492296453023196,-0.4325710959001453,1
-0.1783882988878814,0.8724232776792274,-0.4325710959001453,1
0.5661447943626426,-0.5681218302071726,-0.4325710959001453,1
-0.3674054684639838,-0.5681218302071726,-0.4325710959001453,0
-0.3235118689788113,0.7567718071583226,-0.4325710959001453,1
0.803241962255395,1.60541261179178,1.7228559768763452,0
-1.022839377182731,-0.0306338506285448,-0.4325710959001453,1
0.2164810402606826,-0.5681218302071726,-0.4325710959001453,0
-1.5770433152957206,0.3084833078746191,-0.4325710959001453,1
2.8005337804605737,3.9978933827788503,3.845344225723642,0
-0.3674054684639838,0.8180069540049123,-0.4325710959001453,1
-0.3235118689788113,0.8459712874532468,-0.4325710959001453,0
1.6474114563040156,-0.5681218302071726,-0.4325710959001453,0
-1.5770433152957206,0.3084833078746191,-0.4325710959001453,1
-1.022839377182731,0.6050307903411093,-0.4325710959001453,1
-0.765149220882594,1.941643374649341,-0.4325710959001453,1
0.7895454241598173,-0.5681218302071726,-0.4325710959001453,0
-1.5770433152957206,-0.0306338506285448,-0.4325710959001453,1
-1.2273795611937608,0.6476004663777833,-0.4325710959001453,1
0.9011855488340156,1.873410597527548,1.284973036327954,1
-1.2273795611937608,-0.5681218302071726,-0.4325710959001453,0
-0.6731756230807712,-0.5681218302071726,-0.4325710959001453,0
-1.022839377182731,1.0443421085287103,0.0315748605406486,1
-1.2273795611937608,-0.5681218302071726,-0.4325710959001453,0
0.4352322531452082,3.0744939323767295,2.2863870958953356,1
-1.5770433152957206,3.169987378809411,-0.4325710959001453,1
1.098252141870052,-0.5681218302071726,-0.4325710959001453,0
0.3084546380625055,1.0258779307242485,-0.4325710959001453,0
0.1712754552140784,1.4430929635357743,-0.4325710959001453,1
-0.877715807091801,0.2192838275796948,-0.4325710959001453,1
0.3543460942739389,1.917917870721943,1.173110101473787,1
0.1712754552140784,1.880022085207447,-0.4325710959001453,1
1.6222916115938797,2.6930148883020464,2.714969594302827,0
-1.5770433152957206,0.7567718071583226,-0.4325710959001453,1
-1.2273795611937608,0.7567718071583226,-0.4325710959001453,1
0.8463843208511401,2.260064405113666,1.7491189927687478,0
-0.5280520529898413,-0.5681218302071726,-0.4325710959001453,0
0.765857590683371,-0.5681218302071726,-0.4325710959001453,0
-0.765149220882594,-0.5681218302071726,-0.4325710959001453,0
-0.0658217126786743,-0.5681218302071726,-0.4325710959001453,0
0.1552595651522323,-0.5681218302071726,-0.4325710959001453,0
0.6009488116435222,-0.5681218302071726,-0.4325710959001453,0
-1.5770433152957206,0.2192838275796948,-0.4325710959001453,1
-0.6731756230807712,1.0066894853665624,-0.4325710959001453,1
0.878424176892578,2.596911292058767,-0.4325710959001453,1
-0.765149220882594,-0.5681218302071726,-0.4325710959001453,0
-1.5770433152957206,1.1571241125080765,-0.4325710959001453,1
-0.6731756230807712,0.9441479488442734,1.8668990889798236,0
-0.877715807091801,0.9658956466438964,-0.4325710959001453,1
0.7941523800511028,2.6177016644530564,1.502882732180676,1
-1.5770433152957206,0.3084833078746191,-0.4325710959001453,1
1.1415179153077633,-0.5681218302071726,-0.4325710959001453,0
-1.022839377182731,0.3084833078746191,0.3030828399198684,0
0.5873139771947735,0.686760772221084,2.101402014355375,0
-0.3235118689788113,-0.5681218302071726,-0.4325710959001453,0
-0.1189716849677815,2.3129683855656276,3.037260347512172,1
-0.877715807091801,-0.5681218302071726,-0.4325710959001453,1
-0.5954130541524439,-0.5681218302071726,-0.4325710959001453,1
0.6640883809412628,1.2942597867369503,2.08600774857203,0
1.0283751346738097,-0.5681218302071726,-0.4325710959001453,0
-0.877715807091801,0.1101124867991555,-0.4325710959001453,1
-0.877715807091801,-0.5681218302071726,-0.4325710959001453,0
-0.415485466780634,-0.5681218302071726,-0.4325710959001453,1
-1.022839377182731,1.127463962308648,-0.4325710959001453,1
-0.6731756230807712,1.0443421085287103,-0.4325710959001453,1
-1.5770433152957206,0.7567718071583226,-0.4325710959001453,1
-0.2831336716225083,-0.5681218302071726,-0.4325710959001453,0
-1.5770433152957206,0.6476004663777833,-0.4325710959001453,1
-1.022839377182731,0.5068541289500829,-0.4325710959001453,1
0.2164810402606826,1.4665811208118118,2.08600774857203,1
0.915808548464602,2.448263495089287,1.173110101473787,1
-1.5770433152957206,0.3084833078746191,-0.4325710959001453,1
-1.2273795611937608,-0.5681218302071726,-0.4325710959001453,0
-1.5770433152957206,0.7567718071583226,-0.4325710959001453,1
-0.877715807091801,-0.5681218302071726,-0.4325710959001453,0
-0.2109452827696042,-0.5681218302071726,-0.4325710959001453,1
1.401964680456591,2.637644445759914,2.8164505991854125,0
-1.5770433152957206,-0.2290046717040085,-0.4325710959001453,1
-0.4686354390697412,0.686760772221084,-0.4325710959001453,0
-1.5770433152957206,0.6050307903411093,-0.4325710959001453,0
-0.877715807091801,1.1850884459564108,0.0315748605406486,1
-1.022839377182731,2.0548509180509016,0.7672287963606622,1
-1.2273795611937608,-0.0306338506285448,-0.4325710959001453,1
-0.5280520529898413,0.8180069540049123,-0.4325710959001453,1
-1.5770433152957206,0.4492296453023196,-0.4325710959001453,1
-1.5770433152957206,0.3084833078746191,-0.4325710959001453,1
-0.2457493000504842,0.686760772221084,-0.4325710959001453,1
-1.022839377182731,-0.5681218302071726,-0.4325710959001453,0
-1.5770433152957206,0.3839003938708738,-0.4325710959001453,1
-0.3235118689788113,0.9213883734495016,-0.4325710959001453,0
1.3794781427164604,1.80186106244558,1.173110101473787,0
-0.4686354390697412,1.2242487517997116,-0.4325710959001453,1
-1.5770433152957206,-0.5681218302071726,-0.4325710959001453,1
-1.5770433152957206,0.2192838275796948,-0.4325710959001453,1
-1.022839377182731,-0.5681218302071726,-0.4325710959001453,1
-1.2273795611937608,-0.5681218302071726,-0.4325710959001453,0
-0.765149220882594,-0.5681218302071726,-0.4325710959001453,0
-1.5770433152957206,0.2192838275796948,-0.4325710959001453,1
-1.5770433152957206,0.1101124867991555,-0.4325710959001453,1
-0.765149220882594,1.0066894853665624,-0.4325710959001453,1
-0.3235118689788113,-0.5681218302071726,-0.4325710959001453,1
-0.765149220882594,-0.5681218302071726,-0.4325710959001453,0
-0.765149220882594,0.9213883734495016,-0.4325710959001453,1
-0.1478057134718639,-0.5681218302071726,-0.4325710959001453,0
-0.5954130541524439,-0.5681218302071726,-0.4325710959001453,0
1.0777637152132795,-0.5681218302071726,-0.4325710959001453,0
-0.1189716849677815,-0.5681218302071726,-0.4325710959001453,0
-0.3674054684639838,-0.5681218302071726,-0.4325710959001453,1
-0.6731756230807712,-0.0306338506285448,-0.4325710959001453,1
1.3894395584919357,2.473306968262871,3.2961097066419285,0
0.7510919073680482,-0.5681218302071726,-0.4325710959001453,1
-1.5770433152957206,-0.5681218302071726,-0.4325710959001453,1
-1.5770433152957206,0.4492296453023196,-0.4325710959001453,1
-1.5770433152957206,0.3084833078746191,-0.4325710959001453,0
-1.2273795611937608,-0.2290046717040085,-0.4325710959001453,1
-0.2831336716225083,-0.5681218302071726,-0.4325710959001453,0
-1.5770433152957206,1.689791928536755,-0.4325710959001453,1
-1.5770433152957206,-0.5681218302071726,-0.4325710959001453,1
-0.5280520529898413,0.7230175523740379,0.4957208169814426,1
-1.5770433152957206,0.3084833078746191,-0.4325710959001453,0
0.4063982246411257,-0.5681218302071726,-0.4325710959001453,0
0.1039144540514755,-0.5681218302071726,-0.4325710959001453,0
-1.5770433152957206,0.4492296453023196,-0.4325710959001453,1
-1.022839377182731,-0.5681218302071726,-0.4325710959001453,0
1.801952689407309,-0.5681218302071726,-0.4325710959001453,0
-1.022839377182731,1.689791928536755,-0.4325710959001453,1
-0.0412091160394543,-0.5681218302071726,-0.4325710959001453,0
-0.765149220882594,1.0793028809228633,-0.4325710959001453,0
-0.415485466780634,0.7230175523740379,1.4646082539681988,1
1.564979910163694,-0.5681218302071726,-0.4325710959001453,0
-0.765149220882594,-0.2290046717040085,-0.4325710959001453,0
-1.022839377182731,-0.5681218302071726,-0.4325710959001453,0
-1.022839377182731,-0.5681218302071726,-0.4325710959001453,0
0.5733003492880002,2.224039878771318,2.7505330523361295,1
-0.2831336716225083,-0.5681218302071726,-0.4325710959001453,0
0.0467448735305326,-0.5681218302071726,2.8216616843920437,0
-0.0658217126786743,-0.5681218302071726,-0.4325710959001453,0
-1.5770433152957206,0.6476004663777833,-0.4325710959001453,1
-1.2273795611937608,0.4492296453023196,-0.4325710959001453,1
-1.5770433152957206,0.4492296453023196,-0.4325710959001453,1
-0.4686354390697412,-0.5681218302071726,-0.4325710959001453,1
-0.2457493000504842,1.2242487517997116,1.173110101473787,1
-1.5770433152957206,1.142518769919737,-0.4325710959001453,1
-0.3674054684639838,-0.0306338506285448,0.3030828399198684,0
0.2164810402606826,1.6223822658506015,1.6372560579145814,1
-0.765149220882594,-0.2290046717040085,-0.4325710959001453,1
-0.5954130541524439,0.1101124867991555,-0.4325710959001453,0
-1.5770433152957206,-0.2290046717040085,-0.4325710959001453,1
-1.2273795611937608,0.6050307903411093,0.6451424404881,1
-0.877715807091801,-0.5681218302071726,-0.4325710959001453,1
0.3758156392251084,-0.5681218302071726,-0.4325710959001453,0
0.9265041752092282,2.00406910039044,1.5734343533696875,0
1.9327230346013864,3.057927555694378,2.4761325368409848,0
-1.5770433152957206,0.4492296453023196,-0.4325710959001453,1
-0.877715807091801,-0.0306338506285448,-0.4325710959001453,1
-1.2273795611937608,0.9213883734495016,-0.4325710959001453,1
-1.5770433152957206,-0.5681218302071726,0.3030828399198684,1
-1.5770433152957206,-0.5681218302071726,-0.4325710959001453,1
-1.5770433152957206,0.7883468038054837,-0.4325710959001453,1
1.072508895155673,1.980580943114402,-0.4325710959001453,0
-1.2273795611937608,1.062134710877202,-0.4325710959001453,1
-0.4686354390697412,1.60541261179178,-0.4325710959001453,1
-0.877715807091801,1.0958889656614867,-0.4325710959001453,1
-0.765149220882594,-0.5681218302071726,-0.4325710959001453,1
-1.5770433152957206,1.5506575946855556,-0.4325710959001453,1
-0.765149220882594,-0.0306338506285448,-0.4325710959001453,0
-1.2273795611937608,-0.5681218302071726,-0.4325710959001453,0
-0.0916970337920332,-0.5681218302071726,-0.4325710959001453,0
-0.6731756230807712,0.3084833078746191,-0.4325710959001453,1
-0.3235118689788113,1.488993099287626,-0.4325710959001453,1
-1.5770433152957206,0.8724232776792274,-0.4325710959001453,1
0.0665300824794515,2.5198479888092633,-0.4325710959001453,1
0.0855684990432483,-0.5681218302071726,-0.4325710959001453,0
-1.5770433152957206,0.7883468038054837,-0.4325710959001453,1
-1.5770433152957206,0.6476004663777833,-0.4325710959001453,1
-1.5770433152957206,0.5584009860828592,-0.4325710959001453,1
0.7094635032652221,-0.5681218302071726,-0.4325710959001453,1
-0.877715807091801,0.3839003938708738,-0.4325710959001453,1
-1.5770433152957206,1.3050128051470606,-0.4325710959001453,1
-1.5770433152957206,1.3554949335835398,-0.4325710959001453,1
-0.0177417143620239,-0.5681218302071726,-0.4325710959001453,0
-0.2831336716225083,-0.5681218302071726,-0.4325710959001453,0
-0.2457493000504842,-0.5681218302071726,-0.4325710959001453,0
-0.6731756230807712,-0.5681218302071726,-0.4325710959001453,0
0.0855684990432483,1.2242487517997116,1.3807963763081137,0
-1.5770433152957206,1.0443421085287103,-0.4325710959001453,1
-0.877715807091801,-0.5681218302071726,-0.4325710959001453,1
-0.4686354390697412,-0.5681218302071726,-0.4325710959001453,0
-1.2273795611937608,-0.0306338506285448,-0.4325710959001453,0
-1.5770433152957206,0.8975181445860231,-0.4325710959001453,1
0.8209440650204803,1.8667085387097304,1.284973036327954,0
0.3543460942739389,-0.5681218302071726,-0.4325710959001453,0
-1.022839377182731,-0.5681218302071726,-0.4325710959001453,0
0.004682340171979,-0.5681218302071726,-0.4325710959001453,0
-1.022839377182731,-0.5681218302071726,-0.4325710959001453,1
0.893711957859022,-0.5681218302071726,-0.4325710959001453,0
0.8505023695485082,-0.5681218302071726,-0.4325710959001453,0
-1.2273795611937608,-0.5681218302071726,-0.4325710959001453,1
0.2306920691341782,-0.5681218302071726,-0.4325710959001453,0
-0.877715807091801,-0.5681218302071726,-0.4325710959001453,0
2.36905279110224,-0.5681218302071726,-0.4325710959001453,0
-0.2831336716225083,-0.5681218302071726,-0.4325710959001453,0
-0.765149220882594,-0.0306338506285448,-0.4325710959001453,1
-1.022839377182731,-0.5681218302071726,-0.4325710959001453,1
0.0261518851231485,-0.5681218302071726,-0.4325710959001453,1
-0.1783882988878814,-0.5681218302071726,-0.4325710959001453,0
0.7358809610927927,0.9658956466438964,1.173110101473787,0
-1.5770433152957206,0.6476004663777833,-0.4325710959001453,1
-0.0658217126786743,0.8975181445860231,-0.4325710959001453,1
-1.022839377182731,-0.5681218302071726,-0.4325710959001453,0
-1.2273795611937608,0.3839003938708738,0.3030828399198684,1
-1.5770433152957206,-0.5681218302071726,-0.4325710959001453,1
-1.5770433152957206,2.1070863645202245,-0.4325710959001453,1
-0.6731756230807712,-0.5681218302071726,-0.4325710959001453,1
-1.5770433152957206,-0.5681218302071726,-0.4325710959001453,1
-1.5770433152957206,-0.2290046717040085,-0.4325710959001453,1
-1.022839377182731,0.8724232776792274,1.284973036327954,1
0.365195075074776,1.2942597867369503,0.6451424404881,0
0.1552595651522323,0.1101124867991555,1.7491189927687478,0
0.8666464085159139,1.820753086926065,2.1164503121281273,0
-0.0412091160394543,-0.5681218302071726,-0.4325710959001453,0
-1.2273795611937608,-0.5681218302071726,-0.4325710959001453,1
-1.5770433152957206,0.4492296453023196,-0.4325710959001453,1
-1.5770433152957206,-0.0306338506285448,-0.4325710959001453,1
0.6929224094453451,2.255513277942701,-0.4325710959001453,1
-1.5770433152957206,0.9867176248809476,-0.4325710959001453,1
-0.0916970337920332,-0.5681218302071726,-0.4325710959001453,0
2.37905823936271,-0.5681218302071726,4.721279347631342,0
-0.0412091160394543,-0.5681218302071726,-0.4325710959001453,1
1.9945338540789048,3.1877631880282444,3.635608611662801,0
-1.2273795611937608,-0.5681218302071726,-0.4325710959001453,0
-0.877715807091801,1.1119311452380842,-0.4325710959001453,1
-0.3674054684639838,0.8180069540049123,-0.4325710959001453,1
-1.022839377182731,-0.5681218302071726,-0.4325710959001453,0
-0.5280520529898413,-0.5681218302071726,-0.4325710959001453,0
-0.3235118689788113,-0.5681218302071726,-0.4325710959001453,0
-1.5770433152957206,-0.0306338506285448,-0.4325710959001453,1
3.4098172794604875,3.984643713793558,2.986477573682046,0
-0.0658217126786743,0.3084833078746191,-0.4325710959001453,0
-1.2273795611937608,-0.2290046717040085,-0.4325710959001453,0
1.7893563254928595,2.9131243746439637,2.77879129884772,0
1.072508895155673,2.11527471704512,-0.4325710959001453,1
-0.6731756230807712,-0.5681218302071726,-0.4325710959001453,1
0.5733003492880002,2.228891911691884,0.6451424404881,0
-1.5770433152957206,-0.2290046717040085,-0.4325710959001453,1
0.004682340171979,-0.5681218302071726,-0.4325710959001453,0
-1.022839377182731,1.74036902788353,-0.4325710959001453,1
-1.5770433152957206,0.5068541289500829,-0.4325710959001453,0
-0.5954130541524439,-0.5681218302071726,-0.4325710959001453,0
-0.877715807091801,-0.5681218302071726,-0.4325710959001453,0
-1.022839377182731,-0.5681218302071726,-0.4325710959001453,0
-0.415485466780634,0.3084833078746191,0.0315748605406486,0
-1.5770433152957206,3.2163820267820222,-0.4325710959001453,1
-1.5770433152957206,0.5068541289500829,-0.4325710959001453,1
1.6023642817357178,-0.5681218302071726,-0.4325710959001453,0
-0.765149220882594,0.5584009860828592,-0.4325710959001453,0
-1.022839377182731,-0.5681218302071726,-0.4325710959001453,1
-0.1189716849677815,1.1984931924996616,-0.4325710959001453,0
-1.5770433152957206,0.6476004663777833,-0.4325710959001453,1
0.0665300824794515,-0.5681218302071726,-0.4325710959001453,0
0.2710702664904812,1.3050128051470606,0.7672287963606622,0
-1.022839377182731,1.6700218592038678,-0.4325710959001453,1
-0.415485466780634,-0.5681218302071726,-0.4325710959001453,0
-1.022839377182731,0.9213883734495016,-0.4325710959001453,1
-0.2831336716225083,-0.5681218302071726,-0.4325710959001453,0
-1.022839377182731,0.2192838275796948,0.0315748605406486,1
-1.2273795611937608,-0.5681218302071726,-0.4325710959001453,1
-0.5954130541524439,-0.5681218302071726,-0.4325710959001453,0
-1.2273795611937608,0.3084833078746191,-0.4325710959001453,0
-0.877715807091801,-0.5681218302071726,-0.4325710959001453,0
-0.4686354390697412,1.392436448127977,-0.4325710959001453,1
0.1712754552140784,-0.5681218302071726,-0.4325710959001453,0
-0.4686354390697412,-0.2290046717040085,-0.4325710959001453,1
0.915808548464602,1.744717880010124,-0.4325710959001453,0
0.7094635032652221,1.557053014419156,-0.4325710959001453,0
-0.4686354390697412,-0.5681218302071726,-0.4325710959001453,0
1.072508895155673,-0.5681218302071726,-0.4325710959001453,0
-1.022839377182731,-0.5681218302071726,-0.4325710959001453,1
-0.765149220882594,-0.5681218302071726,-0.4325710959001453,0
-0.415485466780634,-0.5681218302071726,-0.4325710959001453,0
-0.5954130541524439,-0.5681218302071726,-0.4325710959001453,0
-0.2457493000504842,-0.5681218302071726,1.038736775739882,0
-1.5770433152957206,0.1101124867991555,-0.4325710959001453,1
0.0467448735305326,-0.5681218302071726,-0.4325710959001453,0
-1.5770433152957206,1.0066894853665624,-0.4325710959001453,1
0.5873139771947735,-0.5681218302071726,-0.4325710959001453,0
-1.022839377182731,0.8180069540049123,-0.4325710959001453,1
2.7225420295581664,3.598950115194812,2.3310450454206175,0
1.5767806392451258,2.7743611880583643,2.986477573682046,0
1.514806100867105,-0.5681218302071726,2.1164503121281273,0
0.6142247926792929,1.7041122477305763,1.7228559768763452,0
0.004682340171979,-0.5681218302071726,-0.4325710959001453,0
2.329768151867705,-0.5681218302071726,1.667021894713126,0
-0.2457493000504842,1.142518769919737,0.0315748605406486,0
-1.5770433152957206,0.4492296453023196,-0.4325710959001453,1
-0.6731756230807712,-0.5681218302071726,-0.4325710959001453,0
-0.1783882988878814,-0.5681218302071726,-0.4325710959001453,0
-1.2273795611937608,0.9441479488442734,-0.4325710959001453,1
1.098252141870052,-0.5681218302071726,-0.4325710959001453,0
-0.4686354390697412,-0.5681218302071726,-0.4325710959001453,0
-0.3674054684639838,2.2807605331525047,-0.4325710959001453,1
0.940421145103822,1.731553606631141,2.0541150034646085,0
1.7182460485335505,2.5892667202324473,2.644417973113814,0
-0.415485466780634,-0.5681218302071726,-0.4325710959001453,0
-0.877715807091801,0.3084833078746191,-0.4325710959001453,1
-1.5770433152957206,0.2192838275796948,-0.4325710959001453,1
-1.5770433152957206,0.8459712874532468,-0.4325710959001453,1
1.17060781912244,-0.5681218302071726,-0.4325710959001453,0
0.1712754552140784,-0.5681218302071726,-0.4325710959001453,0
-0.877715807091801,-0.5681218302071726,-0.4325710959001453,0
0.2164810402606826,1.5506575946855556,-0.4325710959001453,0
-1.2273795611937608,0.4492296453023196,-0.4325710959001453,1
-0.0916970337920332,-0.5681218302071726,-0.4325710959001453,0
-1.022839377182731,-0.5681218302071726,-0.4325710959001453,0
-0.877715807091801,-0.2290046717040085,-0.4325710959001453,1
-1.022839377182731,0.9213883734495016,-0.4325710959001453,1
0.7560619787430853,1.392436448127977,2.0702512317278594,0
-1.5770433152957206,0.3084833078746191,-0.4325710959001453,1
-0.877715807091801,-0.5681218302071726,-0.4325710959001453,0
-1.022839377182731,1.4267833651808035,-0.4325710959001453,1
-1.5770433152957206,0.7567718071583226,-0.4325710959001453,1
-0.5954130541524439,0.7567718071583226,-0.4325710959001453,0
-1.5770433152957206,-0.0306338506285448,-0.4325710959001453,1
0.7941523800511028,-0.5681218302071726,-0.4325710959001453,0
-1.022839377182731,-0.5681218302071726,-0.4325710959001453,1
0.6929224094453451,-0.5681218302071726,-0.4325710959001453,0
-0.6731756230807712,0.686760772221084,-0.4325710959001453,0
-0.3674054684639838,-0.5681218302071726,-0.4325710959001453,0
2.075561535791338,2.552476253124484,3.1051734358827283,0
-1.2273795611937608,1.3554949335835398,-0.4325710959001453,1
1.736985220619932,-0.5681218302071726,-0.4325710959001453,0
-1.5770433152957206,1.0443421085287103,-0.4325710959001453,1
-0.877715807091801,3.545235354940605,-0.4325710959001453,1
-1.5770433152957206,1.7979935115312933,-0.4325710959001453,1
-1.022839377182731,0.3084833078746191,-0.4325710959001453,1
-1.022839377182731,0.8180069540049123,-0.4325710959001453,1
-0.5954130541524439,-0.5681218302071726,-0.4325710959001453,0
1.3809133020458149,2.224039878771318,2.77879129884772,0
-0.3674054684639838,-0.5681218302071726,-0.4325710959001453,0
-1.2273795611937608,0.7567718071583226,-0.4325710959001453,1
-1.5770433152957206,0.2192838275796948,-0.4325710959001453,1
-0.5954130541524439,-0.5681218302071726,-0.4325710959001453,0
-1.5770433152957206,1.7575371979291914,-0.4325710959001453,1
-0.0177417143620239,2.4041965182883582,-0.4325710959001453,1
-1.2273795611937608,0.1101124867991555,-0.4325710959001453,1
-0.4686354390697412,0.5584009860828592,-0.4325710959001453,1
-0.0916970337920332,0.9213883734495016,-0.4325710959001453,0
-0.0658217126786743,-0.5681218302071726,-0.4325710959001453,0
0.0665300824794515,-0.5681218302071726,-0.4325710959001453,0
-1.5770433152957206,-0.5681218302071726,-0.4325710959001453,0
-1.5770433152957206,0.3084833078746191,-0.4325710959001453,1
-0.5954130541524439,-0.5681218302071726,-0.4325710959001453,0
4.952000463619227,6.105220970087679,7.497740733543094,0
0.7460723817344526,2.716142602767648,2.542321790356445,1
-1.5770433152957206,0.5068541289500829,-0.4325710959001453,1
1.3736963239618265,-0.5681218302071726,-0.4325710959001453,0
-0.877715807091801,1.5104232101609056,-0.4325710959001453,1
-0.877715807091801,-0.5681218302071726,-0.4325710959001453,0
-1.5770433152957206,0.3084833078746191,-0.4325710959001453,0
-0.6731756230807712,-0.5681218302071726,-0.4325710959001453,0
1.258213786488888,2.4389245396586863,2.7210295548434305,0
-0.765149220882594,-0.5681218302071726,-0.4325710959001453,1
-1.5770433152957206,0.6050307903411093,-0.4325710959001453,1
-1.5770433152957206,0.7883468038054837,-0.4325710959001453,1
-0.415485466780634,1.142518769919737,-0.4325710959001453,1
-0.3674054684639838,-0.5681218302071726,1.173110101473787,0
-0.1783882988878814,-0.5681218302071726,0.7672287963606622,0
-1.5770433152957206,0.7230175523740379,-0.4325710959001453,1
-0.877715807091801,1.2942597867369503,-0.4325710959001453,1
-1.5770433152957206,0.3084833078746191,-0.4325710959001453,1
-0.0412091160394543,-0.5681218302071726,-0.4325710959001453,0
0.6872859467395543,2.261572087794819,1.9481648758552972,0
-0.3674054684639838,-0.5681218302071726,-0.4325710959001453,0
-0.5280520529898413,-0.5681218302071726,-0.4325710959001453,0
-0.0658217126786743,-0.5681218302071726,-0.4325710959001453,0
-0.765149220882594,-0.5681218302071726,-0.4325710959001453,1
-1.5770433152957206,0.5068541289500829,-0.4325710959001453,1
-0.877715807091801,-0.5681218302071726,-0.4325710959001453,0
-0.6731756230807712,0.3084833078746191,-0.4325710959001453,0
-1.2273795611937608,-0.2290046717040085,-0.4325710959001453,1
1.2849109239621557,-0.5681218302071726,-0.4325710959001453,0
2.264556103688904,-0.5681218302071726,3.0220410317153497,0
0.320324789584565,-0.5681218302071726,-0.4325710959001453,0
-0.2831336716225083,-0.5681218302071726,-0.4325710959001453,0
-1.5770433152957206,0.8975181445860231,-0.4325710959001453,1
1.4795308475276496,2.7196964390443528,3.2345842854014024,0
1.5549306104312768,-0.5681218302071726,-0.4325710959001453,0
-0.2109452827696042,-0.5681218302071726,-0.4325710959001453,0
-0.2457493000504842,0.8724232776792274,-0.4325710959001453,1
-0.877715807091801,-0.0306338506285448,-0.4325710959001453,0
2.341856730829428,-0.5681218302071726,-0.4325710959001453,0
-0.765149220882594,-0.5681218302071726,-0.4325710959001453,0
-1.5770433152957206,0.2192838275796948,-0.4325710959001453,0
0.2838420414232854,1.1984931924996616,-0.4325710959001453,1
-1.5770433152957206,0.2192838275796948,-0.4325710959001453,1
0.6984965895207682,1.60541261179178,1.9087640372938008,0
-0.877715807091801,0.2192838275796948,-0.4325710959001453,1
-0.415485466780634,1.4184200394260271,-0.4325710959001453,1
-1.5770433152957206,1.8599133927693656,-0.4325710959001453,1
-0.5280520529898413,-0.5681218302071726,-0.4325710959001453,0
-1.5770433152957206,0.6050307903411093,-0.4325710959001453,1
-1.5770433152957206,0.3084833078746191,-0.4325710959001453,1
1.3232849146137349,2.383521217504918,1.038736775739882,0
-0.415485466780634,1.1119311452380842,-0.4325710959001453,1
-0.3235118689788113,-0.5681218302071726,-0.4325710959001453,0
3.2221825296119366,-0.5681218302071726,-0.4325710959001453,0
-1.5770433152957206,0.7230175523740379,-0.4325710959001453,1
0.2710702664904812,-0.5681218302071726,-0.4325710959001453,0
-1.5770433152957206,0.6476004663777833,-0.4325710959001453,1
0.7094635032652221,-0.5681218302071726,-0.4325710959001453,0
-0.5954130541524439,0.6476004663777833,-0.4325710959001453,1
-0.765149220882594,-0.5681218302071726,-0.4325710959001453,0
-1.5770433152957206,-0.0306338506285448,-0.4325710959001453,1
-0.4686354390697412,-0.5681218302071726,-0.4325710959001453,0
-0.877715807091801,0.2192838275796948,-0.4325710959001453,1
-0.5954130541524439,-0.5681218302071726,-0.4325710959001453,0
-1.5770433152957206,-0.5681218302071726,-0.4325710959001453,1
0.1552595651522323,1.8865454170885845,-0.4325710959001453,1
-1.2273795611937608,-0.5681218302071726,-0.4325710959001453,0
-0.765149220882594,0.2192838275796948,-0.4325710959001453,1
1.2241924817995145,-0.5681218302071726,-0.4325710959001453,0
-1.5770433152957206,0.2192838275796948,0.7672287963606622,0
-0.5954130541524439,0.686760772221084,-0.4325710959001453,0
-1.5770433152957206,-0.0306338506285448,-0.4325710959001453,1
-1.022839377182731,0.9213883734495016,-0.4325710959001453,1
-0.1478057134718639,-0.5681218302071726,-0.4325710959001453,0
0.0467448735305326,-0.5681218302071726,-0.4325710959001453,0
-1.022839377182731,1.2487159821318428,-0.4325710959001453,1
-0.5280520529898413,-0.5681218302071726,-0.4325710959001453,0
-0.1783882988878814,-0.5681218302071726,-0.4325710959001453,0
-1.2273795611937608,0.2192838275796948,-0.4325710959001453,1
-0.5280520529898413,-0.5681218302071726,-0.4325710959001453,0
-0.0177417143620239,-0.5681218302071726,-0.4325710959001453,0
-0.5280520529898413,-0.2290046717040085,0.0315748605406486,0
-0.5954130541524439,-0.5681218302071726,-0.4325710959001453,0
-1.5770433152957206,0.4492296453023196,-0.4325710959001453,1
0.2018580406300959,-0.5681218302071726,-0.4325710959001453,0
-1.5770433152957206,0.8180069540049123,-0.4325710959001453,1
-1.2273795611937608,0.2192838275796948,-0.4325710959001453,1
-0.1783882988878814,0.686760772221084,-0.4325710959001453,0
0.8209440650204803,-0.5681218302071726,-0.4325710959001453,0
-0.2457493000504842,1.0066894853665624,0.3030828399198684,1
0.3084546380625055,-0.5681218302071726,-0.4325710959001453,0
0.2962984314355189,-0.5681218302071726,-0.4325710959001453,0
-0.2457493000504842,-0.5681218302071726,1.3345972959078458,0
-0.5280520529898413,-0.5681218302071726,-0.4325710959001453,0
-0.877715807091801,-0.5681218302071726,-0.4325710959001453,0
0.7410024077619953,-0.5681218302071726,-0.4325710959001453,0
-0.877715807091801,0.7883468038054837,0.3030828399198684,1
0.5873139771947735,-0.5681218302071726,-0.4325710959001453,0
-0.3674054684639838,-0.5681218302071726,-0.4325710959001453,0
-0.877715807091801,-0.5681218302071726,-0.4325710959001453,0
-1.022839377182731,0.3839003938708738,-0.4325710959001453,0
-1.5770433152957206,1.6111348131964356,-0.4325710959001453,1
-0.6731756230807712,-0.5681218302071726,-0.4325710959001453,0
-0.1478057134718639,-0.5681218302071726,-0.4325710959001453,0
-1.022839377182731,-0.5681218302071726,-0.4325710959001453,0
-1.5770433152957206,1.4510483037412485,-0.4325710959001453,1
-0.4686354390697412,-0.5681218302071726,-0.4325710959001453,0
-0.1783882988878814,2.014156934955248,-0.4325710959001453,1
-0.3674054684639838,-0.5681218302071726,-0.4325710959001453,0
-0.1189716849677815,-0.5681218302071726,-0.4325710959001453,0
-0.2457493000504842,-0.5681218302071726,-0.4325710959001453,0
-1.5770433152957206,1.1119311452380842,-0.4325710959001453,1
-0.2831336716225083,-0.5681218302071726,-0.4325710959001453,1
1.1179408130397035,-0.5681218302071726,-0.4325710959001453,0
1.9566265924222075,-0.5681218302071726,-0.4325710959001453,0
-0.877715807091801,0.6050307903411093,-0.4325710959001453,1
-1.5770433152957206,0.9441479488442734,-0.4325710959001453,1
-0.4686354390697412,-0.5681218302071726,-0.4325710959001453,0
-1.2273795611937608,-0.2290046717040085,-0.4325710959001453,1
-0.3674054684639838,0.686760772221084,-0.4325710959001453,0
-0.4686354390697412,-0.5681218302071726,-0.4325710959001453,0
-1.2273795611937608,0.2192838275796948,-0.4325710959001453,1
-0.4686354390697412,-0.5681218302071726,-0.4325710959001453,0
-1.5770433152957206,0.7883468038054837,-0.4325710959001453,1
-1.022839377182731,0.2192838275796948,-0.4325710959001453,1
-1.5770433152957206,0.6050307903411093,-0.4325710959001453,1
-0.3235118689788113,0.6050307903411093,-0.4325710959001453,1
0.0261518851231485,1.3743142784764515,0.4957208169814426,0
-0.1783882988878814,0.3839003938708738,1.6061052752870657,0
-0.0177417143620239,-0.5681218302071726,-0.4325710959001453,0
-1.2273795611937608,-0.5681218302071726,-0.4325710959001453,0
-0.415485466780634,1.2720176546932715,1.7228559768763452,0
0.2306920691341782,-0.5681218302071726,-0.4325710959001453,0
-1.5770433152957206,-0.0306338506285448,-0.4325710959001453,1
-0.0412091160394543,-0.5681218302071726,-0.4325710959001453,0
-0.765149220882594,-0.0306338506285448,-0.4325710959001453,1
-1.5770433152957206,0.8459712874532468,-0.4325710959001453,1
-0.765149220882594,0.9213883734495016,-0.4325710959001453,1
1.470012486577592,2.5286475541318216,3.2317766457761903,0
-1.5770433152957206,0.2192838275796948,-0.4325710959001453,1
-1.022839377182731,-0.5681218302071726,-0.4325710959001453,0
1.649098608926901,-0.5681218302071726,-0.4325710959001453,0
-0.0916970337920332,1.2115404361823916,0.8704513394670519,0
-1.5770433152957206,1.627910490126098,-0.4325710959001453,1
-1.5770433152957206,0.2192838275796948,-0.4325710959001453,1
-1.022839377182731,-0.5681218302071726,-0.4325710959001453,0
-0.5280520529898413,-0.5681218302071726,-0.4325710959001453,0
-0.0177417143620239,0.6050307903411093,-0.4325710959001453,1
-1.022839377182731,-0.5681218302071726,-0.4325710959001453,0
1.5579664761475789,-0.5681218302071726,-0.4325710959001453,0
-0.1783882988878814,-0.5681218302071726,-0.4325710959001453,0
-1.5770433152957206,0.1101124867991555,-0.4325710959001453,1
0.6076304744118864,1.1850884459564108,-0.4325710959001453,0
-0.4686354390697412,-0.5681218302071726,-0.4325710959001453,0
-1.5770433152957206,0.5068541289500829,-0.4325710959001453,1
-1.5770433152957206,0.9867176248809476,-0.4325710959001453,1
0.4535782081534356,2.0361216399187105,1.173110101473787,1
-1.022839377182731,-0.5681218302071726,-0.4325710959001453,1
-0.3674054684639838,-0.5681218302071726,-0.4325710959001453,0
-1.2273795611937608,0.1101124867991555,-0.4325710959001453,1
-1.5770433152957206,-0.2290046717040085,-0.4325710959001453,1
0.0467448735305326,0.2192838275796948,-0.4325710959001453,0
-0.2831336716225083,-0.5681218302071726,-0.4325710959001453,0
-1.2273795611937608,0.3084833078746191,-0.4325710959001453,1
-1.5770433152957206,0.3839003938708738,-0.4325710959001453,1
-1.022839377182731,0.5068541289500829,-0.4325710959001453,1
0.8706029634179979,-0.5681218302071726,-0.4325710959001453,0
-1.022839377182731,-0.5681218302071726,-0.4325710959001453,0
-1.5770433152957206,0.7230175523740379,-0.4325710959001453,1
-0.765149220882594,0.7567718071583226,-0.4325710959001453,1
0.320324789584565,2.448263495089287,0.0315748605406486,1
-1.022839377182731,-0.0306338506285448,-0.4325710959001453,0
-0.2457493000504842,-0.5681218302071726,-0.4325710959001453,0
-1.5770433152957206,0.3084833078746191,-0.4325710959001453,1
0.6699885436865246,1.8929829131621676,1.9481648758552972,0
-1.2273795611937608,1.0443421085287103,-0.4325710959001453,1
0.6640883809412628,1.6387829962991305,-0.4325710959001453,0
-0.5280520529898413,-0.5681218302071726,-0.4325710959001453,0
-0.2457493000504842,-0.5681218302071726,-0.4325710959001453,0
-0.5280520529898413,-0.5681218302071726,-0.4325710959001453,0
0.8586389679436596,1.0066894853665624,2.1596666656830443,0
-0.877715807091801,0.7230175523740379,-0.4325710959001453,1
-0.5280520529898413,-0.5681218302071726,-0.4325710959001453,1
-0.3674054684639838,-0.5681218302071726,-0.4325710959001453,1
0.7754666081462114,-0.5681218302071726,-0.4325710959001453,0
0.0855684990432483,-0.5681218302071726,-0.4325710959001453,0
-0.877715807091801,-0.5681218302071726,-0.4325710959001453,0
-0.877715807091801,-0.5681218302071726,-0.4325710959001453,0
-1.2273795611937608,0.1101124867991555,-0.4325710959001453,1
-1.022839377182731,-0.5681218302071726,-0.4325710959001453,0
-1.5770433152957206,0.6476004663777833,-0.4325710959001453,1
1.1032468179598374,2.1886575271672335,2.2863870958953356,0
-0.6731756230807712,-0.5681218302071726,-0.4325710959001453,0
-0.765149220882594,-0.5681218302071726,-0.4325710959001453,0
-0.765149220882594,-0.5681218302071726,-0.4325710959001453,0
-1.5770433152957206,0.686760772221084,-0.4325710959001453,1
-0.877715807091801,1.649419124816712,-0.4325710959001453,1
-1.022839377182731,0.9441479488442734,-0.4325710959001453,1
0.5515217947320558,1.2487159821318428,-0.4325710959001453,0
-1.022839377182731,-0.5681218302071726,-0.4325710959001453,1
-0.415485466780634,0.3839003938708738,0.4957208169814426,1
-1.022839377182731,-0.5681218302071726,-0.4325710959001453,1
-1.022839377182731,-0.2290046717040085,-0.4325710959001453,1
-0.0412091160394543,-0.5681218302071726,-0.4325710959001453,1
-1.5770433152957206,0.2192838275796948,-0.4325710959001453,0
-0.0658217126786743,-0.5681218302071726,0.8704513394670519,0
0.7895454241598173,1.0793028809228633,-0.4325710959001453,0
-1.022839377182731,0.5068541289500829,-0.4325710959001453,1
0.5287604227906182,-0.5681218302071726,-0.4325710959001453,0
0.2579667203099265,2.420782603026982,1.173110101473787,1
0.9193990131877658,1.9530881688764088,1.4240127298630303,0
-1.5770433152957206,0.2192838275796948,-0.4325710959001453,1
-0.5280520529898413,2.5541347043493734,1.5734343533696875,1
-0.4686354390697412,-0.5681218302071726,-0.4325710959001453,0
-0.415485466780634,-0.5681218302071726,-0.4325710959001453,1
-1.2273795611937608,-0.5681218302071726,-0.4325710959001453,0
-1.022839377182731,-0.5681218302071726,-0.4325710959001453,0
-1.5770433152957206,0.3839003938708738,0.0315748605406486,0
-1.2273795611937608,-0.0306338506285448,-0.4325710959001453,0
-1.5770433152957206,1.1984931924996616,-0.4325710959001453,1
-0.5280520529898413,-0.5681218302071726,-0.4325710959001453,0
-0.877715807091801,0.9213883734495016,-0.4325710959001453,1
2.182966821894265,-0.5681218302071726,-0.4325710959001453,0
-0.3674054684639838,0.5068541289500829,-0.4325710959001453,0
-1.5770433152957206,1.8667085387097304,-0.4325710959001453,1
-1.022839377182731,0.6050307903411093,-0.4325710959001453,0
-1.5770433152957206,0.2192838275796948,-0.4325710959001453,1
-0.5954130541524439,-0.5681218302071726,-0.4325710959001453,0
0.2710702664904812,-0.5681218302071726,-0.4325710959001453,0
-1.5770433152957206,-0.0306338506285448,-0.4325710959001453,1
-1.022839377182731,-0.5681218302071726,-0.4325710959001453,1
-0.5280520529898413,0.1101124867991555,-0.4325710959001453,1
-1.5770433152957206,0.3084833078746191,-0.4325710959001453,1
0.4352322531452082,-0.5681218302071726,1.502882732180676,0
-0.765149220882594,0.3084833078746191,-0.4325710959001453,1
-0.877715807091801,1.488993099287626,-0.4325710959001453,1
-1.5770433152957206,0.6050307903411093,-0.4325710959001453,1
-1.022839377182731,1.315534557827101,-0.4325710959001453,1
-1.5770433152957206,0.7883468038054837,-0.4325710959001453,0
-1.5770433152957206,0.5068541289500829,-0.4325710959001453,1
-1.5770433152957206,0.3084833078746191,-0.4325710959001453,1
-0.5954130541524439,-0.5681218302071726,-0.4325710959001453,1
-0.4686354390697412,1.1119311452380842,-0.4325710959001453,1
1.136889826295509,-0.2290046717040085,1.7987432523486395,0
-0.5954130541524439,-0.5681218302071726,-0.4325710959001453,1
-0.877715807091801,-0.5681218302071726,-0.4325710959001453,0
-1.5770433152957206,0.9213883734495016,-0.4325710959001453,1
0.1039144540514755,2.4742825271959914,-0.4325710959001453,1
0.7040098483758988,-0.5681218302071726,-0.4325710959001453,0
-1.5770433152957206,0.5068541289500829,-0.4325710959001453,1
-0.2109452827696042,-0.2290046717040085,0.0315748605406486,0
-1.5770433152957206,0.1101124867991555,-0.4325710959001453,1
-1.5770433152957206,1.524205604459575,-0.4325710959001453,1
-0.3674054684639838,-0.5681218302071726,-0.4325710959001453,0
-1.5770433152957206,-0.5681218302071726,-0.4325710959001453,0
-1.5770433152957206,-0.5681218302071726,-0.4325710959001453,1
-0.765149220882594,0.6476004663777833,-0.4325710959001453,0
-0.0916970337920332,-0.5681218302071726,-0.4325710959001453,1
-0.877715807091801,-0.5681218302071726,0.6451424404881,0
0.7706849783736722,2.224039878771318,-0.4325710959001453,0
-1.2273795611937608,-0.2290046717040085,-0.4325710959001453,1
-0.1783882988878814,0.6050307903411093,-0.4325710959001453,1
2.5080764299872804,3.763538729555294,4.052730323002967,0
1.2708484617703468,-0.5681218302071726,-0.4325710959001453,0
-1.5770433152957206,1.4430929635357743,-0.4325710959001453,1
0.8463843208511401,1.917917870721943,2.440410944181936,0
-1.5770433152957206,1.1850884459564108,-0.4325710959001453,1
-0.4686354390697412,-0.5681218302071726,-0.4325710959001453,1
-1.5770433152957206,0.1101124867991555,-0.4325710959001453,1
-0.5954130541524439,-0.5681218302071726,-0.4325710959001453,0
0.5049233192541921,-0.5681218302071726,-0.4325710959001453,0
-0.6731756230807712,0.1101124867991555,1.284973036327954,0
-1.2273795611937608,0.686760772221084,-0.4325710959001453,1
-1.2273795611937608,-0.5681218302071726,-0.4325710959001453,1
-0.3235118689788113,0.6050307903411093,-0.4325710959001453,0
0.0261518851231485,-0.5681218302071726,-0.4325710959001453,0
-0.0412091160394543,-0.5681218302071726,-0.4325710959001453,0
-1.2273795611937608,-0.5681218302071726,-0.4325710959001453,1
0.1039144540514755,-0.5681218302071726,-0.4325710959001453,0
-0.2109452827696042,-0.5681218302071726,-0.4325710959001453,0
-1.5770433152957206,0.8180069540049123,-0.4325710959001453,1
-1.5770433152957206,0.5584009860828592,-0.4325710959001453,1
-0.3235118689788113,1.0443421085287103,-0.4325710959001453,1
-0.3674054684639838,0.5068541289500829,-0.4325710959001453,0
0.2306920691341782,1.4430929635357743,-0.4325710959001453,1
-0.765149220882594,0.8459712874532468,-0.4325710959001453,1
-1.5770433152957206,0.3084833078746191,-0.4325710959001453,1
-0.5954130541524439,-0.5681218302071726,-0.4325710959001453,1
0.4161938365814114,-0.5681218302071726,-0.4325710959001453,0
-0.3674054684639838,-0.5681218302071726,-0.4325710959001453,0
-1.5770433152957206,0.3839003938708738,-0.4325710959001453,1
-1.2273795611937608,0.5584009860828592,-0.4325710959001453,0
0.4258028540442518,-0.5681218302071726,-0.4325710959001453,0
-1.5770433152957206,-0.5681218302071726,-0.4325710959001453,1
-1.2273795611937608,1.0443421085287103,-0.4325710959001453,1
0.365195075074776,1.941643374649341,-0.4325710959001453,1
-1.5770433152957206,0.2192838275796948,-0.4325710959001453,1
-0.2831336716225083,-0.5681218302071726,-0.4325710959001453,0
-1.5770433152957206,3.1527604302879357,-0.4325710959001453,1
0.7754666081462114,2.6985921289225745,-0.4325710959001453,0
-0.5954130541524439,1.3050128051470606,-0.4325710959001453,1
1.4208503466289035,1.0066894853665624,0.9598667734222364,0
2.854507946808682,-0.5681218302071726,0.9598667734222364,0
0.0855684990432483,0.7567718071583226,-0.4325710959001453,0
-1.2273795611937608,0.1101124867991555,-0.4325710959001453,1
-0.0177417143620239,0.3839003938708738,0.8704513394670519,0
-1.5770433152957206,1.0793028809228633,-0.4325710959001453,1
0.4883822254343152,1.1713060516577414,1.1092883969288942,0
-1.5770433152957206,0.3084833078746191,-0.4325710959001453,1
-0.1189716849677815,1.2605055319526657,-0.4325710959001453,1
-0.5954130541524439,-0.5681218302071726,-0.4325710959001453,0
1.6957218534207523,3.645571025830157,3.5573156202120577,0
-1.5770433152957206,1.3834592670318746,-0.4325710959001453,1
-0.5280520529898413,0.3839003938708738,-0.4325710959001453,1
-1.5770433152957206,1.4588763530281292,-0.4325710959001453,1
-1.022839377182731,-0.5681218302071726,-0.4325710959001453,0
0.0467448735305326,-0.5681218302071726,-0.4325710959001453,0
-1.5770433152957206,0.1101124867991555,-0.4325710959001453,1
0.6699885436865246,1.7781834108893912,2.08600774857203,0
2.332600358025494,-0.5681218302071726,-0.4325710959001453,0
-1.5770433152957206,0.9441479488442734,-0.4325710959001453,1
-0.3235118689788113,-0.5681218302071726,-0.4325710959001453,0
-0.5280520529898413,-0.5681218302071726,-0.4325710959001453,1
-1.5770433152957206,0.2192838275796948,-0.4325710959001453,1
-0.765149220882594,-0.5681218302071726,-0.4325710959001453,1
0.970397774694401,2.038502387404274,-0.4325710959001453,1
-1.5770433152957206,0.3084833078746191,-0.4325710959001453,1
-1.5770433152957206,0.3084833078746191,-0.4325710959001453,1
-0.877715807091801,-0.5681218302071726,-0.4325710959001453,0
-0.877715807091801,-0.5681218302071726,-0.4325710959001453,1
-0.6731756230807712,0.8180069540049123,-0.4325710959001453,1
-0.5280520529898413,-0.5681218302071726,-0.4325710959001453,0
-0.877715807091801,-0.5681218302071726,-0.4325710959001453,0
0.0855684990432483,-0.5681218302071726,-0.4325710959001453,0
-1.5770433152957206,2.726727592052899,-0.4325710959001453,1
-1.2273795611937608,1.2942597867369503,-0.4325710959001453,1
1.881223620867986,2.2431658051022936,2.542321790356445,0
-0.877715807091801,-0.5681218302071726,-0.4325710959001453,1
-1.2273795611937608,0.4492296453023196,-0.4325710959001453,1
0.4799037373859414,-0.5681218302071726,-0.4325710959001453,0
-0.1478057134718639,-0.5681218302071726,-0.4325710959001453,0
-0.2831336716225083,-0.5681218302071726,-0.4325710959001453,0
-0.6731756230807712,-0.5681218302071726,-0.4325710959001453,0
-1.022839377182731,0.7230175523740379,-0.4325710959001453,0
-1.2273795611937608,1.1984931924996616,-0.4325710959001453,0
-1.2273795611937608,2.299224710956967,0.0315748605406486,1
-1.022839377182731,-0.5681218302071726,-0.4325710959001453,0
0.8666464085159139,1.3743142784764515,2.90455690062273,0
0.0467448735305326,1.3554949335835398,-0.4325710959001453,0
-0.765149220882594,1.0258779307242485,-0.4325710959001453,1
-1.5770433152957206,-0.2290046717040085,-0.4325710959001453,1
-1.022839377182731,0.6050307903411093,-0.4325710959001453,1
0.760983560843897,-0.5681218302071726,-0.4325710959001453,0
-1.022839377182731,-0.5681218302071726,-0.4325710959001453,0
-0.3235118689788113,-0.5681218302071726,-0.4325710959001453,0
-0.877715807091801,0.2192838275796948,0.0315748605406486,1
-0.5280520529898413,1.0066894853665624,-0.4325710959001453,0
-0.0412091160394543,-0.5681218302071726,-0.4325710959001453,1
-0.4686354390697412,-0.5681218302071726,-0.4325710959001453,0
-0.2457493000504842,-0.5681218302071726,-0.4325710959001453,0
-0.0412091160394543,0.8975181445860231,-0.4325710959001453,1
-1.5770433152957206,0.3084833078746191,-0.4325710959001453,1
-1.5770433152957206,0.7230175523740379,-0.4325710959001453,1
-1.022839377182731,-0.5681218302071726,-0.4325710959001453,0
-0.4686354390697412,-0.5681218302071726,-0.4325710959001453,0
1.0564077997623138,-0.5681218302071726,-0.4325710959001453,0
-0.0916970337920332,-0.5681218302071726,-0.4325710959001453,0
0.2710702664904812,-0.5681218302071726,-0.4325710959001453,0
-0.4686354390697412,-0.5681218302071726,-0.4325710959001453,0
-1.2273795611937608,-0.0306338506285448,-0.4325710959001453,0
-0.5954130541524439,0.6050307903411093,-0.4325710959001453,1
-1.5770433152957206,-0.5681218302071726,-0.4325710959001453,0
1.2241924817995145,-0.5681218302071726,-0.4325710959001453,0
-1.022839377182731,0.3839003938708738,-0.4325710959001453,1
0.7358809610927927,-0.5681218302071726,-0.4325710959001453,1
-0.1189716849677815,0.3084833078746191,-0.4325710959001453,1
-1.5770433152957206,1.3554949335835398,-0.4325710959001453,1
-0.2831336716225083,0.9213883734495016,-0.4325710959001453,0
-0.3674054684639838,-0.5681218302071726,-0.4325710959001453,0
-1.5770433152957206,-0.0306338506285448,-0.4325710959001453,1
-0.4686354390697412,1.0793028809228633,0.6451424404881,1
-0.765149220882594,0.7567718071583226,-0.4325710959001453,1
-1.022839377182731,-0.5681218302071726,-0.4325710959001453,0
-0.765149220882594,0.3839003938708738,0.7672287963606622,0
-0.5954130541524439,1.488993099287626,1.1092883969288942,1
-1.2273795611937608,-0.0306338506285448,-0.4325710959001453,1
-1.5770433152957206,0.8724232776792274,-0.4325710959001453,1
-1.022839377182731,-0.5681218302071726,-0.4325710959001453,0
-1.022839377182731,-0.5681218302071726,-0.4325710959001453,0
-1.2273795611937608,0.6050307903411093,-0.4325710959001453,1
-0.765149220882594,-0.2290046717040085,-0.4325710959001453,1
-0.877715807091801,-0.5681218302071726,-0.4325710959001453,1
-1.022839377182731,-0.5681218302071726,-0.4325710959001453,0
-1.5770433152957206,-0.2290046717040085,-0.4325710959001453,0
-0.5954130541524439,-0.5681218302071726,-0.4325710959001453,1
-0.6731756230807712,-0.5681218302071726,-0.4325710959001453,0
-0.765149220882594,-0.5681218302071726,-0.4325710959001453,0
-0.765149220882594,-0.5681218302071726,-0.4325710959001453,1
-0.3674054684639838,-0.5681218302071726,-0.4325710959001453,0
-0.3674054684639838,-0.5681218302071726,-0.4325710959001453,0
-1.5770433152957206,1.7575371979291914,-0.4325710959001453,1
-0.5954130541524439,0.686760772221084,0.6451424404881,0
-1.5770433152957206,0.1101124867991555,-0.4325710959001453,1
1.7433130018136138,2.4693851625503203,2.7210295548434305,0
0.2445137053491873,1.315534557827101,-0.4325710959001453,1
-0.765149220882594,0.2192838275796948,-0.4325710959001453,1
-1.5770433152957206,1.3649950892274123,-0.4325710959001453,1
-1.5770433152957206,0.7567718071583226,-0.4325710959001453,1
-1.5770433152957206,1.708794031236369,0.0315748605406486,1
0.1712754552140784,-0.5681218302071726,-0.4325710959001453,0
0.3964086276324924,0.3084833078746191,2.200262189788212,0
-0.2457493000504842,1.5173629384722735,1.4240127298630303,1
-1.5770433152957206,0.3084833078746191,-0.4325710959001453,1
-1.2273795611937608,1.0958889656614867,-0.4325710959001453,1
-1.5770433152957206,1.899336803024952,-0.4325710959001453,0
0.3758156392251084,-0.5681218302071726,-0.4325710959001453,0
-1.022839377182731,-0.5681218302071726,-0.4325710959001453,0
-1.5770433152957206,0.3084833078746191,-0.4325710959001453,1
0.4967205667491803,-0.5681218302071726,-0.4325710959001453,0
-0.765149220882594,1.142518769919737,-0.4325710959001453,1
0.4352322531452082,1.4184200394260271,1.3807963763081137,0
-0.5280520529898413,-0.5681218302071726,-0.4325710959001453,0
-0.1189716849677815,-0.5681218302071726,-0.4325710959001453,0
1.6457186420845396,2.901053631378623,-0.4325710959001453,1
-1.2273795611937608,0.2192838275796948,-0.4325710959001453,1
-1.5770433152957206,0.3084833078746191,-0.4325710959001453,1
-0.6731756230807712,-0.2290046717040085,-0.4325710959001453,0
-0.2109452827696042,0.3084833078746191,0.0315748605406486,0
0.803241962255395,1.4588763530281292,1.6372560579145814,0
-1.2273795611937608,-0.5681218302071726,-0.4325710959001453,0
1.120348732475632,-0.5681218302071726,-0.4325710959001453,0
-0.765149220882594,-0.5681218302071726,0.0315748605406486,0
-1.022839377182731,0.8180069540049123,-0.4325710959001453,1
-1.2273795611937608,-0.2290046717040085,-0.4325710959001453,0
-0.877715807091801,-0.5681218302071726,-0.4325710959001453,0
-1.5770433152957206,0.4492296453023196,-0.4325710959001453,1
-1.2273795611937608,0.2192838275796948,-0.4325710959001453,1
-1.022839377182731,-0.0306338506285448,-0.4325710959001453,1
-1.022839377182731,-0.5681218302071726,-0.4325710959001453,0
-1.022839377182731,1.0066894853665624,-0.4325710959001453,1
1.113090216397958,-0.5681218302071726,-0.4325710959001453,0
-1.5770433152957206,-0.5681218302071726,-0.4325710959001453,0
0.1712754552140784,1.0793028809228633,-0.4325710959001453,0
-0.877715807091801,0.1101124867991555,-0.4325710959001453,1
0.6076304744118864,1.3458066438697265,0.7672287963606622,0
-0.5954130541524439,-0.5681218302071726,-0.4325710959001453,1
-1.5770433152957206,-0.2290046717040085,-0.4325710959001453,1
-0.6731756230807712,0.5584009860828592,-0.4325710959001453,1
-0.5280520529898413,1.2605055319526657,-0.4325710959001453,1
-0.5954130541524439,2.1390482671921784,-0.4325710959001453,1
-1.2273795611937608,1.5104232101609056,-0.4325710959001453,1
-0.2457493000504842,-0.5681218302071726,-0.4325710959001453,0
-0.2457493000504842,0.686760772221084,-0.4325710959001453,0
-1.5770433152957206,-0.5681218302071726,-0.4325710959001453,1
-1.5770433152957206,0.1101124867991555,-0.4325710959001453,1
-0.2109452827696042,-0.5681218302071726,-0.4325710959001453,0
-0.6731756230807712,0.1101124867991555,0.0315748605406486,1
-0.765149220882594,-0.5681218302071726,-0.4325710959001453,0
-1.2273795611937608,0.4492296453023196,-0.4325710959001453,1
-0.415485466780634,0.8180069540049123,-0.4325710959001453,1
-0.2831336716225083,-0.5681218302071726,-0.4325710959001453,0
-1.022839377182731,-0.5681218302071726,-0.4325710959001453,1
-1.2273795611937608,0.7567718071583226,-0.4325710959001453,1
-1.5770433152957206,-0.5681218302071726,-0.4325710959001453,0
-1.022839377182731,-0.5681218302071726,-0.4325710959001453,0
-1.2273795611937608,-0.5681218302071726,-0.4325710959001453,0
-1.5770433152957206,0.3084833078746191,-0.4325710959001453,1
-0.415485466780634,-0.5681218302071726,-0.4325710959001453,0
0.2710702664904812,-0.5681218302071726,-0.4325710959001453,0
1.1856034334423962,-0.5681218302071726,-0.4325710959001453,0
-1.022839377182731,0.3839003938708738,-0.4325710959001453,0
-0.2831336716225083,0.9213883734495016,-0.4325710959001453,0
-0.765149220882594,-0.5681218302071726,-0.4325710959001453,1
-0.765149220882594,-0.5681218302071726,-0.4325710959001453,0
-1.5770433152957206,-0.5681218302071726,-0.4325710959001453,0
0.3758156392251084,-0.5681218302071726,-0.4325710959001453,0
-1.2273795611937608,2.299224710956967,-0.4325710959001453,1
-1.5770433152957206,-0.5681218302071726,-0.4325710959001453,1
-0.765149220882594,1.2242487517997116,-0.4325710959001453,1
0.3862172069908325,2.3668137476663405,0.7672287963606622,1
-0.765149220882594,-0.5681218302071726,-0.4325710959001453,1
-0.6731756230807712,1.0066894853665624,-0.4325710959001453,1
-1.5770433152957206,1.689791928536755,-0.4325710959001453,0
-1.2273795611937608,-0.5681218302071726,-0.4325710959001453,1
-0.3235118689788113,-0.5681218302071726,-0.4325710959001453,0
0.7560619787430853,1.3554949335835398,-0.4325710959001453,0
-1.2273795611937608,0.3084833078746191,-0.4325710959001453,1
2.717603732198187,-0.5681218302071726,-0.4325710959001453,0
-0.6731756230807712,-0.2290046717040085,-0.4325710959001453,0
-1.5770433152957206,-0.2290046717040085,-0.4325710959001453,1
-0.6731756230807712,-0.5681218302071726,-0.4325710959001453,0
-1.2273795611937608,0.9213883734495016,-0.4325710959001453,1
0.1867984696490057,-0.5681218302071726,-0.4325710959001453,0
-1.5770433152957206,0.3839003938708738,-0.4325710959001453,1
-1.5770433152957206,0.3839003938708738,-0.4325710959001453,0
0.1552595651522323,-0.5681218302071726,-0.4325710959001453,0
-0.5954130541524439,-0.5681218302071726,-0.4325710959001453,1
-1.5770433152957206,0.2192838275796948,-0.4325710959001453,1
-0.415485466780634,-0.5681218302071726,-0.4325710959001453,0
0.2579667203099265,-0.5681218302071726,-0.4325710959001453,0
-1.5770433152957206,0.8724232776792274,-0.4325710959001453,1
-0.877715807091801,0.7230175523740379,-0.4325710959001453,0
-0.3674054684639838,-0.5681218302071726,-0.4325710959001453,0
0.6009488116435222,-0.5681218302071726,-0.4325710959001453,0
1.2042508274581118,-0.5681218302071726,-0.4325710959001453,0
2.1850085749840114,3.125726338648736,4.095120493763865,0
-1.5770433152957206,0.3084833078746191,0.7672287963606622,0
-1.5770433152957206,0.1101124867991555,-0.4325710959001453,1
-0.415485466780634,-0.5681218302071726,-0.4325710959001453,0
-1.2273795611937608,0.1101124867991555,-0.4325710959001453,1
-0.6731756230807712,0.686760772221084,-0.4325710959001453,1
0.1387184713323555,2.2091882028396483,0.0315748605406486,1
-1.5770433152957206,0.9213883734495016,-0.4325710959001453,1
-1.2273795611937608,-0.0306338506285448,-0.4325710959001453,1
-0.1783882988878814,-0.5681218302071726,-0.4325710959001453,0
-0.877715807091801,-0.5681218302071726,-0.4325710959001453,0
1.036949700841514,-0.5681218302071726,-0.4325710959001453,0
1.187709733638235,-0.5681218302071726,-0.4325710959001453,0
-1.022839377182731,0.3839003938708738,-0.4325710959001453,1
-0.1189716849677815,-0.5681218302071726,-0.4325710959001453,0
-0.765149220882594,-0.5681218302071726,-0.4325710959001453,0
-0.6731756230807712,-0.5681218302071726,-0.4325710959001453,0
-0.877715807091801,-0.2290046717040085,0.0315748605406486,0
0.4444886259491429,1.062134710877202,0.9598667734222364,0
-0.877715807091801,-0.5681218302071726,-0.4325710959001453,0
-1.5770433152957206,1.6598289354660951,-0.4325710959001453,1
-1.5770433152957206,0.8180069540049123,-0.4325710959001453,1
-1.022839377182731,-0.2290046717040085,-0.4325710959001453,1
-1.2273795611937608,0.2192838275796948,-0.4325710959001453,1
-0.2109452827696042,1.744717880010124,-0.4325710959001453,1
-0.0658217126786743,1.3554949335835398,-0.4325710959001453,1
-1.022839377182731,0.6476004663777833,-0.4325710959001453,1
0.2838420414232854,-0.5681218302071726,-0.4325710959001453,0
-1.5770433152957206,0.4492296453023196,-0.4325710959001453,1
-0.877715807091801,-0.0306338506285448,-0.4325710959001453,1
1.4234914948820818,2.90752840105366,3.472580286353756,0
1.3707803726980956,-0.5681218302071726,-0.4325710959001453,0
0.6207340205924411,-0.5681218302071726,-0.4325710959001453,0
-1.5770433152957206,-0.5681218302071726,-0.4325710959001453,0
-1.022839377182731,-0.5681218302071726,-0.4325710959001453,0
-0.3674054684639838,-0.5681218302071726,-0.4325710959001453,0
-0.2831336716225083,-0.5681218302071726,-0.4325710959001453,0
1.386613454943474,-0.5681218302071726,-0.4325710959001453,0
-0.415485466780634,-0.2290046717040085,-0.4325710959001453,0
0.878424176892578,2.271997744103152,1.8449423327489076,0
-0.2831336716225083,-0.5681218302071726,-0.4325710959001453,1
-1.2273795611937608,0.7567718071583226,-0.4325710959001453,1
-1.022839377182731,0.4492296453023196,-0.4325710959001453,1
-0.765149220882594,0.2192838275796948,-0.4325710959001453,1
-1.5770433152957206,0.6050307903411093,-0.4325710959001453,1
1.1322188839976914,-0.5681218302071726,0.6451424404881,0
-0.877715807091801,-0.0306338506285448,-0.4325710959001453,0
0.9121923454234138,1.8929829131621676,0.4957208169814426,0
-1.5770433152957206,-0.5681218302071726,-0.4325710959001453,0
0.2164810402606826,2.11527471704512,-0.4325710959001453,1
0.5287604227906182,-0.5681218302071726,-0.4325710959001453,0
-1.5770433152957206,0.5068541289500829,-0.4325710959001453,1
0.2445137053491873,-0.5681218302071726,-0.4325710959001453,0
-0.0916970337920332,-0.5681218302071726,-0.4325710959001453,0
-1.022839377182731,1.3050128051470606,-0.4325710959001453,1
-0.877715807091801,-0.5681218302071726,0.0315748605406486,1
0.1712754552140784,1.142518769919737,1.8449423327489076,1
-1.5770433152957206,0.3084833078746191,-0.4325710959001453,1
-1.5770433152957206,0.6050307903411093,-0.4325710959001453,1
-0.765149220882594,-0.5681218302071726,-0.4325710959001453,1
0.9606021627541153,1.8865454170885845,-0.4325710959001453,0
-1.5770433152957206,-0.5681218302071726,-0.4325710959001453,1
-1.022839377182731,-0.5681218302071726,-0.4325710959001453,0
-1.5770433152957206,1.4184200394260271,0.0315748605406486,1
0.8666464085159139,-0.5681218302071726,1.8668990889798236,0
-1.5770433152957206,-0.0306338506285448,-0.4325710959001453,1
-0.1478057134718639,-0.5681218302071726,-0.4325710959001453,0
0.4444886259491429,1.2487159821318428,2.3201566580421087,1
-0.877715807091801,-0.5681218302071726,-0.4325710959001453,0
0.7307069858491658,-0.5681218302071726,-0.4325710959001453,0
-0.765149220882594,0.6050307903411093,-0.4325710959001453,0
-0.765149220882594,0.3839003938708738,-0.4325710959001453,1
0.2579667203099265,1.6387829962991305,0.3030828399198684,0
-0.6731756230807712,0.3839003938708738,0.4957208169814426,0
-0.415485466780634,0.3084833078746191,-0.4325710959001453,0
-0.3674054684639838,1.0066894853665624,-0.4325710959001453,1
-0.4686354390697412,-0.5681218302071726,-0.4325710959001453,0
-0.5954130541524439,0.6050307903411093,-0.4325710959001453,1
-1.2273795611937608,-0.5681218302071726,-0.4325710959001453,0
3.586801219022139,3.1006450168531097,3.048452046518644,1
-0.2109452827696042,-0.5681218302071726,-0.4325710959001453,0
-1.2273795611937608,0.6050307903411093,-0.4325710959001453,1
1.0777637152132795,-0.5681218302071726,-0.4325710959001453,0
-1.5770433152957206,0.3839003938708738,-0.4325710959001453,1
-0.4686354390697412,-0.5681218302071726,-0.4325710959001453,0
-0.6731756230807712,-0.5681218302071726,-0.4325710959001453,1
-0.765149220882594,1.7659005236839678,0.9598667734222364,1
-0.5280520529898413,-0.5681218302071726,0.0315748605406486,0
-0.3674054684639838,-0.5681218302071726,-0.4325710959001453,0
-1.5770433152957206,0.3839003938708738,-0.4325710959001453,1
-1.022839377182731,0.8724232776792274,-0.4325710959001453,0
-0.765149220882594,-0.5681218302071726,-0.4325710959001453,0
-0.6731756230807712,-0.2290046717040085,-0.4325710959001453,0
-1.022839377182731,0.6050307903411093,-0.4325710959001453,1
-0.2109452827696042,-0.5681218302071726,-0.4325710959001453,1
-1.5770433152957206,0.7883468038054837,-0.4325710959001453,1
-0.765149220882594,-0.5681218302071726,-0.4325710959001453,0
0.0665300824794515,1.627910490126098,-0.4325710959001453,0
-0.1478057134718639,2.4019419399074016,0.9598667734222364,1
-0.5280520529898413,1.2832651073474377,-0.4325710959001453,1
-0.4686354390697412,-0.5681218302071726,-0.4325710959001453,1
-1.2273795611937608,0.2192838275796948,-0.4325710959001453,0
0.6009488116435222,-0.5681218302071726,-0.4325710959001453,0
-0.877715807091801,-0.2290046717040085,-0.4325710959001453,1
1.155152749756512,1.2605055319526657,2.8268325291569933,0
-0.0658217126786743,-0.5681218302071726,-0.4325710959001453,0
-1.022839377182731,0.2192838275796948,-0.4325710959001453,1
-1.5770433152957206,0.3084833078746191,-0.4325710959001453,1
-0.0916970337920332,1.6546517163302652,-0.4325710959001453,1
-1.2273795611937608,1.2487159821318428,-0.4325710959001453,1
-1.022839377182731,0.1101124867991555,-0.4325710959001453,1
1.709356687869502,2.2431658051022936,2.262889208789434,0
-0.5954130541524439,-0.0306338506285448,-0.4325710959001453,1
-1.5770433152957206,0.6050307903411093,-0.4325710959001453,1
0.6758204949295504,-0.5681218302071726,-0.4325710959001453,0
0.4799037373859414,-0.5681218302071726,-0.4325710959001453,0
-0.5280520529898413,-0.5681218302071726,-0.4325710959001453,0
-0.877715807091801,1.2942597867369503,0.7672287963606622,1
1.093207518191026,-0.5681218302071726,-0.4325710959001453,0
-0.5280520529898413,-0.5681218302071726,-0.4325710959001453,0
-0.877715807091801,0.686760772221084,-0.4325710959001453,1
-1.5770433152957206,1.3743142784764515,-0.4325710959001453,1
0.6984965895207682,2.224039878771318,0.4957208169814426,1
-0.1783882988878814,-0.5681218302071726,-0.4325710959001453,0
0.0467448735305326,-0.5681218302071726,-0.4325710959001453,0
-0.877715807091801,0.3839003938708738,-0.4325710959001453,1
2.125446395296339,3.0101434928279964,1.8881586863038244,0
-1.2273795611937608,1.0066894853665624,-0.4325710959001453,1
-0.877715807091801,-0.5681218302071726,-0.4325710959001453,0
-1.2273795611937608,1.1850884459564108,-0.4325710959001453,1
-0.765149220882594,-0.0306338506285448,0.0315748605406486,0
-1.022839377182731,0.2192838275796948,-0.4325710959001453,0
-1.022839377182731,1.9614994243537656,0.6451424404881,1
0.1867984696490057,2.4019419399074016,-0.4325710959001453,1
-1.5770433152957206,0.4492296453023196,-0.4325710959001453,1
-0.3674054684639838,-0.5681218302071726,-0.4325710959001453,0
-1.022839377182731,-0.5681218302071726,-0.4325710959001453,1
0.4161938365814114,-0.5681218302071726,-0.4325710959001453,0
-1.2273795611937608,0.686760772221084,-0.4325710959001453,1
-1.2273795611937608,-0.0306338506285448,-0.4325710959001453,1
-0.6731756230807712,2.232100071665332,1.8881586863038244,1
-1.2273795611937608,-0.5681218302071726,-0.4325710959001453,0
-0.877715807091801,0.9213883734495016,-0.4325710959001453,1
-1.5770433152957206,-0.5681218302071726,-0.4325710959001453,0
2.1463013718498463,2.8119356168474123,1.928754210408993,0
-0.3674054684639838,1.3649950892274123,-0.4325710959001453,1
-0.3235118689788113,-0.5681218302071726,0.8704513394670519,1
0.7754666081462114,-0.5681218302071726,-0.4325710959001453,0
-0.415485466780634,0.3839003938708738,-0.4325710959001453,0
-0.4686354390697412,1.7781834108893912,-0.4325710959001453,1
-0.2457493000504842,-0.5681218302071726,-0.4325710959001453,1
-1.5770433152957206,1.3554949335835398,-0.4325710959001453,1
-1.2273795611937608,0.1101124867991555,-0.4325710959001453,1
-0.3235118689788113,-0.5681218302071726,-0.4325710959001453,0
-1.2273795611937608,0.8180069540049123,-0.4325710959001453,1
-0.5954130541524439,1.1984931924996616,-0.4325710959001453,1
-1.5770433152957206,0.6050307903411093,-0.4325710959001453,1
-1.2273795611937608,0.5584009860828592,-0.4325710959001453,1
-0.6731756230807712,-0.5681218302071726,-0.4325710959001453,0
-1.022839377182731,-0.5681218302071726,-0.4325710959001453,1
-1.5770433152957206,0.3084833078746191,-0.4325710959001453,1
-0.765149220882594,1.0443421085287103,0.6451424404881,1
-1.022839377182731,1.1119311452380842,-0.4325710959001453,1
-1.5770433152957206,1.3050128051470606,2.587995471695151,0
-0.5954130541524439,-0.5681218302071726,-0.4325710959001453,0
-1.022839377182731,-0.5681218302071726,-0.4325710959001453,0
-0.3235118689788113,0.6476004663777833,1.8668990889798236,1
-1.2273795611937608,-0.2290046717040085,-0.4325710959001453,1
-0.5954130541524439,0.1101124867991555,-0.4325710959001453,0
-0.4686354390697412,0.3839003938708738,-0.4325710959001453,1
-0.415485466780634,-0.5681218302071726,-0.4325710959001453,0
1.3964363164807423,2.135165368692827,-0.4325710959001453,0
-1.5770433152957206,0.6050307903411093,-0.4325710959001453,1
-1.022839377182731,1.5104232101609056,-0.4325710959001453,1
1.187709733638235,0.3084833078746191,-0.4325710959001453,0
0.3432586553433853,-0.5681218302071726,-0.4325710959001453,0
-1.022839377182731,-0.5681218302071726,0.0315748605406486,0
-1.5770433152957206,0.3839003938708738,-0.4325710959001453,1
-0.4686354390697412,0.6050307903411093,-0.4325710959001453,0
-1.022839377182731,-0.5681218302071726,-0.4325710959001453,0
0.5209392093160381,-0.5681218302071726,1.8449423327489076,0
-0.5954130541524439,-0.2290046717040085,-0.4325710959001453,0
0.2306920691341782,1.2487159821318428,-0.4325710959001453,0
-0.5954130541524439,0.9658956466438964,-0.4325710959001453,1
-0.1189716849677815,2.3102503638923007,1.4240127298630303,1
-0.5280520529898413,1.127463962308648,-0.4325710959001453,1
-0.0177417143620239,1.142518769919737,-0.4325710959001453,1
0.6142247926792929,2.927998496562984,0.4957208169814426,1
0.2710702664904812,-0.5681218302071726,-0.4325710959001453,0
-1.022839377182731,-0.5681218302071726,-0.4325710959001453,0
-0.3674054684639838,-0.5681218302071726,-0.4325710959001453,0
-1.5770433152957206,0.8180069540049123,-0.4325710959001453,1
-1.5770433152957206,0.1101124867991555,-0.4325710959001453,1
-1.022839377182731,-0.0306338506285448,0.0315748605406486,1
-0.4686354390697412,-0.5681218302071726,-0.4325710959001453,0
-0.3674054684639838,-0.5681218302071726,-0.4325710959001453,1
-1.5770433152957206,-0.2290046717040085,-0.4325710959001453,1
-1.5770433152957206,0.5068541289500829,-0.4325710959001453,1
-1.5770433152957206,0.5068541289500829,-0.4325710959001453,1
-1.5770433152957206,0.8975181445860231,-0.4325710959001453,1
-1.5770433152957206,0.1101124867991555,-0.4325710959001453,1
-0.2109452827696042,-0.5681218302071726,-0.4325710959001453,0
1.2563827203622695,-0.5681218302071726,-0.4325710959001453,0
-0.877715807091801,-0.5681218302071726,-0.4325710959001453,0
-0.415485466780634,-0.5681218302071726,-0.4325710959001453,0
-0.765149220882594,-0.0306338506285448,-0.4325710959001453,0
-1.5770433152957206,0.686760772221084,-0.4325710959001453,1
-0.1783882988878814,2.4441348406902956,0.8704513394670519,1
0.1387184713323555,-0.5681218302071726,-0.4325710959001453,1
-1.5770433152957206,1.5818300881073382,-0.4325710959001453,1
-1.022839377182731,0.3084833078746191,-0.4325710959001453,1
-0.0658217126786743,0.6476004663777833,-0.4325710959001453,1
-0.6731756230807712,0.9213883734495016,0.7672287963606622,1
-0.765149220882594,-0.5681218302071726,-0.4325710959001453,1
-0.0658217126786743,-0.5681218302071726,-0.4325710959001453,0
-1.5770433152957206,-0.0306338506285448,-0.4325710959001453,1
-0.3235118689788113,-0.5681218302071726,-0.4325710959001453,0
0.1712754552140784,-0.5681218302071726,-0.4325710959001453,0
-1.5770433152957206,0.3084833078746191,-0.4325710959001453,1
-1.2273795611937608,-0.5681218302071726,-0.4325710959001453,0
-1.2273795611937608,0.8459712874532468,-0.4325710959001453,1
-0.765149220882594,1.5506575946855556,0.7672287963606622,1
-0.6731756230807712,0.2192838275796948,-0.4325710959001453,0
-0.0177417143620239,-0.5681218302071726,-0.4325710959001453,1
-0.6731756230807712,-0.5681218302071726,-0.4325710959001453,0
1.8539194372645136,1.8564800969754376,3.7153332676632886,0
-1.2273795611937608,0.6050307903411093,-0.4325710959001453,1
-1.022839377182731,-0.5681218302071726,-0.4325710959001453,0
-1.5770433152957206,0.2192838275796948,-0.4325710959001453,1
0.1039144540514755,-0.5681218302071726,-0.4325710959001453,0
-1.022839377182731,0.6476004663777833,-0.4325710959001453,1
1.247126347558335,-0.5681218302071726,-0.4325710959001453,0
-0.877715807091801,-0.5681218302071726,-0.4325710959001453,0
-0.5280520529898413,3.117943947996129,-0.4325710959001453,1
-1.5770433152957206,1.7781834108893912,-0.4325710959001453,0
0.9438412135531068,-0.5681218302071726,-0.4325710959001453,0
1.231953529710898,2.363158119379219,2.8370559501753885,0
-0.0177417143620239,1.5173629384722735,1.284973036327954,1
-1.5770433152957206,0.5068541289500829,-0.4325710959001453,1
-0.415485466780634,-0.5681218302071726,-0.4325710959001453,0
-0.0412091160394543,1.4430929635357743,1.3807963763081137,0
-1.5770433152957206,0.6476004663777833,-0.4325710959001453,1
-1.022839377182731,-0.2290046717040085,-0.4325710959001453,1
-0.5280520529898413,0.5584009860828592,-0.4325710959001453,1
-0.5280520529898413,0.9213883734495016,-0.4325710959001453,1
-1.5770433152957206,0.1101124867991555,-0.4325710959001453,1
0.0855684990432483,-0.5681218302071726,-0.4325710959001453,1
-0.5280520529898413,-0.5681218302071726,-0.4325710959001453,0
0.9369777312967332,-0.5681218302071726,-0.4325710959001453,0
0.8666464085159139,2.501759324338059,0.6451424404881,1
-0.0916970337920332,-0.5681218302071726,-0.4325710959001453,0
-1.5770433152957206,0.7883468038054837,-0.4325710959001453,0
-0.2109452827696042,-0.5681218302071726,-0.4325710959001453,0
-1.2273795611937608,-0.5681218302071726,-0.4325710959001453,0
-1.022839377182731,0.3084833078746191,-0.4325710959001453,1
-0.5280520529898413,-0.5681218302071726,-0.4325710959001453,0
-0.877715807091801,0.2192838275796948,-0.4325710959001453,1
-0.765149220882594,0.1101124867991555,-0.4325710959001453,1
-1.5770433152957206,0.5584009860828592,-0.4325710959001453,1
2.4299045643516943,-0.5681218302071726,-0.4325710959001453,0
0.8209440650204803,-0.5681218302071726,-0.4325710959001453,0
1.364897411983969,-0.5681218302071726,3.472580286353756,0
-1.5770433152957206,0.7230175523740379,-0.4325710959001453,1
0.1039144540514755,-0.5681218302071726,-0.4325710959001453,0
-1.5770433152957206,0.4492296453023196,-0.4325710959001453,1
0.1216165568165608,-0.5681218302071726,-0.4325710959001453,0
0.7358809610927927,-0.5681218302071726,-0.4325710959001453,0
1.181364264260536,-0.5681218302071726,-0.4325710959001453,0
-1.2273795611937608,-0.0306338506285448,-0.4325710959001453,1
-1.2273795611937608,1.4267833651808035,-0.4325710959001453,1
0.1216165568165608,-0.5681218302071726,-0.4325710959001453,0
-0.765149220882594,1.2487159821318428,-0.4325710959001453,1
-0.877715807091801,-0.5681218302071726,-0.4325710959001453,0
-0.5954130541524439,1.1119311452380842,-0.4325710959001453,1
-0.4686354390697412,1.127463962308648,-0.4325710959001453,1
-0.5954130541524439,-0.5681218302071726,-0.4325710959001453,1
-1.022839377182731,-0.5681218302071726,-0.4325710959001453,0
-1.022839377182731,-0.5681218302071726,-0.4325710959001453,0
-1.5770433152957206,0.7230175523740379,-0.4325710959001453,1
-1.5770433152957206,0.3084833078746191,-0.4325710959001453,1
-1.5770433152957206,0.9213883734495016,-0.4325710959001453,1
1.896923793571291,2.639038300386062,2.3626865727161994,0
-0.765149220882594,0.5584009860828592,-0.4325710959001453,1
-0.877715807091801,-0.5681218302071726,-0.4325710959001453,0
-0.877715807091801,0.9213883734495016,-0.4325710959001453,1
-0.415485466780634,-0.5681218302071726,-0.4325710959001453,0
-0.877715807091801,0.2192838275796948,-0.4325710959001453,0
-0.877715807091801,1.689791928536755,-0.4325710959001453,1
-1.5770433152957206,2.7149522307866016,-0.4325710959001453,1
-0.1783882988878814,-0.5681218302071726,-0.4325710959001453,0
-0.765149220882594,-0.2290046717040085,-0.4325710959001453,1
1.2280879309945378,1.7781834108893912,0.9598667734222364,0
-1.5770433152957206,0.3084833078746191,-0.4325710959001453,1
-1.2273795611937608,0.5068541289500829,-0.4325710959001453,1
-0.3235118689788113,-0.5681218302071726,-0.4325710959001453,0
-0.3674054684639838,-0.5681218302071726,-0.4325710959001453,0
1.2796833314400575,2.5063445747971187,3.084461854850552,1
-1.2273795611937608,0.9441479488442734,-0.4325710959001453,1
0.3084546380625055,0.9441479488442734,0.9598667734222364,0
-0.877715807091801,-0.5681218302071726,-0.4325710959001453,0
-0.5954130541524439,1.1119311452380842,-0.4325710959001453,1
-0.0177417143620239,-0.5681218302071726,-0.4325710959001453,1
-1.5770433152957206,-0.2290046717040085,-0.4325710959001453,1
-1.5770433152957206,-0.5681218302071726,-0.4325710959001453,1
0.1552595651522323,-0.5681218302071726,-0.4325710959001453,0
-1.5770433152957206,-0.5681218302071726,-0.4325710959001453,0
0.976824080249506,2.3643796996464626,2.51004464737991,0
-0.877715807091801,-0.5681218302071726,-0.4325710959001453,0
-0.6731756230807712,0.5584009860828592,-0.4325710959001453,0
-1.022839377182731,0.5584009860828592,-0.4325710959001453,1
-1.5770433152957206,0.8975181445860231,-0.4325710959001453,1
-0.0916970337920332,1.4184200394260271,0.6451424404881,0
-0.2457493000504842,1.9911595745531945,0.0315748605406486,1
0.7307069858491658,-0.5681218302071726,-0.4325710959001453,0
-0.3235118689788113,-0.5681218302071726,-0.4325710959001453,0
-1.022839377182731,-0.5681218302071726,-0.4325710959001453,0
-0.0177417143620239,1.7575371979291914,-0.4325710959001453,1
-0.877715807091801,-0.5681218302071726,-0.4325710959001453,1
-1.5770433152957206,2.135165368692827,-0.4325710959001453,1
-1.2273795611937608,0.4492296453023196,-0.4325710959001453,1
-0.4686354390697412,1.1119311452380842,-0.4325710959001453,1
-1.5770433152957206,0.8459712874532468,-0.4325710959001453,1
-0.0916970337920332,-0.5681218302071726,-0.4325710959001453,0
0.4352322531452082,-0.5681218302071726,-0.4325710959001453,0
-0.3674054684639838,-0.5681218302071726,-0.4325710959001453,0
-1.022839377182731,-0.5681218302071726,-0.4325710959001453,0
-1.5770433152957206,0.1101124867991555,-0.4325710959001453,1
-0.415485466780634,-0.5681218302071726,-0.4325710959001453,0
0.967153659565359,-0.5681218302071726,-0.4325710959001453,0
-1.5770433152957206,0.5068541289500829,-0.4325710959001453,1
-1.022839377182731,0.8724232776792274,-0.4325710959001453,1
-0.415485466780634,-0.5681218302071726,-0.4325710959001453,0
-0.5954130541524439,-0.5681218302071726,-0.4325710959001453,0
-0.6731756230807712,2.026481078866254,-0.4325710959001453,1
0.6815857938418957,-0.5681218302071726,-0.4325710959001453,1
-0.6731756230807712,-0.5681218302071726,-0.4325710959001453,1
-1.5770433152957206,-0.5681218302071726,-0.4325710959001453,0
-1.2273795611937608,0.5584009860828592,-0.4325710959001453,1
-1.5770433152957206,0.7883468038054837,-0.4325710959001453,1
-1.022839377182731,0.5068541289500829,-0.4325710959001453,1
-1.022839377182731,-0.5681218302071726,-0.4325710959001453,0
0.8666464085159139,1.708794031236369,2.3729099937345945,0
-1.5770433152957206,0.1101124867991555,-0.4325710959001453,1
-0.3235118689788113,-0.5681218302071726,-0.4325710959001453,0
-1.5770433152957206,-0.5681218302071726,-0.4325710959001453,1
-1.2273795611937608,1.0443421085287103,0.3030828399198684,1
-0.877715807091801,-0.5681218302071726,-0.4325710959001453,0
-0.415485466780634,-0.5681218302071726,-0.4325710959001453,0
-0.765149220882594,0.3084833078746191,-0.4325710959001453,1
-1.5770433152957206,0.5068541289500829,-0.4325710959001453,1
1.839114862075145,2.2041357382169973,-0.4325710959001453,0
1.072508895155673,-0.5681218302071726,-0.4325710959001453,0
1.28836613037433,1.84603323792629,2.2508236378620325,0
-0.1478057134718639,-0.5681218302071726,-0.4325710959001453,1
-1.5770433152957206,0.6050307903411093,-0.4325710959001453,1
-0.2457493000504842,1.0258779307242485,-0.4325710959001453,0
1.235789731954885,-0.5681218302071726,-0.4325710959001453,0
-1.022839377182731,-0.5681218302071726,-0.4325710959001453,1
-0.0177417143620239,-0.5681218302071726,-0.4325710959001453,0
-0.5954130541524439,-0.5681218302071726,-0.4325710959001453,0
-0.765149220882594,-0.5681218302071726,-0.4325710959001453,1
-0.1478057134718639,-0.5681218302071726,1.4240127298630303,0
-1.022839377182731,-0.5681218302071726,-0.4325710959001453,0
0.4352322531452082,-0.5681218302071726,-0.4325710959001453,0
-0.877715807091801,0.2192838275796948,-0.4325710959001453,1
-0.5954130541524439,-0.5681218302071726,-0.4325710959001453,0
-1.5770433152957206,0.5068541289500829,-0.4325710959001453,1
-1.022839377182731,-0.5681218302071726,-0.4325710959001453,1
-1.5770433152957206,1.1984931924996616,-0.4325710959001453,1
-0.5280520529898413,0.686760772221084,0.4957208169814426,1
-0.765149220882594,-0.5681218302071726,-0.4325710959001453,0
2.330204912210159,-0.5681218302071726,-0.4325710959001453,0
-0.4686354390697412,-0.5681218302071726,-0.4325710959001453,0
0.1712754552140784,1.0958889656614867,-0.4325710959001453,0
-1.5770433152957206,0.7567718071583226,-0.4325710959001453,1
-0.0658217126786743,1.3359226179489203,-0.4325710959001453,1
-0.765149220882594,-0.5681218302071726,-0.4325710959001453,0
-1.5770433152957206,0.2192838275796948,-0.4325710959001453,1
-0.765149220882594,-0.2290046717040085,-0.4325710959001453,0
-0.4686354390697412,0.686760772221084,-0.4325710959001453,1
0.4799037373859414,1.1119311452380842,0.3030828399198684,0
-0.5954130541524439,-0.2290046717040085,1.284973036327954,0
0.6271603261475461,2.7004371693601237,1.038736775739882,1
-0.2109452827696042,-0.5681218302071726,-0.4325710959001453,0
-1.5770433152957206,0.1101124867991555,-0.4325710959001453,1
0.0467448735305326,-0.5681218302071726,-0.4325710959001453,0
-1.5770433152957206,-0.0306338506285448,0.3030828399198684,0
-1.5770433152957206,0.2192838275796948,-0.4325710959001453,1
-0.765149220882594,-0.0306338506285448,-0.4325710959001453,1
-1.022839377182731,1.6700218592038678,-0.4325710959001453,1
-1.5770433152957206,0.2192838275796948,-0.4325710959001453,1
-1.5770433152957206,1.4588763530281292,0.4957208169814426,1
-1.5770433152957206,-0.5681218302071726,-0.4325710959001453,1
-1.5770433152957206,0.4492296453023196,-0.4325710959001453,0
-1.022839377182731,0.3084833078746191,-0.4325710959001453,1
1.0645225832786958,-0.5681218302071726,-0.4325710959001453,0
-1.5770433152957206,-0.5681218302071726,-0.4325710959001453,1
-1.5770433152957206,1.1850884459564108,-0.4325710959001453,1
0.1216165568165608,1.1984931924996616,-0.4325710959001453,0
-1.5770433152957206,0.3084833078746191,-0.4325710959001453,1
1.4339199419958355,2.552476253124484,2.08600774857203,0
-0.0177417143620239,1.985898850286529,-0.4325710959001453,1
0.5129948220735353,-0.5681218302071726,-0.4325710959001453,0
-0.5954130541524439,-0.5681218302071726,-0.4325710959001453,0
-0.765149220882594,-0.5681218302071726,-0.4325710959001453,1
0.320324789584565,-0.5681218302071726,-0.4325710959001453,1
-0.1478057134718639,0.4492296453023196,0.6451424404881,0
-1.5770433152957206,-0.5681218302071726,0.0315748605406486,1
-1.022839377182731,-0.0306338506285448,-0.4325710959001453,1
-1.022839377182731,-0.5681218302071726,-0.4325710959001453,0
0.0261518851231485,1.8865454170885845,0.0315748605406486,1
-1.022839377182731,0.2192838275796948,-0.4325710959001453,1
-0.2109452827696042,1.5695983849415964,-0.4325710959001453,1
-1.5770433152957206,0.1101124867991555,-0.4325710959001453,1
-0.5954130541524439,-0.5681218302071726,0.4957208169814426,0
-1.2273795611937608,0.3084833078746191,-0.4325710959001453,1
-1.5770433152957206,0.6050307903411093,-0.4325710959001453,1
-1.5770433152957206,0.1101124867991555,-0.4325710959001453,1
-0.877715807091801,0.8975181445860231,-0.4325710959001453,1
0.1216165568165608,-0.5681218302071726,-0.4325710959001453,0
-0.3235118689788113,-0.5681218302071726,-0.4325710959001453,0
0.0855684990432483,-0.5681218302071726,-0.4325710959001453,0
-0.765149220882594,-0.5681218302071726,-0.4325710959001453,0
-1.5770433152957206,1.3050128051470606,-0.4325710959001453,1
-0.6731756230807712,0.5584009860828592,-0.4325710959001453,1
-1.5770433152957206,0.5584009860828592,-0.4325710959001453,1
-1.5770433152957206,0.686760772221084,-0.4325710959001453,0
-1.5770433152957206,1.0443421085287103,-0.4325710959001453,1
-0.4686354390697412,0.4492296453023196,-0.4325710959001453,0
-0.0658217126786743,1.90248306880604,-0.4325710959001453,1
-0.765149220882594,1.4430929635357743,-0.4325710959001453,1
-0.765149220882594,-0.5681218302071726,-0.4325710959001453,0
-0.4686354390697412,-0.5681218302071726,-0.4325710959001453,0
-1.5770433152957206,1.0066894853665624,-0.4325710959001453,0
-0.5280520529898413,-0.5681218302071726,-0.4325710959001453,0
1.179231245589861,2.224039878771318,2.651147889757934,0
-0.5280520529898413,1.2487159821318428,0.3030828399198684,0
-1.5770433152957206,0.2192838275796948,-0.4325710959001453,1
-1.2273795611937608,-0.0306338506285448,-0.4325710959001453,1
0.3964086276324924,-0.5681218302071726,-0.4325710959001453,0
-0.765149220882594,1.3359226179489203,-0.4325710959001453,1
-0.415485466780634,0.3839003938708738,0.4957208169814426,1
-0.1478057134718639,-0.5681218302071726,-0.4325710959001453,0
1.567956073156212,-0.5681218302071726,0.4957208169814426,0
-0.877715807091801,1.2242487517997116,0.4957208169814426,1
-0.2457493000504842,1.649419124816712,-0.4325710959001453,1
-0.765149220882594,1.2832651073474377,-0.4325710959001453,1
-0.765149220882594,-0.5681218302071726,-0.4325710959001453,0
0.7040098483758988,0.8180069540049123,-0.4325710959001453,0
-0.877715807091801,0.3839003938708738,-0.4325710959001453,1
-0.765149220882594,-0.5681218302071726,-0.4325710959001453,0
0.7094635032652221,2.0066106263285306,2.145568859297143,0
-1.5770433152957206,0.6050307903411093,-0.4325710959001453,1
-0.6731756230807712,1.1984931924996616,-0.4325710959001453,1
-0.6731756230807712,-0.5681218302071726,-0.4325710959001453,0
-0.6731756230807712,0.3084833078746191,-0.4325710959001453,1
-0.877715807091801,1.7659005236839678,0.8704513394670519,1
-0.5954130541524439,0.5068541289500829,1.038736775739882,0
-0.765149220882594,-0.5681218302071726,-0.4325710959001453,0
-0.1783882988878814,0.9213883734495016,1.6061052752870657,0
1.6705330623567858,-0.5681218302071726,-0.4325710959001453,0
-0.5954130541524439,-0.5681218302071726,-0.4325710959001453,0
0.0855684990432483,-0.5681218302071726,-0.4325710959001453,0
-1.5770433152957206,0.1101124867991555,-0.4325710959001453,1
-1.2273795611937608,-0.2290046717040085,-0.4325710959001453,1
-0.877715807091801,0.8180069540049123,-0.4325710959001453,1
-0.6731756230807712,-0.0306338506285448,-0.4325710959001453,0
-0.5280520529898413,0.3084833078746191,-0.4325710959001453,1
-1.5770433152957206,0.1101124867991555,-0.4325710959001453,1
2.4279301658859893,3.5388614837277483,4.470293740939722,0
1.3184420790459226,2.9658224381696217,2.40267583053314,1
-1.5770433152957206,1.1984931924996616,-0.4325710959001453,1
-0.5954130541524439,-0.5681218302071726,-0.4325710959001453,0
-0.3674054684639838,-0.5681218302071726,-0.4325710959001453,0
0.0665300824794515,-0.5681218302071726,-0.4325710959001453,0
-0.765149220882594,1.3359226179489203,0.6451424404881,1
-0.0916970337920332,0.3839003938708738,-0.4325710959001453,1
0.4799037373859414,1.0443421085287103,1.3807963763081137,0
-1.5770433152957206,1.4816359284229008,-0.4325710959001453,1
-1.2273795611937608,-0.2290046717040085,0.0315748605406486,1
0.6335057955252451,-0.5681218302071726,-0.4325710959001453,0
-1.5770433152957206,0.7567718071583226,-0.4325710959001453,1
0.1552595651522323,-0.0306338506285448,-0.4325710959001453,0
-0.0658217126786743,0.9213883734495016,-0.4325710959001453,1
0.1552595651522323,-0.5681218302071726,-0.4325710959001453,0
1.258213786488888,-0.5681218302071726,0.9598667734222364,0
-0.6731756230807712,0.5584009860828592,-0.4325710959001453,1
-1.022839377182731,-0.5681218302071726,-0.4325710959001453,0
-0.3235118689788113,-0.5681218302071726,-0.4325710959001453,0
-1.5770433152957206,1.689791928536755,-0.4325710959001453,1
-0.5280520529898413,-0.5681218302071726,-0.4325710959001453,1
-0.765149220882594,0.1101124867991555,-0.4325710959001453,1
0.3543460942739389,1.8767275095059897,0.0315748605406486,1
1.5579664761475789,2.760443062688536,2.2508236378620325,0
-1.5770433152957206,0.5068541289500829,-0.4325710959001453,1
0.2164810402606826,1.3359226179489203,0.3030828399198684,0
2.155334825190212,3.7756177041602728,3.962724862514228,0
-0.1478057134718639,1.1119311452380842,1.038736775739882,1
-0.2109452827696042,-0.5681218302071726,-0.4325710959001453,0
0.7941523800511028,1.7490284157610194,2.458509912696359,0
0.1712754552140784,-0.5681218302071726,-0.4325710959001453,1
-1.2273795611937608,0.2192838275796948,-0.4325710959001453,1
-1.5770433152957206,0.3084833078746191,-0.4325710959001453,1
-0.1783882988878814,-0.5681218302071726,0.9598667734222364,1
-1.5770433152957206,-0.5681218302071726,-0.4325710959001453,0
-1.2273795611937608,0.5584009860828592,-0.4325710959001453,0
-1.2273795611937608,0.3084833078746191,-0.4325710959001453,1
-0.6731756230807712,-0.5681218302071726,-0.4325710959001453,1
1.5559445970320176,-0.5681218302071726,-0.4325710959001453,0
-1.5770433152957206,-0.2290046717040085,-0.4325710959001453,1
-1.5770433152957206,1.3050128051470606,-0.4325710959001453,1
0.5803558232361381,-0.5681218302071726,-0.4325710959001453,0
-0.1478057134718639,1.315534557827101,-0.4325710959001453,1
-0.2831336716225083,-0.5681218302071726,-0.4325710959001453,1
-1.2273795611937608,-0.5681218302071726,-0.4325710959001453,0
0.8626585761754951,-0.5681218302071726,-0.4325710959001453,1
-0.877715807091801,-0.5681218302071726,-0.4325710959001453,1
-0.3674054684639838,-0.5681218302071726,-0.4325710959001453,0
-0.877715807091801,1.1850884459564108,-0.4325710959001453,1
1.1392091782617773,2.3367740748019625,3.169921524347021,0
0.1216165568165608,2.1111976714272234,-0.4325710959001453,1
-0.765149220882594,0.4492296453023196,-0.4325710959001453,1
-0.5280520529898413,-0.5681218302071726,-0.4325710959001453,0
-0.877715807091801,-0.5681218302071726,-0.4325710959001453,1
-0.2457493000504842,-0.5681218302071726,-0.4325710959001453,0
0.3432586553433853,1.2366353030891872,1.96702868862147,0
3.761364896437744,-0.5681218302071726,-0.4325710959001453,0
0.004682340171979,-0.5681218302071726,-0.4325710959001453,0
-0.877715807091801,0.9213883734495016,-0.4325710959001453,1
-1.5770433152957206,2.510887250356892,-0.4325710959001453,1
-1.2273795611937608,-0.5681218302071726,-0.4325710959001453,0
0.1867984696490057,-0.5681218302071726,-0.4325710959001453,0
-0.4686354390697412,-0.5681218302071726,-0.4325710959001453,0
-1.5770433152957206,-0.2290046717040085,-0.4325710959001453,1
-0.877715807091801,-0.5681218302071726,0.4957208169814426,0
0.6459621855374788,1.5818300881073382,-0.4325710959001453,0
-1.5770433152957206,-0.0306338506285448,-0.4325710959001453,1
-0.415485466780634,-0.5681218302071726,-0.4325710959001453,1
-0.3235118689788113,-0.5681218302071726,-0.4325710959001453,0
0.004682340171979,-0.5681218302071726,-0.4325710959001453,0
-0.3674054684639838,-0.5681218302071726,-0.4325710959001453,0
-1.5770433152957206,0.6050307903411093,-0.4325710959001453,1
-0.415485466780634,-0.5681218302071726,-0.4325710959001453,0
-0.5280520529898413,0.8975181445860231,-0.4325710959001453,1
-1.022839377182731,-0.2290046717040085,0.0315748605406486,0
0.2962984314355189,-0.5681218302071726,-0.4325710959001453,0
-0.5280520529898413,0.9441479488442734,0.0315748605406486,1
-1.5770433152957206,0.1101124867991555,-0.4325710959001453,1
-1.5770433152957206,1.142518769919737,-0.4325710959001453,1
-1.5770433152957206,1.0958889656614867,-0.4325710959001453,1
-0.3674054684639838,1.5937634270968235,-0.4325710959001453,1
-0.6731756230807712,-0.5681218302071726,-0.4325710959001453,0
-1.2273795611937608,0.5068541289500829,-0.4325710959001453,1
-0.2457493000504842,0.6050307903411093,-0.4325710959001453,0
-1.2273795611937608,0.686760772221084,-0.4325710959001453,1
0.3084546380625055,-0.5681218302071726,-0.4325710959001453,0
-1.022839377182731,-0.5681218302071726,-0.4325710959001453,0
-0.1189716849677815,-0.5681218302071726,-0.4325710959001453,1
-1.2273795611937608,-0.0306338506285448,-0.4325710959001453,1
0.784896007247168,2.27052189790751,1.3807963763081137,1
-0.877715807091801,0.3084833078746191,0.3030828399198684,1
-0.5954130541524439,1.1850884459564108,0.4957208169814426,0
-0.0658217126786743,1.0066894853665624,-0.4325710959001453,1
-0.2109452827696042,0.5584009860828592,-0.4325710959001453,1
0.7802033393237299,2.123328275735788,2.0541150034646085,0
0.0467448735305326,-0.5681218302071726,0.3030828399198684,0
-0.6731756230807712,0.5068541289500829,-0.4325710959001453,1
-1.5770433152957206,0.8180069540049123,-0.4325710959001453,1
-0.765149220882594,-0.5681218302071726,-0.4325710959001453,0
1.6549595995829975,-0.5681218302071726,-0.4325710959001453,0
-0.5280520529898413,1.2487159821318428,-0.4325710959001453,1
0.1387184713323555,0.3839003938708738,0.6451424404881,0
0.6640883809412628,2.443097210093806,-0.4325710959001453,0
-0.2831336716225083,-0.5681218302071726,-0.4325710959001453,0
-0.4686354390697412,-0.5681218302071726,-0.4325710959001453,0
0.6984965895207682,-0.5681218302071726,-0.4325710959001453,1
-0.765149220882594,0.8975181445860231,-0.4325710959001453,1
-0.877715807091801,0.7567718071583226,-0.4325710959001453,1
1.519183205673805,2.0215886116668935,3.084461854850552,0
-0.765149220882594,-0.2290046717040085,-0.4325710959001453,0
-0.415485466780634,-0.5681218302071726,-0.4325710959001453,0
-0.877715807091801,-0.5681218302071726,-0.4325710959001453,0
0.2306920691341782,-0.5681218302071726,-0.4325710959001453,0
-0.765149220882594,2.009139017707032,-0.4325710959001453,1
-1.2273795611937608,0.9213883734495016,-0.4325710959001453,1
-0.5954130541524439,1.1984931924996616,-0.4325710959001453,1
-1.5770433152957206,0.7567718071583226,-0.4325710959001453,1
-0.5280520529898413,0.7883468038054837,-0.4325710959001453,1
-0.877715807091801,-0.0306338506285448,-0.4325710959001453,0
-1.5770433152957206,-0.2290046717040085,-0.4325710959001453,1
-1.2273795611937608,1.708794031236369,0.0315748605406486,1
-0.877715807091801,-0.5681218302071726,-0.4325710959001453,0
-0.3674054684639838,-0.5681218302071726,-0.4325710959001453,0
-1.5770433152957206,0.9658956466438964,-0.4325710959001453,1
-1.2273795611937608,-0.2290046717040085,-0.4325710959001453,0
-1.022839377182731,-0.5681218302071726,-0.4325710959001453,1
-1.5770433152957206,0.3839003938708738,-0.4325710959001453,1
-1.5770433152957206,0.1101124867991555,-0.4325710959001453,1
0.2018580406300959,-0.5681218302071726,-0.4325710959001453,0
-1.5770433152957206,0.4492296453023196,-0.4325710959001453,1
2.7234438320579746,-0.5681218302071726,-0.4325710959001453,0
-0.6731756230807712,-0.5681218302071726,-0.4325710959001453,0
-1.2273795611937608,0.7567718071583226,-0.4325710959001453,1
-1.2273795611937608,-0.0306338506285448,-0.4325710959001453,1
-0.765149220882594,1.5173629384722735,-0.4325710959001453,1
-0.1783882988878814,1.744717880010124,-0.4325710959001453,1
0.7094635032652221,-0.5681218302071726,-0.4325710959001453,1
-1.2273795611937608,0.6050307903411093,-0.4325710959001453,1
-0.2109452827696042,-0.5681218302071726,-0.4325710959001453,0
-0.6731756230807712,-0.5681218302071726,-0.4325710959001453,0
-1.5770433152957206,0.7230175523740379,-0.4325710959001453,0
-1.5770433152957206,-0.2290046717040085,-0.4325710959001453,1
-0.0412091160394543,1.2366353030891872,-0.4325710959001453,0
-1.022839377182731,-0.5681218302071726,-0.4325710959001453,0
-1.022839377182731,0.1101124867991555,-0.4325710959001453,0
-1.022839377182731,1.770029178082959,-0.4325710959001453,1
1.2618560995253736,-0.5681218302071726,-0.4325710959001453,0
-0.3674054684639838,-0.5681218302071726,-0.4325710959001453,0
-0.5280520529898413,-0.5681218302071726,-0.4325710959001453,0
-1.022839377182731,-0.5681218302071726,-0.4325710959001453,1
-1.022839377182731,-0.5681218302071726,-0.4325710959001453,0
-1.2273795611937608,-0.0306338506285448,-0.4325710959001453,1
-1.5770433152957206,0.8724232776792274,-0.4325710959001453,1
-0.877715807091801,-0.5681218302071726,-0.4325710959001453,0
-1.5770433152957206,3.380662459330777,-0.4325710959001453,1
0.2018580406300959,-0.5681218302071726,-0.4325710959001453,0
-0.6731756230807712,-0.5681218302071726,-0.4325710959001453,0
-1.022839377182731,1.1713060516577414,-0.4325710959001453,1
-0.3674054684639838,1.0066894853665624,-0.4325710959001453,1
-0.6731756230807712,0.6050307903411093,-0.4325710959001453,0
-0.0916970337920332,-0.5681218302071726,-0.4325710959001453,0
-0.1783882988878814,-0.5681218302071726,-0.4325710959001453,0
-0.877715807091801,1.315534557827101,-0.4325710959001453,1
-0.415485466780634,1.142518769919737,-0.4325710959001453,1
-1.5770433152957206,-0.5681218302071726,-0.4325710959001453,0
-1.5770433152957206,1.0066894853665624,-0.4325710959001453,1
-1.5770433152957206,-0.5681218302071726,-0.4325710959001453,0
0.9472382510637696,1.880022085207447,3.1851755112842244,0
1.181364264260536,3.0888554670322868,-0.4325710959001453,0
-0.2109452827696042,-0.5681218302071726,-0.4325710959001453,1
-0.1478057134718639,-0.5681218302071726,-0.4325710959001453,0
1.6222916115938797,2.84864602952508,2.8619517940930095,0
-0.3674054684639838,-0.5681218302071726,-0.4325710959001453,0
-0.4686354390697412,-0.5681218302071726,-0.4325710959001453,0
-0.3235118689788113,1.689791928536755,-0.4325710959001453,1
-1.5770433152957206,0.4492296453023196,-0.4325710959001453,1
-1.2273795611937608,0.1101124867991555,-0.4325710959001453,1
-1.022839377182731,0.5068541289500829,-0.4325710959001453,1
-0.4686354390697412,-0.5681218302071726,-0.4325710959001453,0
-0.765149220882594,0.8975181445860231,-0.4325710959001453,1
-1.5770433152957206,0.3839003938708738,-0.4325710959001453,1
-0.877715807091801,-0.0306338506285448,-0.4325710959001453,1
-1.5770433152957206,-0.5681218302071726,-0.4325710959001453,1
-0.4686354390697412,1.53095388583332,-0.4325710959001453,1
-0.5954130541524439,1.2487159821318428,-0.4325710959001453,1
-0.3674054684639838,0.6050307903411093,1.173110101473787,0
1.2338752774217585,-0.5681218302071726,-0.4325710959001453,0
0.5129948220735353,-0.5681218302071726,0.0315748605406486,0
-1.022839377182731,1.315534557827101,-0.4325710959001453,1
-0.6731756230807712,1.1119311452380842,0.0315748605406486,1
-0.4686354390697412,-0.5681218302071726,-0.4325710959001453,0
-0.2457493000504842,-0.5681218302071726,-0.4325710959001453,0
-1.2273795611937608,0.1101124867991555,-0.4325710959001453,1
-0.4686354390697412,-0.5681218302071726,-0.4325710959001453,0
0.0261518851231485,-0.5681218302071726,-0.4325710959001453,0
-1.022839377182731,-0.2290046717040085,-0.4325710959001453,1
-0.2109452827696042,1.7901654622444123,-0.4325710959001453,1
-0.6731756230807712,1.142518769919737,-0.4325710959001453,1
-0.5280520529898413,1.0958889656614867,-0.4325710959001453,0
-1.022839377182731,-0.5681218302071726,-0.4325710959001453,0
0.6581183921644651,0.6050307903411093,-0.4325710959001453,0
-0.2109452827696042,1.616790860501491,-0.4325710959001453,1
0.2018580406300959,2.619877691655669,2.421809162751374,1
0.004682340171979,-0.5681218302071726,-0.4325710959001453,0
1.799458453601492,-0.5681218302071726,-0.4325710959001453,0
-1.022839377182731,-0.5681218302071726,-0.4325710959001453,1
0.5803558232361381,-0.5681218302071726,-0.4325710959001453,0
-1.5770433152957206,0.3084833078746191,-0.4325710959001453,1
-1.5770433152957206,0.5068541289500829,0.3030828399198684,1
0.4535782081534356,2.4503148299303876,0.7672287963606622,1
1.7665262683904448,3.4603188269050307,1.928754210408993,0
-0.0177417143620239,1.3554949335835398,1.6372560579145814,0
-0.2457493000504842,-0.5681218302071726,-0.4325710959001453,0
0.1712754552140784,-0.5681218302071726,-0.4325710959001453,0
0.2838420414232854,1.0958889656614867,-0.4325710959001453,0
-1.2273795611937608,-0.5681218302071726,-0.4325710959001453,0
-0.3235118689788113,1.1119311452380842,3.364100632283581,0
-1.2273795611937608,0.686760772221084,-0.4325710959001453,1
-0.5280520529898413,0.3839003938708738,0.8704513394670519,0
-1.5770433152957206,-0.0306338506285448,-0.4325710959001453,1
-0.1783882988878814,0.4492296453023196,-0.4325710959001453,0
-1.2273795611937608,-0.0306338506285448,-0.4325710959001453,1
-0.4686354390697412,-0.5681218302071726,0.6451424404881,1
0.8706029634179979,1.4741664300079511,0.8704513394670519,0
1.2261439664924638,3.1718645711089786,2.714969594302827,1
-1.5770433152957206,1.3258347833841115,-0.4325710959001453,1
0.1039144540514755,1.5818300881073382,-0.4325710959001453,0
-0.5954130541524439,-0.5681218302071726,-0.4325710959001453,0
1.4234914948820818,-0.5681218302071726,-0.4325710959001453,0
-0.765149220882594,-0.5681218302071726,-0.4325710959001453,0
-0.6731756230807712,0.5068541289500829,-0.4325710959001453,1
-1.5770433152957206,1.062134710877202,-0.4325710959001453,1
-1.022839377182731,-0.5681218302071726,-0.4325710959001453,0
0.3862172069908325,-0.5681218302071726,-0.4325710959001453,0
-1.5770433152957206,0.9441479488442734,-0.4325710959001453,1
-1.022839377182731,-0.5681218302071726,-0.4325710959001453,0
-1.5770433152957206,2.3183595436201876,2.3090882891897015,1
-0.2831336716225083,-0.5681218302071726,-0.4325710959001453,1
-1.5770433152957206,0.686760772221084,-0.4325710959001453,1
-0.0916970337920332,-0.5681218302071726,-0.4325710959001453,0
-0.877715807091801,-0.5681218302071726,-0.4325710959001453,0
-1.2273795611937608,0.9213883734495016,-0.4325710959001453,1
-1.2273795611937608,-0.5681218302071726,-0.4325710959001453,1
-1.2273795611937608,0.686760772221084,-0.4325710959001453,1
-1.022839377182731,0.686760772221084,-0.4325710959001453,1
-0.5280520529898413,-0.5681218302071726,-0.4325710959001453,0
1.136889826295509,2.172673587295824,1.284973036327954,0
0.4535782081534356,-0.5681218302071726,-0.4325710959001453,0
-1.022839377182731,0.3839003938708738,-0.4325710959001453,1
-1.2273795611937608,1.1850884459564108,-0.4325710959001453,1
0.760983560843897,-0.5681218302071726,-0.4325710959001453,0
0.3758156392251084,-0.5681218302071726,-0.4325710959001453,0
-1.022839377182731,-0.0306338506285448,-0.4325710959001453,1
0.838045979536275,0.7230175523740379,1.667021894713126,0
-1.2273795611937608,-0.5681218302071726,-0.4325710959001453,0
-1.2273795611937608,-0.2290046717040085,-0.4325710959001453,0
-0.5954130541524439,0.2192838275796948,-0.4325710959001453,1
-0.3674054684639838,-0.5681218302071726,-0.4325710959001453,0
-1.2273795611937608,-0.0306338506285448,-0.4325710959001453,1
-1.022839377182731,0.3084833078746191,-0.4325710959001453,1
-0.415485466780634,1.0066894853665624,-0.4325710959001453,1
-0.415485466780634,-0.5681218302071726,-0.4325710959001453,0
-0.6731756230807712,0.9213883734495016,-0.4325710959001453,0
-0.0916970337920332,1.0066894853665624,1.3345972959078458,0
0.7307069858491658,-0.5681218302071726,-0.4325710959001453,0
0.1552595651522323,2.92335007543866,2.145568859297143,1
-0.5954130541524439,1.392436448127977,-0.4325710959001453,1
-0.415485466780634,0.7567718071583226,-0.4325710959001453,1
-0.877715807091801,0.6050307903411093,-0.4325710959001453,0
1.095736135836412,3.3490976519483926,0.3030828399198684,1
-0.0658217126786743,-0.5681218302071726,-0.4325710959001453,0
-1.5770433152957206,1.2487159821318428,-0.4325710959001453,1
0.2018580406300959,-0.5681218302071726,-0.4325710959001453,0
0.8252742046034711,1.7134314369796155,-0.4325710959001453,1
-1.022839377182731,-0.5681218302071726,-0.4325710959001453,0
0.2710702664904812,0.9658956466438964,-0.4325710959001453,0
-0.6731756230807712,1.1984931924996616,-0.4325710959001453,1
-0.1189716849677815,-0.5681218302071726,-0.4325710959001453,0
-0.877715807091801,1.0066894853665624,-0.4325710959001453,0
-0.415485466780634,-0.5681218302071726,-0.4325710959001453,0
1.5467444971004736,-0.5681218302071726,1.3807963763081137,0
-1.5770433152957206,-0.5681218302071726,-0.4325710959001453,1
-0.6731756230807712,0.686760772221084,-0.4325710959001453,1
0.6009488116435222,-0.5681218302071726,-0.4325710959001453,0
-1.022839377182731,-0.2290046717040085,-0.4325710959001453,1
-1.5770433152957206,0.3084833078746191,-0.4325710959001453,1
-1.5770433152957206,0.6050307903411093,-0.4325710959001453,1
-1.5770433152957206,0.5584009860828592,-0.4325710959001453,1
-1.022839377182731,-0.5681218302071726,-0.4325710959001453,1
-1.5770433152957206,0.3084833078746191,-0.4325710959001453,1
-0.2831336716225083,-0.5681218302071726,0.7672287963606622,0
0.0467448735305326,-0.5681218302071726,-0.4325710959001453,0
-0.0916970337920332,2.252455501471145,2.573114391071378,0
-1.022839377182731,-0.5681218302071726,-0.4325710959001453,0
-1.5770433152957206,0.2192838275796948,-0.4325710959001453,0
-0.5954130541524439,1.4510483037412485,-0.4325710959001453,1
0.6581183921644651,2.389352545691458,1.96702868862147,1
-0.877715807091801,0.8180069540049123,-0.4325710959001453,0
-1.5770433152957206,-0.5681218302071726,-0.4325710959001453,0
-1.5770433152957206,0.8459712874532468,-0.4325710959001453,1
1.2123223302774548,-0.5681218302071726,-0.4325710959001453,0
-1.022839377182731,0.7883468038054837,-0.4325710959001453,1
0.1712754552140784,-0.5681218302071726,-0.4325710959001453,0
1.8796263905182613,-0.5681218302071726,-0.4325710959001453,0
0.6271603261475461,1.1984931924996616,0.8704513394670519,0
-1.5770433152957206,-0.0306338506285448,-0.4325710959001453,1
-0.2109452827696042,-0.5681218302071726,-0.4325710959001453,0
-1.022839377182731,-0.5681218302071726,-0.4325710959001453,0
0.004682340171979,1.1119311452380842,-0.4325710959001453,0
1.0225767011321365,-0.5681218302071726,-0.4325710959001453,0
0.2710702664904812,-0.5681218302071726,-0.4325710959001453,1
-1.2273795611937608,0.8724232776792274,-0.4325710959001453,1
-0.5280520529898413,-0.5681218302071726,-0.4325710959001453,1
0.1867984696490057,1.1119311452380842,-0.4325710959001453,1
-1.5770433152957206,-0.0306338506285448,-0.4325710959001453,1
-1.5770433152957206,0.5068541289500829,0.3030828399198684,1
-1.5770433152957206,0.1101124867991555,-0.4325710959001453,1
-0.6731756230807712,-0.5681218302071726,-0.4325710959001453,0
0.3758156392251084,2.0116544095865794,1.502882732180676,1
-1.5770433152957206,1.0793028809228633,-0.4325710959001453,1
-1.5770433152957206,0.8724232776792274,-0.4325710959001453,1
-0.0658217126786743,-0.5681218302071726,-0.4325710959001453,0
-1.5770433152957206,-0.5681218302071726,-0.4325710959001453,1
-0.5954130541524439,0.7567718071583226,0.9598667734222364,1
0.5873139771947735,1.2366353030891872,2.2508236378620325,0
-0.3674054684639838,-0.5681218302071726,-0.4325710959001453,0
-1.5770433152957206,0.5584009860828592,-0.4325710959001453,1
-0.6731756230807712,0.3084833078746191,-0.4325710959001453,1
0.1216165568165608,-0.5681218302071726,-0.4325710959001453,0
-0.765149220882594,1.0793028809228633,1.038736775739882,1
-0.877715807091801,-0.5681218302071726,-0.4325710959001453,0
-1.022839377182731,-0.5681218302071726,-0.4325710959001453,0
-0.3235118689788113,-0.5681218302071726,-0.4325710959001453,0
-1.022839377182731,-0.5681218302071726,-0.4325710959001453,0
-0.0412091160394543,2.2807605331525047,-0.4325710959001453,1
-1.5770433152957206,0.8724232776792274,-0.4325710959001453,1
-1.022839377182731,-0.5681218302071726,-0.4325710959001453,1
0.4063982246411257,0.6050307903411093,-0.4325710959001453,0
-0.6731756230807712,1.0258779307242485,-0.4325710959001453,1
-1.5770433152957206,0.1101124867991555,-0.4325710959001453,1
0.0665300824794515,-0.5681218302071726,-0.4325710959001453,1
-1.5770433152957206,0.6050307903411093,-0.4325710959001453,1
1.564979910163694,-0.5681218302071726,-0.4325710959001453,0
-1.5770433152957206,0.3084833078746191,-0.4325710959001453,0
-1.5770433152957206,-0.5681218302071726,-0.4325710959001453,1
-0.3674054684639838,1.1850884459564108,-0.4325710959001453,0
-1.2273795611937608,-0.5681218302071726,-0.4325710959001453,1
-1.2273795611937608,0.5068541289500829,-0.4325710959001453,1
-0.5954130541524439,2.3289668456798975,2.3090882891897015,1
-1.5770433152957206,2.2585520618913124,-0.4325710959001453,1
-0.2109452827696042,-0.5681218302071726,-0.4325710959001453,0
-0.3674054684639838,0.6050307903411093,1.173110101473787,0
-0.4686354390697412,-0.5681218302071726,-0.4325710959001453,1
-0.3235118689788113,-0.5681218302071726,-0.4325710959001453,1
-1.022839377182731,-0.2290046717040085,-0.4325710959001453,1
1.4491692088254444,1.980580943114402,1.7743907115598958,0
-1.5770433152957206,0.5584009860828592,-0.4325710959001453,1
0.0467448735305326,-0.5681218302071726,-0.4325710959001453,0
-0.0658217126786743,-0.5681218302071726,-0.4325710959001453,0
-1.2273795611937608,0.5068541289500829,-0.4325710959001453,1
-1.5770433152957206,0.7567718071583226,-0.4325710959001453,1
-0.4686354390697412,2.391665753985944,0.4957208169814426,1
-1.022839377182731,1.2487159821318428,-0.4325710959001453,1
0.0467448735305326,-0.5681218302071726,-0.4325710959001453,0
-1.2273795611937608,-0.2290046717040085,-0.4325710959001453,1
-1.5770433152957206,0.3084833078746191,-0.4325710959001453,0
-1.022839377182731,-0.2290046717040085,-0.4325710959001453,1
0.4712803109185204,1.4741664300079511,0.6451424404881,0
-1.5770433152957206,-0.0306338506285448,-0.4325710959001453,1
-1.5770433152957206,0.6476004663777833,-0.4325710959001453,1
-0.877715807091801,-0.5681218302071726,-0.4325710959001453,0
-1.5770433152957206,0.3084833078746191,-0.4325710959001453,1
-0.2457493000504842,-0.5681218302071726,0.7672287963606622,0
-1.5770433152957206,0.5068541289500829,-0.4325710959001453,1
-1.022839377182731,-0.2290046717040085,0.3030828399198684,0
0.0855684990432483,1.7225764255350386,-0.4325710959001453,1
-1.5770433152957206,0.6050307903411093,-0.4325710959001453,1
-1.2273795611937608,1.0958889656614867,-0.4325710959001453,1
-0.5954130541524439,1.3743142784764515,-0.4325710959001453,1
-1.2273795611937608,-0.5681218302071726,-0.4325710959001453,0
-0.2831336716225083,0.7230175523740379,0.6451424404881,0
-1.5770433152957206,0.8180069540049123,-0.4325710959001453,1
0.3432586553433853,-0.5681218302071726,-0.4325710959001453,0
-1.5770433152957206,0.2192838275796948,-0.4325710959001453,1
-0.0916970337920332,-0.5681218302071726,-0.4325710959001453,0
0.5588862782849688,1.4099112572578554,1.667021894713126,0
-1.5770433152957206,0.4492296453023196,-0.4325710959001453,1
-1.5770433152957206,0.5068541289500829,-0.4325710959001453,1
-1.5770433152957206,0.3084833078746191,-0.4325710959001453,1
-1.5770433152957206,0.3839003938708738,-0.4325710959001453,1
0.784896007247168,-0.5681218302071726,-0.4325710959001453,1
0.0467448735305326,-0.5681218302071726,-0.4325710959001453,0
3.210539366268063,4.277111054976728,3.9308090814376415,0
-1.2273795611937608,-0.0306338506285448,-0.4325710959001453,1
-0.765149220882594,-0.5681218302071726,-0.4325710959001453,0
-1.2273795611937608,-0.0306338506285448,-0.4325710959001453,1
-1.5770433152957206,0.686760772221084,-0.4325710959001453,1
-1.2273795611937608,-0.5681218302071726,-0.4325710959001453,1
0.1712754552140784,2.232100071665332,-0.4325710959001453,1
-0.2831336716225083,0.7883468038054837,0.0315748605406486,1
-1.5770433152957206,0.5068541289500829,-0.4325710959001453,1
0.6640883809412628,2.009139017707032,0.4957208169814426,0
-0.1783882988878814,1.0793028809228633,-0.4325710959001453,1
0.6640883809412628,1.315534557827101,-0.4325710959001453,1
-1.5770433152957206,0.1101124867991555,0.3030828399198684,0
-0.877715807091801,-0.0306338506285448,-0.4325710959001453,0
0.6815857938418957,-0.5681218302071726,-0.4325710959001453,0
-1.5770433152957206,0.2192838275796948,-0.4325710959001453,1
-1.5770433152957206,0.3084833078746191,-0.4325710959001453,1
-1.5770433152957206,1.0793028809228633,-0.4325710959001453,1
-1.022839377182731,0.8459712874532468,-0.4325710959001453,1
-0.877715807091801,-0.5681218302071726,-0.4325710959001453,0
-0.765149220882594,-0.5681218302071726,-0.4325710959001453,0
0.5440482037570622,-0.5681218302071726,-0.4325710959001453,0
-1.022839377182731,0.2192838275796948,-0.4325710959001453,1
-0.1189716849677815,0.2192838275796948,-0.4325710959001453,0
-1.2273795611937608,-0.5681218302071726,-0.4325710959001453,0
-0.877715807091801,-0.5681218302071726,-0.4325710959001453,0
-1.022839377182731,1.2242487517997116,-0.4325710959001453,1
1.0167108424339464,-0.5681218302071726,0.4957208169814426,0
-1.5770433152957206,0.8724232776792274,-0.4325710959001453,1
-1.5770433152957206,1.142518769919737,-0.4325710959001453,1
-0.6731756230807712,0.4492296453023196,-0.4325710959001453,1
-1.5770433152957206,0.8180069540049123,-0.4325710959001453,1
0.2018580406300959,1.4741664300079511,-0.4325710959001453,1
-1.022839377182731,0.2192838275796948,0.0315748605406486,1
1.583539031523718,2.6177016644530564,3.1085639295546086,0
-1.5770433152957206,0.686760772221084,-0.4325710959001453,1
-1.5770433152957206,2.2585520618913124,-0.4325710959001453,1
-1.2273795611937608,0.1101124867991555,-0.4325710959001453,1
0.0261518851231485,1.4588763530281292,-0.4325710959001453,1
-1.5770433152957206,0.3084833078746191,-0.4325710959001453,1
-1.5770433152957206,-0.5681218302071726,-0.4325710959001453,0
-0.6731756230807712,-0.5681218302071726,-0.4325710959001453,0
-0.0177417143620239,-0.5681218302071726,-0.4325710959001453,0
0.5364622237509654,-0.5681218302071726,-0.4325710959001453,0
-1.2273795611937608,0.7230175523740379,-0.4325710959001453,1
-0.6731756230807712,-0.2290046717040085,-0.4325710959001453,0
0.930019577338098,1.6700218592038678,-0.4325710959001453,0
1.496907703238256,2.6480028279461587,3.0914371373982847,0
-0.6731756230807712,0.3084833078746191,-0.4325710959001453,0
0.8165764345851058,-0.5681218302071726,-0.4325710959001453,0
0.6459621855374788,3.0217389896064875,3.245698583199923,1
0.2445137053491873,1.3359226179489203,1.2313747528014565,0
-0.4686354390697412,-0.5681218302071726,-0.4325710959001453,0
-0.5954130541524439,1.5173629384722735,-0.4325710959001453,1
0.5129948220735353,-0.5681218302071726,-0.4325710959001453,0
-1.5770433152957206,1.4741664300079511,-0.4325710959001453,1
-1.022839377182731,0.5584009860828592,-0.4325710959001453,1
-1.5770433152957206,0.686760772221084,-0.4325710959001453,1
0.8165764345851058,-0.5681218302071726,-0.4325710959001453,0
0.0467448735305326,0.9213883734495016,0.4957208169814426,0
0.5364622237509654,-0.5681218302071726,-0.4325710959001453,0
0.1867984696490057,2.3668137476663405,-0.4325710959001453,1
0.1216165568165608,0.7230175523740379,-0.4325710959001453,1
-1.2273795611937608,0.5068541289500829,-0.4325710959001453,1
1.8256462294563496,2.3668137476663405,2.226020021899878,0
-1.5770433152957206,1.5996226904558295,-0.4325710959001453,1
1.4390544205606728,-0.5681218302071726,-0.4325710959001453,0
-1.022839377182731,-0.5681218302071726,-0.4325710959001453,0
-1.5770433152957206,1.3554949335835398,-0.4325710959001453,1
-1.5770433152957206,0.5584009860828592,-0.4325710959001453,1
-0.5280520529898413,-0.5681218302071726,-0.4325710959001453,0
-0.6731756230807712,-0.5681218302071726,-0.4325710959001453,0
-1.2273795611937608,1.3554949335835398,-0.4325710959001453,1
-1.5770433152957206,0.9867176248809476,-0.4325710959001453,1
-1.5770433152957206,1.4588763530281292,-0.4325710959001453,1
-1.5770433152957206,0.8180069540049123,-0.4325710959001453,1
0.6581183921644651,0.9658956466438964,-0.4325710959001453,0
-1.2273795611937608,0.4492296453023196,-0.4325710959001453,1
